time,x,y,z
0,-0.002,0.09995,0.00085
0.001,-0.392787,0.476257,0.0701494
0.002,-0.119689,-0.554977,-0.0226297
0.003,0.0020139,-0.472964,0.444657
0.004,0.0570081,0.345314,0.143225
0.005,-0.133765,0.486165,0.132317
0.006,-0.488877,0.338696,-0.0353773
0.007,-0.024447,-0.470409,0.0633098
0.008,0.0711328,-0.16683,0.261349
0.009,0.00815969,0.466859,0.175168
0.01,-0.137995,0.331488,0.0434042
0.011,-0.417047,-0.184562,-0.245778
0.012,0.00977783,-0.533079,0.208633
0.013,0.0606822,-0.0438228,0.200681
0.014,-0.0535287,0.556127,0.200511
0.015,-0.238795,0.363223,0.0305431
0.016,-0.4564,-0.5313,-0.290677
0.017,0.0719118,-0.307886,0.161791
0.018,0.0625792,0.114344,0.138157
0.019,-0.128264,0.648485,0.242089
0.02,-0.175225,0.0869366,-0.0753425
0.021,-0.285857,-0.866578,-0.0175207
0.022,0.0950536,-0.216978,0.222296
0.023,0.0407951,0.202931,0.11048
0.024,-0.194128,0.637125,0.219063
0.025,-0.240542,-0.0631097,-0.146871
0.026,-0.258433,-1.05322,0.277219
0.027,0.109477,-0.00665461,0.132845
0.028,0.00824149,0.338095,0.118315
0.029,-0.297641,0.715083,0.261773
0.03,-0.178199,-0.273105,-0.140406
0.031,-0.0688788,-0.773702,0.4289
0.032,0.104802,0.132461,0.145665
0.033,-0.0223797,0.304552,0.0839349
0.034,-0.350024,0.561095,0.136625
0.035,-0.192261,-0.533703,-0.108306
0.036,-0.0479583,-0.663053,0.530842
0.037,0.0786554,0.267114,0.131165
0.038,-0.0788781,0.404808,0.104081
0.039,-0.452335,0.494005,0.0738147
0.04,-0.0725034,-0.512625,0.0156219
0.041,0.0524314,-0.303317,0.329482
0.042,0.0403442,0.399372,0.159115
0.043,-0.0984686,0.315277,0.0501187
0.044,-0.451833,0.108362,-0.153848
0.045,-0.0217629,-0.551906,0.13601
0.046,0.0568665,-0.145654,0.257286
0.047,-0.0130811,0.478389,0.169077
0.048,-0.196587,0.39867,0.0621172
0.049,-0.504024,-0.219197,-0.284366
0.05,0.0457115,-0.39106,0.154449
0.051,0.0683358,0.0340471,0.167596
0.052,-0.0814988,0.600011,0.221052
0.053,-0.161355,0.165751,-0.0407244
0.054,-0.367034,-0.714834,-0.190522
0.055,0.0835353,-0.28712,0.197778
0.056,0.052337,0.137266,0.124082
0.057,-0.153818,0.647915,0.235426
0.058,-0.231106,0.066476,-0.104429
0.059,-0.340919,-1.0059,0.0418472
0.06,0.104681,-0.0951833,0.137844
0.061,0.0313726,0.296083,0.120577
0.062,-0.247227,0.72686,0.278436
0.063,-0.181994,-0.150113,-0.134874
0.064,-0.17606,-0.96942,0.380014
0.065,0.109102,0.0270253,0.165772
0.066,-0.000972409,0.276393,0.0882884
0.067,-0.310343,0.632832,0.195799
0.068,-0.186582,-0.371912,-0.140198
0.069,-0.0860144,-0.800171,0.525381
0.07,0.0933567,0.18558,0.122495
0.071,-0.064126,0.458085,0.139552
0.072,-0.417197,0.619233,0.171229
0.073,-0.0984826,-0.451757,-0.0442186
0.074,0.0127284,-0.478115,0.422128
0.075,0.0662567,0.327591,0.146174
0.076,-0.0804712,0.343203,0.0713985
0.077,-0.44781,0.329375,-0.0341681
0.078,-0.101708,-0.696457,0.113579
0.079,0.0366458,-0.27887,0.33775
0.08,0.0199181,0.435939,0.162518
0.081,-0.179794,0.471301,0.110301
0.082,-0.509457,0.0486561,-0.194589
0.083,0.0164372,-0.44609,0.126265
0.084,0.069756,-0.0518811,0.207311
0.085,-0.0406585,0.550205,0.202371
0.086,-0.167555,0.27099,0.00321977
0.087,-0.386196,-0.501367,-0.254602
0.088,0.050809,-0.432212,0.246703
0.089,0.0554287,0.0529491,0.1499
0.09,-0.108016,0.610758,0.220226
0.091,-0.214334,0.168035,-0.0592048
0.092,-0.383858,-0.843895,-0.141751
0.093,0.0948266,-0.179966,0.144706
0.094,0.0488913,0.221965,0.120181
0.095,-0.195501,0.70104,0.266834
0.096,-0.195035,-0.0372722,-0.120269
0.097,-0.2067,-0.948064,0.220272
0.098,0.109307,-0.0676087,0.182458
0.099,0.0181187,0.264826,0.100611
0.1,-0.257668,0.641285,0.210505
0.101,-0.278266,-0.255229,-0.196957
0.102,-0.166472,-0.974744,0.491481
0.103,0.104715,0.106339,0.125037
0.104,-0.0260834,0.386524,0.119174
0.105,-0.363144,0.669252,0.216852
0.106,-0.140465,-0.403926,-0.0984535
0.107,-0.00996111,-0.596921,0.439059
0.108,0.0864215,0.241803,0.142462
0.109,-0.0590102,0.357927,0.088416
0.11,-0.389907,0.40701,0.0246619
0.111,-0.148321,-0.665217,0.008585
0.112,0.0170295,-0.414555,0.409654
0.113,0.0473854,0.35324,0.138609
0.114,-0.12465,0.424238,0.0982946
0.115,-0.490113,0.264208,-0.0804569
0.116,-0.0220849,-0.506756,0.0939203
0.117,0.0716743,-0.13747,0.24825
0.118,-0.00324775,0.492726,0.182876
0.119,-0.130428,0.283815,0.0225684
0.12,-0.411685,-0.258279,-0.258025
0.121,0.022824,-0.500251,0.210809
0.122,0.0594888,-0.0207427,0.187781
0.123,-0.065372,0.569366,0.205052
0.124,-0.229128,0.308961,0.00331335
0.125,-0.461909,-0.600479,-0.285559
0.126,0.078099,-0.268798,0.149287
0.127,0.0658361,0.170393,0.133606
0.128,-0.144381,0.671272,0.254836
0.129,-0.174608,0.0597965,-0.0839932
0.13,-0.263726,-0.889592,0.0345067
0.131,0.103112,-0.165348,0.19212
0.132,0.0354733,0.210761,0.105809
0.133,-0.21883,0.682809,0.248628
0.134,-0.27844,-0.0874224,-0.16886
0.135,-0.220114,-1.02004,0.327867
0.136,0.108289,0.019773,0.127207
0.137,-0.000502382,0.364185,0.123518
0.138,-0.316134,0.720896,0.264053
0.139,-0.146001,-0.281568,-0.118443
0.14,-0.0632158,-0.7583,0.452115
0.141,0.102096,0.156954,0.143354
0.142,-0.0281331,0.308387,0.0819277
0.143,-0.371872,0.569261,0.139371
0.144,-0.149439,-0.509373,-0.0759588
0.145,-0.0295142,-0.601869,0.503928
0.146,0.0729702,0.286763,0.132566
0.147,-0.0834346,0.393968,0.096418
0.148,-0.453591,0.433776,0.031928
0.149,-0.0494347,-0.471565,0.0252767
0.15,0.0577183,-0.264873,0.311293
0.151,0.0314418,0.421884,0.16386
0.152,-0.113806,0.333176,0.0529908
0.153,-0.471361,0.0752796,-0.173637
0.154,-0.0403149,-0.656613,0.222292
0.155,0.0507056,-0.130265,0.248852
0.156,-0.0248204,0.507819,0.181395
0.157,-0.173605,0.317792,0.0245423
0.158,-0.476407,-0.334175,-0.295041
0.159,0.0552727,-0.352775,0.147591
0.16,0.0783504,0.103398,0.15196
0.161,-0.0967164,0.624495,0.233236
0.162,-0.16497,0.144916,-0.0502619
0.163,-0.343991,-0.767865,-0.146708
0.164,0.0857393,-0.282008,0.220127
0.165,0.0483056,0.148992,0.118384
0.166,-0.169103,0.665755,0.245269
0.167,-0.290152,0.0822506,-0.119412
0.168,-0.320916,-1.0355,0.109967
0.169,0.107893,-0.0721091,0.14176
0.17,0.0252497,0.275359,0.109744
0.171,-0.257098,0.708739,0.262588
0.172,-0.161591,-0.179927,-0.126452
0.173,-0.137846,-0.911129,0.409242
0.174,0.110584,0.0739788,0.14094
0.175,-0.00988447,0.318742,0.0981831
0.176,-0.314815,0.588092,0.161766
0.177,-0.219378,-0.453566,-0.151991
0.178,-0.0820338,-0.778073,0.549376
0.179,0.0888721,0.209006,0.123063
0.18,-0.0726949,0.458308,0.136317
0.181,-0.418366,0.560423,0.126519
0.182,-0.0829429,-0.449729,-0.027669
0.183,0.0393243,-0.391429,0.365578
0.184,0.0585751,0.342307,0.149435
0.185,-0.0829276,0.323576,0.0606779
0.186,-0.444807,0.248901,-0.080515
0.187,-0.0515717,-0.581525,0.0998499
0.188,0.0434497,-0.235543,0.311342
0.189,0.00972192,0.456159,0.167895
0.19,-0.191425,0.464966,0.103348
0.191,-0.509687,-0.0349227,-0.228985
0.192,0.0264856,-0.429171,0.136232
0.193,0.0699742,-0.0223387,0.19311
0.194,-0.0531446,0.565255,0.207457
0.195,-0.157809,0.221879,-0.0159014
0.196,-0.397713,-0.561345,-0.253728
0.197,0.0665905,-0.361973,0.207836
0.198,0.0551475,0.0789571,0.1403
0.199,-0.116893,0.60094,0.211068
0.2,-0.261399,0.191866,-0.063973
0.201,-0.383559,-0.899427,-0.105498
0.202,0.0994089,-0.169308,0.156602
0.203,0.0440115,0.225138,0.116086
0.204,-0.207646,0.706819,0.269194
0.205,-0.193809,-0.0647572,-0.126036
0.206,-0.192636,-0.948005,0.259974
0.207,0.11128,-0.0381639,0.171796
0.208,0.0135703,0.249173,0.0920248
0.209,-0.277578,0.665397,0.225621
0.21,-0.201393,-0.275415,-0.155007
0.211,-0.129911,-0.905111,0.491131
0.212,0.101489,0.12617,0.121766
0.213,-0.0368274,0.414901,0.128024
0.214,-0.380341,0.670364,0.21568
0.215,-0.113984,-0.387387,-0.0786362
0.216,-0.0103145,-0.584062,0.451816
0.217,0.0820329,0.267049,0.136908
0.218,-0.0653887,0.358028,0.0854994
0.219,-0.40349,0.385726,0.00868586
0.22,-0.133618,-0.671015,0.0343653
0.221,0.0244085,-0.375868,0.389002
0.222,0.0407703,0.370319,0.141912
0.223,-0.135291,0.429892,0.0981379
0.224,-0.489266,0.199792,-0.116248
0.225,-0.01319,-0.501724,0.107841
0.226,0.07696,-0.100087,0.229316
0.227,-0.0117135,0.502225,0.185494
0.228,-0.143484,0.29113,0.021323
0.229,-0.462797,-0.254835,-0.27733
0.23,0.015881,-0.545322,0.27209
0.231,0.0567272,-0.00576349,0.178214
0.232,-0.0762609,0.578446,0.207524
0.233,-0.204533,0.236835,-0.0252768
0.234,-0.427286,-0.681634,-0.246192
0.235,0.0834797,-0.245645,0.149774
0.236,0.0631504,0.198512,0.130908
0.237,-0.154497,0.667227,0.249702
0.238,-0.173309,0.0293662,-0.0926613
0.239,-0.264474,-0.933877,0.0810577
0.24,0.106658,-0.131311,0.182177
0.241,0.0304038,0.218551,0.101688
0.242,-0.232081,0.681332,0.245209
0.243,-0.254043,-0.14079,-0.169579
0.244,-0.215015,-1.03243,0.384417
0.245,0.109169,0.042122,0.129944
0.246,-0.00343209,0.334773,0.109152
0.247,-0.325666,0.701303,0.24707
0.248,-0.163858,-0.333886,-0.127658
0.249,-0.0375098,-0.692477,0.436373
0.25,0.0987823,0.186014,0.138838
0.251,-0.0377655,0.330661,0.0862464
0.252,-0.39111,0.56355,0.132471
0.253,-0.19063,-0.626786,-0.0668849
0.254,-0.0212726,-0.558296,0.49275
0.255,0.0659753,0.311981,0.136147
0.256,-0.095944,0.405407,0.097779
0.257,-0.468253,0.393367,0.00285812
0.258,-0.0512821,-0.524476,0.0549957
0.259,0.06956,-0.208118,0.278693
0.26,0.0211204,0.444463,0.169518
0.261,-0.116677,0.311976,0.0413485
0.262,-0.435608,-0.063856,-0.218178
0.263,-0.0163217,-0.599877,0.215395
0.264,0.0540206,-0.0984856,0.230031
0.265,-0.0336414,0.509032,0.178474
0.266,-0.201891,0.344607,0.0302151
0.267,-0.474037,-0.407714,-0.300678
0.268,0.0606019,-0.356719,0.169723
0.269,0.0745966,0.120222,0.14626
0.27,-0.107003,0.62765,0.232751
0.271,-0.167499,0.121361,-0.0600646
0.272,-0.332018,-0.818211,-0.106307
0.273,0.0935381,-0.235191,0.197561
0.274,0.0432881,0.155017,0.112212
0.275,-0.180794,0.660453,0.238934
0.276,-0.22387,-0.0113905,-0.126141
0.277,-0.275088,-1.02458,0.183793
0.278,0.107491,-0.0425446,0.132026
0.279,0.018544,0.306313,0.113995
0.28,-0.277793,0.723636,0.271368
0.281,-0.16756,-0.215499,-0.132422
0.282,-0.125735,-0.893554,0.439887
0.283,0.10912,0.0963288,0.14473
0.284,-0.0145564,0.309275,0.0911032
0.285,-0.348383,0.641899,0.197366
0.286,-0.23195,-0.50931,-0.149432
0.287,-0.0680115,-0.732486,0.546639
0.288,0.085816,0.23613,0.128525
0.289,-0.065492,0.392578,0.103181
0.29,-0.428787,0.522595,0.0974707
0.291,-0.0715266,-0.456795,-0.0111611
0.292,0.0367211,-0.371709,0.368928
0.293,0.0502273,0.371375,0.150616
0.294,-0.101261,0.35619,0.0695292
0.295,-0.428624,0.143329,-0.131773
0.296,-0.0718892,-0.687651,0.171764
0.297,0.0443132,-0.204635,0.294077
0.298,-0.000120906,0.456615,0.162844
0.299,-0.189085,0.424875,0.0795535
0.3,-0.502288,-0.118931,-0.256156
0.301,0.0350314,-0.407598,0.139236
0.302,0.0758206,0.0194881,0.177012
0.303,-0.0645138,0.582352,0.214027
0.304,-0.176077,0.228609,-0.0194709
0.305,-0.361584,-0.630719,-0.214754
0.306,0.0688463,-0.362581,0.236059
0.307,0.0531197,0.0980249,0.132615
0.308,-0.129087,0.608134,0.212919
0.309,-0.240637,0.127655,-0.0848693
0.31,-0.358048,-0.948124,-0.0382777
0.311,0.103493,-0.145792,0.160518
0.312,0.0397783,0.290234,0.125372
0.313,-0.226172,0.717652,0.274493
0.314,-0.169962,-0.105343,-0.121842
0.315,-0.171243,-0.937915,0.311946
0.316,0.112311,-0.0011379,0.161602
0.317,0.00666946,0.277532,0.0948733
0.318,-0.300612,0.681128,0.234436
0.319,-0.261847,-0.356086,-0.190949
0.32,-0.1254,-0.893138,0.535839
0.321,0.0982265,0.152846,0.121703
0.322,-0.0485488,0.434334,0.132921
0.323,-0.38621,0.622036,0.177166
0.324,-0.103727,-0.409906,-0.0631684
0.325,0.00207899,-0.532135,0.43802
0.326,0.0749445,0.295046,0.139819
0.327,-0.0762167,0.367121,0.0853258
0.328,-0.404438,0.312183,-0.0363176
0.329,-0.104709,-0.653206,0.0660725
0.33,0.022653,-0.343271,0.379613
0.331,0.0308811,0.402308,0.151302
0.332,-0.13472,0.39217,0.0769087
0.333,-0.493569,0.121409,-0.157251
0.334,-0.00107037,-0.48975,0.124066
0.335,0.0804462,-0.0584774,0.210259
0.336,-0.0244866,0.521694,0.191503
0.337,-0.139473,0.250417,0.00366886
0.338,-0.435065,-0.376796,-0.2814
0.339,0.0478618,-0.421186,0.200113
0.34,0.0620525,0.0396287,0.161023
0.341,-0.0892932,0.583608,0.206987
0.342,-0.242151,0.254666,-0.028274
0.343,-0.432502,-0.757108,-0.22468
0.344,0.089087,-0.219186,0.150181
0.345,0.0589653,0.228199,0.129253
0.346,-0.175678,0.694788,0.265844
0.347,-0.180812,0.000717793,-0.10404
0.348,-0.247837,-0.956428,0.139945
0.349,0.109756,-0.0909339,0.165686
0.35,0.025735,0.245905,0.10258
0.351,-0.239235,0.649256,0.219636
0.352,-0.281271,-0.18453,-0.189677
0.353,-0.195003,-1.01476,0.436293
0.354,0.106155,0.0696427,0.123326
0.355,-0.0134914,0.362187,0.114781
0.356,-0.346143,0.698962,0.24262
0.357,-0.139895,-0.347871,-0.107861
0.358,-0.0459927,-0.701937,0.479452
0.359,0.0941287,0.212677,0.13613
0.36,-0.045091,0.335813,0.0846634
0.361,-0.403569,0.534808,0.109765
0.362,-0.177634,-0.654381,-0.0365183
0.363,-0.00908051,-0.505751,0.468294
0.364,0.0584668,0.331119,0.137583
0.365,-0.105049,0.406048,0.0947895
0.366,-0.477952,0.344628,-0.0298851
0.367,-0.0414686,-0.528386,0.0745855
0.368,0.0733107,-0.17157,0.261598
0.369,0.0113418,0.463303,0.174536
0.37,-0.121295,0.298694,0.0331305
0.371,-0.417921,-0.155606,-0.23916
0.372,0.00735422,-0.531856,0.197087
0.373,0.0573878,-0.062534,0.209859
0.374,-0.0469889,0.536989,0.190642
0.375,-0.196948,0.301195,0.008719
0.376,-0.479633,-0.478612,-0.304822
0.377,0.0690763,-0.306454,0.150407
0.378,0.0733815,0.151644,0.140755
0.379,-0.124439,0.654563,0.247233
0.38,-0.184273,0.109975,-0.0709028
0.381,-0.348582,-0.878026,-0.0833415
0.382,0.0911639,-0.238243,0.233634
0.383,0.0394462,0.174223,0.107409
0.384,-0.193172,0.652594,0.230641
0.385,-0.252787,-0.0390143,-0.145787
0.386,-0.259675,-1.04203,0.251412
0.387,0.111265,-0.0215465,0.14276
0.388,0.0086472,0.364436,0.129274
0.389,-0.296507,0.728382,0.27265
0.39,-0.166272,-0.254173,-0.132693
0.391,-0.116379,-0.877381,0.47742
0.392,0.104479,0.11816,0.150067
0.393,-0.0212455,0.309042,0.0865804
0.394,-0.342707,0.558642,0.135974
0.395,-0.220903,-0.552841,-0.127503
0.396,-0.0511997,-0.675325,0.533744
0.397,0.0796247,0.259427,0.129171
0.398,-0.0744797,0.395845,0.101076
0.399,-0.440202,0.481473,0.0666602
0.4,-0.0610683,-0.465611,0.00623823
0.401,0.0476329,-0.319038,0.340486
0.402,0.0415341,0.395829,0.156371
0.403,-0.106626,0.34425,0.0613364
0.404,-0.460079,0.136834,-0.14225
0.405,-0.0430187,-0.629639,0.172554
0.406,0.0468261,-0.171657,0.27413
0.407,-0.0112016,0.483104,0.172712
0.408,-0.175738,0.360891,0.0468007
0.409,-0.505346,-0.198338,-0.279699
0.41,0.0433277,-0.399802,0.155816
0.411,0.0703837,0.0343519,0.168668
0.412,-0.0792582,0.602025,0.222996
0.413,-0.181474,0.204509,-0.0320704
0.414,-0.344905,-0.696894,-0.179726
0.415,0.0782178,-0.320011,0.22501
0.416,0.0523097,0.128977,0.125254
0.417,-0.152595,0.657234,0.242515
0.418,-0.284393,0.128867,-0.0987418
0.419,-0.344008,-0.998541,0.0293035
0.42,0.10409,-0.100043,0.137608
0.421,0.0323871,0.272838,0.115058
0.422,-0.243304,0.720658,0.274089
0.423,-0.175555,-0.142669,-0.130389
0.424,-0.166437,-0.949046,0.365005
0.425,0.112307,0.0373748,0.147282
0.426,0.000132038,0.28555,0.0924726
0.427,-0.312703,0.659025,0.215514
0.428,-0.224063,-0.389631,-0.16461
0.429,-0.104263,-0.841818,0.544256
0.43,0.0944646,0.17659,0.12162
0.431,-0.0548858,0.426312,0.125796
0.432,-0.411986,0.627776,0.178469
0.433,-0.0989011,-0.43791,-0.0495563
0.434,0.0263214,-0.454286,0.391311
0.435,0.068449,0.310058,0.145954
0.436,-0.0732128,0.326052,0.0661921
0.437,-0.433676,0.31838,-0.0382418
0.438,-0.0652097,-0.571253,0.0660496
0.439,0.039985,-0.281374,0.33608
0.44,0.0219942,0.41276,0.151121
0.441,-0.152655,0.409092,0.080775
0.442,-0.500021,0.0528952,-0.190477
0.443,0.00948436,-0.476436,0.137131
0.444,0.0825645,-0.022839,0.195219
0.445,-0.0380216,0.548921,0.202408
0.446,-0.14627,0.237583,-0.00465757
0.447,-0.396335,-0.474674,-0.262397
0.448,0.0396167,-0.474974,0.276392
0.449,0.0560362,0.0475719,0.152639
0.45,-0.10206,0.595489,0.211353
0.451,-0.251157,0.229518,-0.0432167
0.452,-0.417233,-0.824423,-0.182462
0.453,0.0942306,-0.200674,0.156921
0.454,0.0489606,0.194727,0.118183
0.455,-0.186847,0.689474,0.259724
0.456,-0.176042,-0.0326774,-0.110275
0.457,-0.201017,-0.9274,0.199999
0.458,0.111263,-0.0646286,0.168373
0.459,0.0195274,0.244448,0.0963471
0.46,-0.257438,0.658287,0.223381
0.461,-0.220578,-0.233602,-0.16448
0.462,-0.175447,-0.989366,0.479258
0.463,0.106497,0.0973867,0.128121
0.464,-0.018895,0.351341,0.106647
0.465,-0.353996,0.663852,0.213753
0.466,-0.123737,-0.364471,-0.0919402
0.467,-0.0163636,-0.616811,0.44693
0.468,0.08858,0.238749,0.141072
0.469,-0.0503815,0.324819,0.0767145
0.47,-0.390969,0.428802,0.038622
0.471,-0.159914,-0.673215,-0.00161063
0.472,0.00230459,-0.452771,0.441193
0.473,0.0503595,0.351361,0.140112
0.474,-0.129755,0.452172,0.112954
0.475,-0.494287,0.304616,-0.0572509
0.476,-0.0206537,-0.481617,0.0775818
0.477,0.068245,-0.157511,0.259099
0.478,0.00133574,0.480963,0.177958
0.479,-0.143193,0.325396,0.0384923
0.48,-0.416025,-0.230962,-0.255004
0.481,0.0109209,-0.544571,0.235341
0.482,0.0561723,-0.0393168,0.196117
0.483,-0.0602504,0.557899,0.19929
0.484,-0.193179,0.259951,-0.0106037
0.485,-0.44471,-0.585749,-0.277882
0.486,0.0763268,-0.277279,0.150128
0.487,0.0683858,0.172344,0.135463
0.488,-0.136771,0.654628,0.244497
0.489,-0.171407,0.064931,-0.0809898
0.49,-0.300166,-0.909538,0.0017701
0.491,0.103501,-0.158005,0.173649
0.492,0.0371667,0.211727,0.107683
0.493,-0.206975,0.649933,0.226003
0.494,-0.285007,-0.06988,-0.167097
0.495,-0.238985,-1.04253,0.314968
0.496,0.111535,0.00674054,0.139995
0.497,0.000154196,0.37962,0.130699
0.498,-0.313147,0.724652,0.26747
0.499,-0.161881,-0.289439,-0.129178
0.5,-0.0944068,-0.828684,0.49039
0.501,0.101187,0.145214,0.147499
0.502,-0.0276823,0.309434,0.0826633
0.503,-0.360507,0.543996,0.12269
0.504,-0.174453,-0.545874,-0.0868624
0.505,-0.029521,-0.604858,0.50289
0.506,0.0744962,0.287371,0.134823
0.507,-0.106543,0.482043,0.138275
0.508,-0.466298,0.470942,0.0556563
0.509,-0.0520931,-0.476439,0.0241437
0.51,0.0640807,-0.25358,0.299771
0.511,0.0323007,0.420016,0.16302
0.512,-0.111129,0.328071,0.051439
0.513,-0.466981,0.0744066,-0.172957
0.514,-0.0405147,-0.653771,0.216635
0.515,0.0533023,-0.128923,0.248084
0.516,-0.0226792,0.505892,0.181149
0.517,-0.17365,0.323919,0.0277042
0.518,-0.473947,-0.320853,-0.292322
0.519,0.0542694,-0.349963,0.14215
0.52,0.0737234,0.0800353,0.155209
0.521,-0.094223,0.618412,0.229436
0.522,-0.188566,0.179825,-0.045167
0.523,-0.328078,-0.760725,-0.135661
0.524,0.083467,-0.29327,0.231654
0.525,0.0471638,0.140072,0.117975
0.526,-0.15919,0.625514,0.218054
0.527,-0.243031,0.0420074,-0.117306
0.528,-0.312746,-1.02399,0.109233
0.529,0.108642,-0.0796813,0.148382
0.53,0.0254236,0.31306,0.121363
0.531,-0.260311,0.726238,0.27599
0.532,-0.1622,-0.173545,-0.126257
0.533,-0.144371,-0.9219,0.404906
0.534,0.111066,0.067777,0.143787
0.535,-0.00662944,0.294306,0.0906593
0.536,-0.324186,0.633453,0.194244
0.537,-0.177227,-0.395262,-0.130004
0.538,-0.0702706,-0.75684,0.521393
0.539,0.0896546,0.20404,0.122567
0.54,-0.0675031,0.442204,0.129247
0.541,-0.425967,0.592837,0.149916
0.542,-0.0838555,-0.442396,-0.0315561
0.543,0.023034,-0.435098,0.400941
0.544,0.0602233,0.344789,0.147009
0.545,-0.088711,0.350869,0.0717955
0.546,-0.452274,0.284496,-0.0617047
0.547,-0.0869155,-0.685928,0.133217
0.548,0.0460581,-0.237942,0.310915
0.549,0.0119474,0.432948,0.156118
0.55,-0.161089,0.396527,0.0710631
0.551,-0.503479,-0.0258243,-0.223863
0.552,0.023807,-0.433731,0.133486
0.553,0.0702056,-0.0296486,0.196636
0.554,-0.0498478,0.562369,0.206728
0.555,-0.169615,0.251919,-0.00651543
0.556,-0.378154,-0.553125,-0.243003
0.557,0.0565314,-0.412708,0.250426
0.558,0.0560609,0.074837,0.142566
0.559,-0.11519,0.60801,0.216405
0.56,-0.246616,0.184645,-0.0626537
0.561,-0.386219,-0.884962,-0.118167
0.562,0.098748,-0.181298,0.163087
0.563,0.0478589,0.265861,0.12603
0.564,-0.205684,0.709995,0.271992
0.565,-0.171213,-0.0636985,-0.114774
0.566,-0.216685,-0.979857,0.251117
0.567,0.112467,-0.0314414,0.157007
0.568,0.0143417,0.262551,0.0966174
0.569,-0.281181,0.688572,0.243068
0.57,-0.270725,-0.290642,-0.195401
0.571,-0.150996,-0.946907,0.508607
0.572,0.101894,0.120847,0.121491
0.573,-0.0314858,0.390747,0.118422
0.574,-0.3732,0.658091,0.206818
0.575,-0.135279,-0.422802,-0.0894512
0.576,0.00228863,-0.556093,0.423745
0.577,0.0823302,0.257367,0.142964
0.578,-0.057828,0.327859,0.0743634
0.579,-0.397335,0.380827,0.00670352
0.58,-0.144404,-0.688477,0.032003
0.581,0.0120802,-0.403429,0.414159
0.582,0.0421484,0.371536,0.14354
0.583,-0.147577,0.472134,0.119653
0.584,-0.480724,0.201269,-0.113744
0.585,-0.00708598,-0.458761,0.0863925
0.586,0.0750319,-0.110344,0.234585
0.587,-0.010349,0.504934,0.18719
0.588,-0.132455,0.271636,0.0160729
0.589,-0.423472,-0.290894,-0.267726
0.59,0.0205493,-0.524086,0.246964
0.591,0.0588785,-0.00813223,0.180871
0.592,-0.0707264,0.566554,0.201431
0.593,-0.208752,0.2563,-0.0173397
0.594,-0.455003,-0.642711,-0.273731
0.595,0.0811336,-0.256205,0.149754
0.596,0.064653,0.18735,0.132074
0.597,-0.148622,0.664111,0.248701
0.598,-0.172684,0.0422426,-0.0885806
0.599,-0.278045,-0.928099,0.0526032
0.6,0.105975,-0.137645,0.175046
0.601,0.0330368,0.217435,0.104227
0.602,-0.227204,0.687757,0.250979
0.603,-0.289247,-0.107147,-0.178043
0.604,-0.23056,-1.04962,0.365473
0.605,0.109596,0.032956,0.131164
0.606,-0.000479268,0.325239,0.107247
0.607,-0.3169,0.692885,0.241508
0.608,-0.141944,-0.299774,-0.114448
0.609,-0.052795,-0.730556,0.455028
0.61,0.099779,0.173924,0.142383
0.611,-0.0324581,0.311948,0.0808539
0.612,-0.379725,0.552409,0.125919
0.613,-0.142361,-0.52467,-0.0626452
0.614,-0.021621,-0.56946,0.491864
0.615,0.0687102,0.300148,0.133667
0.616,-0.0890807,0.395332,0.0949199
0.617,-0.458642,0.402218,0.010148
0.618,-0.0422713,-0.470229,0.0349775
0.619,0.054079,-0.25588,0.312153
0.62,0.0249945,0.434436,0.165364
0.621,-0.120607,0.334151,0.0509602
0.622,-0.458606,0.00236136,-0.200903
0.623,-0.00829775,-0.556178,0.177778
0.624,0.0533377,-0.108314,0.235809
0.625,-0.0301253,0.503879,0.176782
0.626,-0.197972,0.347318,0.0328231
0.627,-0.478179,-0.379502,-0.30051
0.628,0.0576742,-0.369214,0.172596
0.629,0.0772477,0.121798,0.147597
0.63,-0.106616,0.636513,0.238827
0.631,-0.172896,0.134486,-0.0573496
0.632,-0.33417,-0.803597,-0.117466
0.633,0.090899,-0.252576,0.208519
0.634,0.0465212,0.165207,0.115452
0.635,-0.179399,0.670998,0.24708
0.636,-0.290619,0.0495061,-0.131835
0.637,-0.305519,-1.04977,0.158898
0.638,0.109405,-0.0544436,0.142431
0.639,0.0207893,0.287603,0.109682
0.64,-0.269448,0.71264,0.263824
0.641,-0.170443,-0.207387,-0.133723
0.642,-0.138708,-0.91795,0.439655
0.643,0.107536,0.0786057,0.1556
0.644,-0.0120749,0.29999,0.0890052
0.645,-0.330412,0.603179,0.170523
0.646,-0.186409,-0.444415,-0.128092
0.647,-0.0710788,-0.745479,0.544243
0.648,0.0859676,0.221227,0.1231
0.649,-0.0693877,0.422537,0.117595
0.65,-0.429718,0.548169,0.115986
0.651,-0.0918712,-0.500865,-0.0158442
0.652,0.0445438,-0.363672,0.353462
0.653,0.0537492,0.356582,0.151378
0.654,-0.0873908,0.321822,0.057909
0.655,-0.44775,0.211304,-0.101599
0.656,-0.0431479,-0.575793,0.111729
0.657,0.04758,-0.209284,0.295249
0.658,0.00330044,0.464361,0.169055
0.659,-0.17106,0.39458,0.0669927
0.66,-0.495745,-0.103693,-0.249351
0.661,0.0283467,-0.445282,0.157413
0.662,0.0828192,0.035751,0.173236
0.663,-0.0629357,0.585666,0.21698
0.664,-0.168359,0.221206,-0.0200434
0.665,-0.419342,-0.595147,-0.261187
0.666,0.0602985,-0.398638,0.266028
0.667,0.053243,0.0925981,0.134209
0.668,-0.126834,0.608004,0.213395
0.669,-0.259908,0.15852,-0.0783575
0.67,-0.37744,-0.942352,-0.0662302
0.671,0.101963,-0.144045,0.15113
0.672,0.0394086,0.230467,0.112527
0.673,-0.218103,0.702962,0.264394
0.674,-0.173172,-0.0981008,-0.122299
0.675,-0.159606,-0.911862,0.294756
0.676,0.112772,-0.00292436,0.157325
0.677,0.00801784,0.268352,0.0929471
0.678,-0.285627,0.642382,0.206805
0.679,-0.222137,-0.326214,-0.167455
0.68,-0.119813,-0.882934,0.517557
0.681,0.101852,0.149817,0.128876
0.682,-0.0473543,0.437961,0.135415
0.683,-0.385968,0.634775,0.18704
0.684,-0.11747,-0.429416,-0.0709826
0.685,-0.0144078,-0.576847,0.469754
0.686,0.0762886,0.282829,0.143991
0.687,-0.0664354,0.334611,0.0734631
0.688,-0.405476,0.336966,-0.0217893
0.689,-0.130088,-0.699959,0.0646614
0.69,0.0197792,-0.358839,0.389022
0.691,0.033918,0.398777,0.151553
0.692,-0.130116,0.388832,0.0765905
0.693,-0.485505,0.129452,-0.151552
0.694,0.00396323,-0.445546,0.0983833
0.695,0.0712543,-0.0899599,0.225999
0.696,-0.0229536,0.524071,0.192424
0.697,-0.154922,0.289471,0.0165041
0.698,-0.409007,-0.383018,-0.269634
0.699,0.0263509,-0.516291,0.275369
0.7,0.0566831,0.0173713,0.166627
0.701,-0.0874959,0.588447,0.210781
0.702,-0.203884,0.206016,-0.0391642
0.703,-0.41436,-0.747857,-0.214546
0.704,0.0884359,-0.225744,0.152694
0.705,0.0588899,0.215281,0.12818
0.706,-0.16781,0.677039,0.254153
0.707,-0.172658,0.00309596,-0.0996828
0.708,-0.263008,-0.967412,0.125386
0.709,0.109429,-0.0963583,0.167621
0.71,0.0263415,0.237493,0.101257
0.711,-0.24713,0.687977,0.247846
0.712,-0.281414,-0.177646,-0.188632
0.713,-0.19708,-1.01661,0.429585
0.714,0.106548,0.0660269,0.123974
0.715,-0.0149795,0.383577,0.123825
0.716,-0.345701,0.708995,0.250771
0.717,-0.147849,-0.352955,-0.113428
0.718,-0.0575451,-0.729888,0.496638
0.719,0.0935442,0.200924,0.14336
0.72,-0.0419397,0.321187,0.0795639
0.721,-0.376543,0.466407,0.0660846
0.722,-0.177265,-0.648162,-0.0398108
0.723,-0.0103137,-0.512196,0.471007
0.724,0.0592263,0.325551,0.135677
0.725,-0.121178,0.464347,0.122911
0.726,-0.479273,0.361871,-0.0192037
0.727,-0.0392448,-0.509988,0.0650035
0.728,0.0584036,-0.214941,0.29137
0.729,0.0138314,0.4599,0.173101
0.73,-0.12029,0.302,0.0351104
0.731,-0.420176,-0.137212,-0.235171
0.732,-0.00114512,-0.561989,0.21171
0.733,0.0580929,-0.0673398,0.212834
0.734,-0.0453028,0.544542,0.196081
0.735,-0.229737,0.37114,0.037414
0.736,-0.457093,-0.479082,-0.293819
0.737,0.0679104,-0.307661,0.147649
0.738,0.0705582,0.130864,0.141605
0.739,-0.121479,0.651366,0.245631
0.74,-0.176456,0.107901,-0.0685352
0.741,-0.322772,-0.855619,-0.0708927
0.742,0.0980519,-0.201854,0.183082
0.743,0.0437367,0.193134,0.11282
0.744,-0.185747,0.636958,0.220635
0.745,-0.261914,-0.0236471,-0.14514
0.746,-0.278594,-1.05804,0.232353
0.747,0.108312,-0.0227084,0.131085
0.748,0.0117516,0.347504,0.124369
0.749,-0.284355,0.709352,0.259063
0.75,-0.159162,-0.236097,-0.127875
0.751,-0.0826122,-0.804229,0.420765
0.752,0.106175,0.109124,0.149883
0.753,-0.0211729,0.332354,0.0967562
0.754,-0.333857,0.555166,0.134862
0.755,-0.187373,-0.495937,-0.1159
0.756,-0.0467572,-0.673304,0.519439
0.757,0.0829143,0.254446,0.131842
0.758,-0.0916623,0.475847,0.139594
0.759,-0.450737,0.530041,0.0999888
0.76,-0.0669061,-0.469492,0.000502473
0.761,0.0553918,-0.311363,0.326551
0.762,0.0448535,0.389204,0.156207
0.763,-0.0990601,0.330461,0.0573469
0.764,-0.443219,0.129849,-0.141692
0.765,-0.0290003,-0.560417,0.127717
0.766,0.0545772,-0.166023,0.269049
0.767,-0.00709802,0.467497,0.165597
0.768,-0.177581,0.374365,0.0536919
0.769,-0.498623,-0.185742,-0.274269
0.77,0.0410865,-0.400302,0.149491
0.771,0.0686261,0.0189868,0.173948
0.772,-0.0741214,0.591423,0.21758
0.773,-0.159815,0.179096,-0.0347625
0.774,-0.364433,-0.67976,-0.20151
0.775,0.0722138,-0.348391,0.244745
0.776,0.0532749,0.120813,0.127701
0.777,-0.146985,0.653413,0.240973
0.778,-0.282576,0.144332,-0.0915948
0.779,-0.350315,-0.982605,0.00398761
0.78,0.103713,-0.112942,0.141673
0.781,0.0355677,0.30411,0.126038
0.782,-0.237989,0.724573,0.278041
0.783,-0.183656,-0.129924,-0.13295
0.784,-0.188837,-0.981839,0.354442
0.785,0.109308,0.00936139,0.16952
0.786,0.0024593,0.271286,0.089274
0.787,-0.29967,0.631516,0.196417
0.788,-0.217432,-0.371208,-0.161844
0.789,-0.100408,-0.836185,0.529019
0.79,0.0981452,0.175277,0.128441
0.791,-0.0560122,0.441398,0.13355
0.792,-0.396512,0.602977,0.161283
0.793,-0.0967617,-0.423666,-0.0520165
0.794,0.0123781,-0.491256,0.420912
0.795,0.0697525,0.312584,0.14145
0.796,-0.0806322,0.360189,0.0799012
0.797,-0.417758,0.293985,-0.0495452
0.798,-0.105772,-0.685106,0.0938478
0.799,0.0388221,-0.29103,0.341359
0.8,0.024196,0.409159,0.150573
0.801,-0.163874,0.447348,0.0999553
0.802,-0.505459,0.0880403,-0.175797
0.803,0.0131286,-0.434258,0.108966
0.804,0.0741962,-0.0558576,0.20957
0.805,-0.0337664,0.539147,0.197265
0.806,-0.160612,0.273202,0.00666523
0.807,-0.403033,-0.452724,-0.267008
0.808,0.0392302,-0.475095,0.268011
0.809,0.060507,0.0528958,0.154527
0.81,-0.100205,0.606978,0.219759
0.811,-0.23668,0.220615,-0.043067
0.812,-0.404378,-0.80744,-0.180044
0.813,0.0932123,-0.216643,0.166217
0.814,0.0545904,0.236709,0.126714
0.815,-0.181722,0.685395,0.25763
0.816,-0.17248,-0.0250021,-0.106743
0.817,-0.242404,-0.976609,0.180862
0.818,0.1111,-0.0676834,0.16173
0.819,0.0214691,0.25646,0.101279
0.82,-0.250403,0.647601,0.216475
0.821,-0.276035,-0.224733,-0.192707
0.822,-0.173376,-0.983526,0.463319
0.823,0.107426,0.0892342,0.129431
0.824,-0.0182785,0.36239,0.112063
0.825,-0.359611,0.698352,0.240524
0.826,-0.139894,-0.376902,-0.103291
0.827,-0.0453043,-0.68992,0.495464
0.828,0.0891411,0.223438,0.142881
0.829,-0.0483609,0.32323,0.0770336
0.83,-0.392659,0.449039,0.0517425
0.831,-0.139521,-0.619578,-0.0103244
0.832,0.00144912,-0.462372,0.44432
0.833,0.0522942,0.341061,0.136801
0.834,-0.129802,0.461253,0.118357
0.835,-0.489755,0.316699,-0.0491317
0.836,-0.0209001,-0.46698,0.0671122
0.837,0.0677174,-0.166481,0.263442
0.838,0.0042542,0.476134,0.176722
0.839,-0.139836,0.325559,0.0397344
0.84,-0.415188,-0.210871,-0.250754
0.841,0.0149897,-0.519421,0.208163
0.842,0.060019,-0.0361164,0.196237
0.843,-0.058088,0.564537,0.204381
0.844,-0.244914,0.360423,0.0273763
0.845,-0.467416,-0.5538,-0.294531
0.846,0.074518,-0.282355,0.148191
0.847,0.0658154,0.145819,0.135775
0.848,-0.134763,0.656418,0.246012
0.849,-0.192541,0.0921688,-0.0805363
0.85,-0.287545,-0.887887,-0.00100234
0.851,0.0974538,-0.200899,0.216268
0.852,0.0390643,0.209627,0.109379
0.853,-0.199653,0.638224,0.218773
0.854,-0.241544,-0.0792089,-0.15115
0.855,-0.24663,-1.04779,0.301683
0.856,0.11091,0.00178769,0.137496
0.857,0.00552244,0.337515,0.116253
0.858,-0.30351,0.71018,0.257055
0.859,-0.171789,-0.285857,-0.136
0.86,-0.0635965,-0.760927,0.4356
0.861,0.10277,0.139318,0.147156
0.862,-0.0288666,0.335413,0.0935164
0.863,-0.353825,0.547411,0.126166
0.864,-0.199197,-0.563523,-0.103931
0.865,-0.0269355,-0.609209,0.493356
0.866,0.074367,0.269654,0.126905
0.867,-0.0893733,0.43048,0.114174
0.868,-0.453944,0.464483,0.052874
0.869,-0.0682944,-0.520451,0.0261977
0.87,0.0611843,-0.268644,0.307905
0.871,0.0354313,0.410301,0.161433
0.872,-0.105894,0.323275,0.0510771
0.873,-0.436938,0.0464103,-0.177313
0.874,-0.0342582,-0.619116,0.183738
0.875,0.0492159,-0.149785,0.260698
0.876,-0.0175507,0.490502,0.174168
0.877,-0.206098,0.407797,0.0649019
0.878,-0.485865,-0.268448,-0.288417
0.879,0.0472212,-0.395127,0.163604
0.88,0.0769881,0.0744919,0.158651
0.881,-0.0868528,0.613881,0.228704
0.882,-0.161475,0.160276,-0.0429334
0.883,-0.37729,-0.727262,-0.193758
0.884,0.0847771,-0.281883,0.199055
0.885,0.0503921,0.135285,0.122225
0.886,-0.158435,0.657637,0.241531
0.887,-0.282469,0.107119,-0.107077
0.888,-0.322944,-1.00215,0.0651768
0.889,0.107604,-0.100569,0.153536
0.89,0.0295107,0.320048,0.126578
0.891,-0.251965,0.727009,0.277828
0.892,-0.172336,-0.158664,-0.130564
0.893,-0.144969,-0.916013,0.376588
0.894,0.111838,0.0508324,0.145337
0.895,-0.00305547,0.293542,0.0930148
0.896,-0.32347,0.666345,0.219703
0.897,-0.249409,-0.431569,-0.177036
0.898,-0.0973934,-0.82149,0.551508
0.899,0.0935741,0.193337,0.125429
0.9,-0.0507488,0.384987,0.105967
0.901,-0.408262,0.582535,0.144327
0.902,-0.0892506,-0.436646,-0.0396588
0.903,0.0231086,-0.447475,0.400389
0.904,0.0641459,0.331918,0.144612
0.905,-0.0886643,0.366462,0.0798174
0.906,-0.412717,0.229483,-0.0843904
0.907,-0.0742119,-0.63,0.100598
0.908,0.0404662,-0.260945,0.326152
0.909,0.016322,0.44089,0.163065
0.91,-0.175343,0.448186,0.0972834
0.911,-0.493631,-0.000527502,-0.211352
0.912,0.0179128,-0.449863,0.133285
0.913,0.0680634,-0.0490362,0.205607
0.914,-0.0435285,0.550426,0.20159
0.915,-0.147888,0.224019,-0.0112568
0.916,-0.420976,-0.50189,-0.273961
0.917,0.0614304,-0.380161,0.206878
0.918,0.0569916,0.0673414,0.146037
0.919,-0.111384,0.611261,0.219671
0.92,-0.211169,0.154426,-0.0637573
0.921,-0.381916,-0.862204,-0.128677
0.922,0.0964163,-0.176596,0.148592
0.923,0.0498332,0.255977,0.125759
0.924,-0.19671,0.696857,0.263496
0.925,-0.189972,-0.0461899,-0.120038
0.926,-0.234817,-0.993489,0.227117
0.927,0.110254,-0.0577851,0.177879
0.928,0.0167388,0.247858,0.0946123
0.929,-0.258427,0.63439,0.205219
0.93,-0.253675,-0.264988,-0.184758
0.931,-0.161133,-0.96514,0.492981
0.932,0.103214,0.107805,0.12181
0.933,-0.0267622,0.3841,0.117631
0.934,-0.365922,0.668442,0.215872
0.935,-0.142201,-0.412608,-0.0980366
0.936,-0.000342294,-0.570955,0.421687
0.937,0.0858628,0.253922,0.139405
0.938,-0.0562409,0.335401,0.0787529
0.939,-0.40478,0.430271,0.037264
0.94,-0.104965,-0.571714,0.00591715
0.941,0.0132296,-0.415938,0.41591
0.942,0.0475208,0.37154,0.147947
0.943,-0.146437,0.484236,0.127444
0.944,-0.495918,0.263853,-0.0817065
0.945,-0.0116344,-0.460058,0.0788494
0.946,0.0667442,-0.144312,0.253639
0.947,-0.00550926,0.495312,0.183088
0.948,-0.135823,0.291025,0.0240311
0.949,-0.454344,-0.219186,-0.26704
0.95,0.0218892,-0.509102,0.22223
0.951,0.0613628,-0.0115042,0.184073
0.952,-0.0679971,0.574573,0.207623
0.953,-0.24846,0.336181,0.0128259
0.954,-0.44488,-0.623658,-0.271412
0.955,0.0790599,-0.288969,0.17217
0.956,0.0667855,0.186777,0.133727
0.957,-0.146834,0.670058,0.253432
0.958,-0.187515,0.0644036,-0.0879373
0.959,-0.316394,-0.941627,0.0101197
0.96,0.0983956,-0.183004,0.21875
0.961,0.0330318,0.198549,0.101729
0.962,-0.215346,0.6557,0.228739
0.963,-0.258364,-0.106011,-0.164569
0.964,-0.235503,-1.04947,0.344967
0.965,0.108009,0.0239429,0.126302
0.966,0.000313504,0.341646,0.114473
0.967,-0.317814,0.71349,0.257845
0.968,-0.158316,-0.30201,-0.126082
0.969,-0.0883706,-0.81343,0.49664
0.97,0.0998701,0.157439,0.146202
0.971,-0.0302864,0.31042,0.0814921
0.972,-0.374146,0.556705,0.129853
0.973,-0.13963,-0.504247,-0.0679355
0.974,-0.0152701,-0.563746,0.476866
0.975,0.0690682,0.28954,0.129383
0.976,-0.105219,0.459774,0.125423
0.977,-0.469535,0.446076,0.0379776
0.978,-0.0456993,-0.470267,0.0299524
0.979,0.0537264,-0.265494,0.316113
0.98,0.0281119,0.425895,0.162565
0.981,-0.122004,0.346674,0.0568793
0.982,-0.422165,-0.0396101,-0.205842
0.983,-0.0157533,-0.579463,0.185878
0.984,0.0575522,-0.105186,0.23441
0.985,-0.0293661,0.520942,0.187546
0.986,-0.213985,0.388621,0.0516159
0.987,-0.483408,-0.35059,-0.29983
0.988,0.0550188,-0.378125,0.172668
0.989,0.0778645,0.11351,0.149543
0.99,-0.102306,0.632446,0.237163
0.991,-0.181252,0.153886,-0.0530608
0.992,-0.370227,-0.794113,-0.156911
0.993,0.0851871,-0.282407,0.23409
0.994,0.0483724,0.16428,0.117498
0.995,-0.169477,0.643809,0.229026
0.996,-0.251928,0.0313327,-0.124221
0.997,-0.296912,-1.0264,0.141739
0.998,0.109511,-0.0677114,0.147826
0.999,0.0217907,0.332595,0.125488
1,-0.264006,0.714384,0.266011
1.001,-0.179509,-0.19706,-0.138364
1.002,-0.137654,-0.913106,0.421513
1.003,0.110377,0.0791221,0.145659
1.004,-0.00951029,0.295341,0.0889702
1.005,-0.32128,0.596897,0.167239
1.006,-0.235709,-0.474891,-0.160117
1.007,-0.0730545,-0.756268,0.538111
1.008,0.0905908,0.218788,0.129642
1.009,-0.0753597,0.46302,0.138009
1.01,-0.426176,0.567742,0.130963
1.011,-0.099753,-0.502879,-0.0244382
1.012,0.0433324,-0.376736,0.356675
1.013,0.0570179,0.354396,0.151069
1.014,-0.0844318,0.3236,0.0600398
1.015,-0.44123,0.228097,-0.0912114
1.016,-0.0448645,-0.563271,0.0967558
1.017,0.0470799,-0.222123,0.302277
1.018,0.00748712,0.446683,0.161247
1.019,-0.185938,0.445231,0.0926397
1.02,-0.486636,-0.0793408,-0.238608
1.021,0.0298736,-0.40707,0.12557
1.022,0.0768131,0.00281345,0.184022
1.023,-0.0561002,0.573015,0.210756
1.024,-0.17139,0.241602,-0.0119112
1.025,-0.376951,-0.582229,-0.2369
1.026,0.0551062,-0.41924,0.270221
1.027,0.0536309,0.0796939,0.138481
1.028,-0.124695,0.625258,0.226042
1.029,-0.218644,0.130026,-0.0762223
1.03,-0.360671,-0.908967,-0.0736149
1.031,0.099214,-0.147628,0.142038
1.032,0.0425408,0.242542,0.117359
1.033,-0.215108,0.712043,0.271903
1.034,-0.179415,-0.0826524,-0.12266
1.035,-0.200257,-0.970096,0.281507
1.036,0.112613,-0.0125503,0.150833
1.037,0.0105146,0.283091,0.0998858
1.038,-0.272608,0.623327,0.194604
1.039,-0.220451,-0.307885,-0.166751
1.04,-0.130971,-0.906822,0.515671
1.041,0.103257,0.139854,0.129569
1.042,-0.0449566,0.441222,0.138246
1.043,-0.389958,0.665641,0.210806
1.044,-0.122872,-0.427783,-0.076631
1.045,-0.0148381,-0.584097,0.467597
1.046,0.0783658,0.275067,0.14357
1.047,-0.0652811,0.340191,0.0767209
1.048,-0.424773,0.405707,0.017854
1.049,-0.0951242,-0.595973,0.0362104
1.05,0.016906,-0.374794,0.398392
1.051,0.0369803,0.392267,0.150338
1.052,-0.13004,0.398981,0.0822393
1.053,-0.496607,0.178092,-0.129242
1.054,-0.00750676,-0.493195,0.112673
1.055,0.074138,-0.0949543,0.227831
1.056,-0.0177229,0.516506,0.190137
1.057,-0.141907,0.274913,0.0141175
1.058,-0.439835,-0.316223,-0.277826
1.059,0.0409649,-0.438601,0.194477
1.06,0.0638318,0.0238676,0.168955
1.061,-0.0785208,0.564623,0.197675
1.062,-0.231864,0.264395,-0.0204038
1.063,-0.430224,-0.711967,-0.239005
1.064,0.0859372,-0.25969,0.173431
1.065,0.061626,0.212987,0.130216
1.066,-0.165155,0.685352,0.260887
1.067,-0.175636,0.018596,-0.0967814
1.068,-0.236344,-0.917724,0.11125
1.069,0.107081,-0.122996,0.186075
1.07,0.0285447,0.228786,0.101637
1.071,-0.241426,0.692412,0.25221
1.072,-0.282845,-0.155483,-0.185395
1.073,-0.206381,-1.02631,0.40931
1.074,0.107286,0.0550275,0.125056
1.075,-0.0130308,0.393148,0.129441
1.076,-0.329125,0.68588,0.23434
1.077,-0.135937,-0.320833,-0.108059
1.078,-0.0464871,-0.70904,0.466777
1.079,0.0965075,0.198676,0.13534
1.08,-0.0437393,0.348627,0.0914701
1.081,-0.373199,0.483491,0.0782525
1.082,-0.185731,-0.641094,-0.0537397
1.083,-0.0150004,-0.532886,0.480695
1.084,0.0621144,0.31716,0.134562
1.085,-0.114813,0.456581,0.120344
1.086,-0.482561,0.397696,0.00352808
1.087,-0.0422602,-0.507599,0.058273
1.088,0.0534464,-0.235815,0.30446
1.089,0.0175358,0.448114,0.170181
1.09,-0.131501,0.341644,0.0509024
1.091,-0.422164,-0.114558,-0.229564
1.092,-0.00926949,-0.586176,0.220004
1.093,0.0542164,-0.0851812,0.222119
1.094,-0.0404978,0.527468,0.187124
1.095,-0.198027,0.321374,0.0188888
1.096,-0.483865,-0.433249,-0.306227
1.097,0.0654023,-0.315557,0.146379
1.098,0.0698931,0.114677,0.144082
1.099,-0.115026,0.638602,0.238022
1.1,-0.189443,0.132774,-0.0643943
1.101,-0.311275,-0.834769,-0.0729405
1.102,0.0888977,-0.255748,0.235411
1.103,0.0426417,0.1699,0.111034
1.104,-0.184124,0.65147,0.231612
1.105,-0.241552,-0.0173936,-0.135161
1.106,-0.283495,-1.04967,0.205954
1.107,0.109027,-0.035848,0.135987
1.108,0.0163068,0.318453,0.116561
1.109,-0.279632,0.714746,0.26399
1.11,-0.178888,-0.232698,-0.140125
1.111,-0.0965812,-0.833875,0.42319
1.112,0.107037,0.0972918,0.15157
1.113,-0.0182992,0.329618,0.0973384
1.114,-0.329834,0.566221,0.143467
1.115,-0.207476,-0.500262,-0.13186
1.116,-0.0621356,-0.715426,0.540594
1.117,0.0829071,0.235228,0.124003
1.118,-0.0754649,0.427176,0.11769
1.119,-0.436708,0.5258,0.0987217
1.12,-0.0843343,-0.505244,-0.00418585
1.121,0.0463342,-0.34432,0.347774
1.122,0.0490963,0.373458,0.154261
1.123,-0.104167,0.362659,0.0717792
1.124,-0.420831,0.11909,-0.141293
1.125,-0.0522209,-0.63184,0.151014
1.126,0.0460432,-0.195981,0.288526
1.127,-0.00219775,0.46699,0.167711
1.128,-0.173304,0.382811,0.0596799
1.129,-0.499445,-0.139642,-0.261645
1.13,0.0350369,-0.420792,0.151877
1.131,0.0726032,0.0160059,0.177123
1.132,-0.0685982,0.592794,0.219838
1.133,-0.165553,0.204262,-0.0264089
1.134,-0.409571,-0.628049,-0.248218
1.135,0.0673576,-0.36979,0.249121
1.136,0.0554895,0.112351,0.131734
1.137,-0.137472,0.640051,0.233484
1.138,-0.254364,0.13731,-0.0855469
1.139,-0.363032,-0.957321,-0.036309
1.14,0.102207,-0.130042,0.144135
1.141,0.0395434,0.288527,0.124757
1.142,-0.223797,0.708997,0.26812
1.143,-0.193983,-0.10474,-0.134097
1.144,-0.157396,-0.913891,0.308311
1.145,0.11086,-0.00612768,0.168887
1.146,0.00615071,0.289455,0.0985855
1.147,-0.284085,0.623445,0.192813
1.148,-0.258479,-0.355087,-0.188952
1.149,-0.117466,-0.87703,0.524125
1.15,0.101442,0.155865,0.129864
1.151,-0.0506267,0.444397,0.137503
1.152,-0.396351,0.646042,0.194583
1.153,-0.105949,-0.414358,-0.0640857
1.154,0.0185019,-0.493943,0.402074
1.155,0.0753813,0.293212,0.1441
1.156,-0.0660893,0.327415,0.070152
1.157,-0.416827,0.348747,-0.0167487
1.158,-0.093099,-0.613954,0.05293
1.159,0.0262092,-0.339811,0.37439
1.16,0.0326288,0.405143,0.154054
1.161,-0.154066,0.450019,0.104362
1.162,-0.505754,0.157708,-0.141694
1.163,0.00243554,-0.461386,0.107485
1.164,0.0735504,-0.0826468,0.222188
1.165,-0.0232258,0.522904,0.191523
1.166,-0.156387,0.290776,0.0166389
1.167,-0.40085,-0.39462,-0.266093
1.168,0.0357924,-0.480256,0.246629
1.169,0.0566878,0.0184053,0.166138
1.17,-0.0878833,0.58824,0.210526
1.171,-0.204404,0.205518,-0.0395617
1.172,-0.412553,-0.750397,-0.212157
1.173,0.0884548,-0.221642,0.149643
1.174,0.0593601,0.224042,0.129197
1.175,-0.173335,0.692816,0.264852
1.176,-0.176396,0.00307956,-0.101399
1.177,-0.22449,-0.922043,0.139781
1.178,0.109174,-0.100386,0.175323
1.179,0.0255362,0.229413,0.0987458
1.18,-0.24109,0.662502,0.229311
1.181,-0.221022,-0.184227,-0.159958
1.182,-0.193744,-1.01087,0.42814
1.183,0.108437,0.0660992,0.129315
1.184,-0.0093755,0.335871,0.105729
1.185,-0.338154,0.685328,0.232736
1.186,-0.137756,-0.340048,-0.107214
1.187,-0.029741,-0.665367,0.446177
1.188,0.0935774,0.199083,0.143578
1.189,-0.0414296,0.318721,0.0787183
1.19,-0.389289,0.499514,0.0867854
1.191,-0.120237,-0.533077,-0.0343299
1.192,0.00246304,-0.485331,0.444489
1.193,0.0583139,0.322674,0.133519
1.194,-0.110555,0.425773,0.103912
1.195,-0.481086,0.353519,-0.0247977
1.196,-0.0359987,-0.503601,0.0660707
1.197,0.0540213,-0.220726,0.297201
1.198,0.0126224,0.454454,0.17123
1.199,-0.119657,0.294433,0.0317054
1.2,-0.434011,-0.135663,-0.239473
1.201,-0.00215732,-0.571613,0.224341
1.202,0.0547986,-0.070445,0.213538
1.203,-0.0474286,0.543028,0.194313
1.204,-0.192697,0.293533,0.00613125
1.205,-0.464379,-0.491122,-0.297087
1.206,0.0680395,-0.331543,0.171302
1.207,0.07195,0.144878,0.140578
1.208,-0.120497,0.639543,0.237636
1.209,-0.169948,0.0952948,-0.0702998
1.21,-0.312781,-0.863006,-0.0537837
1.211,0.0982971,-0.203856,0.193193
1.212,0.0397896,0.173181,0.107788
1.213,-0.19117,0.649057,0.22842
1.214,-0.272558,-0.0229337,-0.149096
1.215,-0.266775,-1.04663,0.241359
1.216,0.111217,-0.026136,0.143531
1.217,0.00986097,0.362501,0.129226
1.218,-0.29386,0.727941,0.272643
1.219,-0.160454,-0.244163,-0.128837
1.22,-0.0926865,-0.826853,0.441797
1.221,0.106958,0.122259,0.140612
1.222,-0.0187943,0.300009,0.0843976
1.223,-0.348201,0.586134,0.155239
1.224,-0.160184,-0.462781,-0.101264
1.225,-0.0401959,-0.656675,0.50844
1.226,0.079537,0.249878,0.125222
1.227,-0.0838876,0.439659,0.121418
1.228,-0.448258,0.513449,0.0882661
1.229,-0.0743906,-0.499943,0.00607827
1.23,0.0353761,-0.354955,0.367617
1.231,0.0439528,0.388106,0.156917
1.232,-0.105311,0.348571,0.0640498
1.233,-0.449171,0.135407,-0.140427
1.234,-0.0262478,-0.552529,0.126105
1.235,0.0547609,-0.162489,0.267059
1.236,-0.00820248,0.469428,0.166177
1.237,-0.179524,0.375331,0.0536586
1.238,-0.495409,-0.198823,-0.27655
1.239,0.040223,-0.415168,0.162089
1.24,0.0805564,0.0643362,0.163302
1.241,-0.0761443,0.596568,0.220326
1.242,-0.18021,0.208329,-0.0299525
1.243,-0.349381,-0.685592,-0.187677
1.244,0.0745245,-0.337954,0.23769
1.245,0.0503351,0.111965,0.126208
1.246,-0.146043,0.638347,0.230254
1.247,-0.217444,0.0726375,-0.097084
1.248,-0.330958,-0.976421,0.0247271
1.249,0.104386,-0.10887,0.14244
1.25,0.0343778,0.297204,0.123184
1.251,-0.233831,0.705506,0.263735
1.252,-0.166555,-0.132461,-0.12408
1.253,-0.170637,-0.953133,0.356169
1.254,0.112457,0.0314633,0.147813
1.255,0.00131107,0.286136,0.0936051
1.256,-0.313155,0.672551,0.225968
1.257,-0.257195,-0.399454,-0.185613
1.258,-0.110046,-0.855086,0.548381
1.259,0.0966925,0.177947,0.126178
1.26,-0.0442518,0.375523,0.104358
1.261,-0.399665,0.599393,0.158158
1.262,-0.0948544,-0.426115,-0.0492434
1.263,0.0119032,-0.488143,0.422754
1.264,0.0685486,0.318012,0.142922
1.265,-0.0826823,0.362957,0.0804595
1.266,-0.411206,0.267901,-0.0630552
1.267,-0.0978964,-0.672723,0.0964973
1.268,0.034469,-0.293898,0.346603
1.269,0.0234189,0.428654,0.160688
1.27,-0.1754,0.472352,0.112111
1.271,-0.506776,0.0735034,-0.182811
1.272,0.0152696,-0.431065,0.111137
1.273,0.0740742,-0.0499497,0.206815
1.274,-0.0364869,0.543491,0.198934
1.275,-0.16351,0.272504,0.00533099
1.276,-0.389455,-0.477049,-0.258462
1.277,0.0484712,-0.43903,0.242868
1.278,0.0562157,0.0468256,0.153112
1.279,-0.100661,0.59102,0.208705
1.28,-0.271444,0.262342,-0.0326936
1.281,-0.417596,-0.824813,-0.182573
1.282,0.0944498,-0.203444,0.160257
1.283,0.0497865,0.203881,0.119463
1.284,-0.189374,0.699194,0.266637
1.285,-0.185346,-0.0269851,-0.113271
1.286,-0.257297,-1.00115,0.186033
1.287,0.106787,-0.0873934,0.192709
1.288,0.0195461,0.236014,0.0942684
1.289,-0.259558,0.665028,0.228176
1.29,-0.205135,-0.229621,-0.155485
1.291,-0.155289,-0.951564,0.46409
1.292,0.104408,0.0977948,0.122795
1.293,-0.0277236,0.411336,0.130668
1.294,-0.35439,0.664587,0.214281
1.295,-0.122886,-0.362919,-0.0914947
1.296,-0.0257022,-0.638653,0.465793
1.297,0.0880991,0.240787,0.135369
1.298,-0.0573256,0.357192,0.0888523
1.299,-0.388009,0.415595,0.0305303
1.3,-0.151711,-0.662342,0.0018654
1.301,0.0148411,-0.42506,0.415276
1.302,0.0490626,0.348726,0.137783
1.303,-0.121892,0.422558,0.0982438
1.304,-0.49096,0.282531,-0.0698902
1.305,-0.0194945,-0.483363,0.080956
1.306,0.064994,-0.160992,0.262408
1.307,-0.000654292,0.486876,0.180574
1.308,-0.129032,0.287247,0.0247244
1.309,-0.413654,-0.238787,-0.255504
1.31,0.0181547,-0.51537,0.21541
1.311,0.0612875,-0.0228337,0.189825
1.312,-0.062619,0.5674,0.20469
1.313,-0.241208,0.339455,0.0165483
1.314,-0.440165,-0.593852,-0.273944
1.315,0.0769878,-0.273508,0.149299
1.316,0.066621,0.166842,0.134447
1.317,-0.141384,0.668111,0.253195
1.318,-0.17115,0.0628429,-0.0815447
1.319,-0.305736,-0.916787,0.000962373
1.32,0.103634,-0.159625,0.178482
1.321,0.0366183,0.208777,0.106756
1.322,-0.213766,0.674757,0.24339
1.323,-0.235672,-0.0943732,-0.151913
1.324,-0.247703,-1.05727,0.320131
1.325,0.109136,0.0128723,0.130084
1.326,0.000976738,0.36884,0.126443
1.327,-0.304174,0.699894,0.24879
1.328,-0.146271,-0.273813,-0.118948
1.329,-0.0800501,-0.797187,0.470706
1.33,0.102799,0.156388,0.135379
1.331,-0.0322628,0.344384,0.0956969
1.332,-0.352406,0.521801,0.108196
1.333,-0.185334,-0.564161,-0.0902819
1.334,-0.0346365,-0.615995,0.5132
1.335,0.0723014,0.277425,0.127777
1.336,-0.0942777,0.437457,0.116321
1.337,-0.457519,0.449656,0.0421456
1.338,-0.0647793,-0.523088,0.0329989
1.339,0.0638732,-0.253057,0.299895
1.34,0.0320777,0.420371,0.163523
1.341,-0.112867,0.332401,0.0529541
1.342,-0.471923,0.0817557,-0.170862
1.343,-0.0401052,-0.65414,0.218754
1.344,0.0523377,-0.129122,0.2482
1.345,-0.0225837,0.495141,0.174715
1.346,-0.220131,0.420569,0.0689018
1.347,-0.49686,-0.298848,-0.297851
1.348,0.0541542,-0.352059,0.143619
1.349,0.0774811,0.0944967,0.153571
1.35,-0.0919193,0.610802,0.225306
1.351,-0.16463,0.147435,-0.0491625
1.352,-0.345744,-0.762053,-0.15126
1.353,0.0850432,-0.28576,0.220945
1.354,0.0486039,0.146736,0.118921
1.355,-0.167339,0.663996,0.24433
1.356,-0.288132,0.0854592,-0.117502
1.357,-0.323849,-1.03214,0.100478
1.358,0.10755,-0.0754627,0.141533
1.359,0.0260916,0.279017,0.111477
1.36,-0.259355,0.723507,0.273953
1.361,-0.170325,-0.175858,-0.131204
1.362,-0.133842,-0.900456,0.393164
1.363,0.111223,0.064977,0.144568
1.364,-0.00565066,0.288125,0.0890092
1.365,-0.309393,0.593044,0.166258
1.366,-0.214859,-0.431013,-0.1526
1.367,-0.0861002,-0.791732,0.546731
1.368,0.0904341,0.200304,0.122523
1.369,-0.0672355,0.447306,0.132216
1.37,-0.415895,0.577683,0.139709
1.371,-0.0968375,-0.471973,-0.0345609
1.372,0.0121308,-0.464917,0.424171
1.373,0.0611839,0.33377,0.148367
1.374,-0.0808592,0.325605,0.0625651
1.375,-0.432165,0.245387,-0.0798885
1.376,-0.0594579,-0.594621,0.0962744
1.377,0.0355468,-0.261928,0.330045
1.378,0.0131624,0.437726,0.159424
1.379,-0.164325,0.41066,0.078187
1.38,-0.495352,-0.0249785,-0.221384
1.381,0.0194631,-0.45694,0.144098
1.382,0.0799171,-0.00469131,0.187723
1.383,-0.0480423,0.561177,0.206562
1.384,-0.170225,0.258378,-0.00369528
1.385,-0.376791,-0.543311,-0.243723
1.386,0.0614108,-0.386928,0.22127
1.387,0.0570162,0.0760153,0.143125
1.388,-0.11743,0.624968,0.227689
1.389,-0.260469,0.204724,-0.0577478
1.39,-0.388373,-0.880034,-0.123595
1.391,0.0983553,-0.183191,0.162586
1.392,0.0482164,0.259749,0.125153
1.393,-0.199623,0.69474,0.261343
1.394,-0.171939,-0.0611183,-0.114604
1.395,-0.208113,-0.964705,0.246641
1.396,0.112345,-0.0330584,0.155213
1.397,0.0147355,0.275815,0.101017
1.398,-0.263427,0.62913,0.200455
1.399,-0.22981,-0.280255,-0.172066
1.4,-0.140708,-0.926623,0.496101
1.401,0.104951,0.1227,0.129446
1.402,-0.0363011,0.42159,0.131757
1.403,-0.367893,0.648743,0.200165
1.404,-0.115225,-0.384134,-0.0804989
1.405,-0.0125916,-0.592131,0.454491
1.406,0.0829023,0.263494,0.136668
1.407,-0.0643491,0.358292,0.0861083
1.408,-0.400404,0.387609,0.0104274
1.409,-0.143868,-0.687163,0.031753
1.41,0.0128573,-0.402172,0.412714
1.411,0.0420949,0.366961,0.141232
1.412,-0.132866,0.427914,0.097758
1.413,-0.489313,0.212112,-0.109591
1.414,-0.0160647,-0.50861,0.107693
1.415,0.0801348,-0.0957857,0.226236
1.416,-0.0115593,0.507938,0.188141
1.417,-0.144563,0.295146,0.0228972
1.418,-0.45533,-0.261072,-0.275661
1.419,0.0216465,-0.522323,0.250228
1.42,0.0605549,0.000435651,0.177647
1.421,-0.0750952,0.585556,0.212658
1.422,-0.254957,0.325681,0.00533037
1.423,-0.448867,-0.663619,-0.265152
1.424,0.0823945,-0.249718,0.149095
1.425,0.0627889,0.186068,0.130593
1.426,-0.155801,0.680853,0.259446
1.427,-0.181676,0.0421094,-0.0925263
1.428,-0.28829,-0.94518,0.0551869
1.429,0.106489,-0.132958,0.175913
1.43,0.0313882,0.210636,0.10149
1.431,-0.220186,0.651306,0.224567
1.432,-0.282505,-0.116385,-0.177296
1.433,-0.215989,-1.02776,0.365569
1.434,0.11117,0.0320587,0.137431
1.435,-0.00761238,0.391708,0.131764
1.436,-0.327625,0.718896,0.26099
1.437,-0.154479,-0.316677,-0.122318
1.438,-0.0802327,-0.792173,0.500703
1.439,0.0981959,0.171269,0.144964
1.44,-0.0342499,0.317522,0.0822777
1.441,-0.360746,0.493432,0.0871173
1.442,-0.154721,-0.555303,-0.0625831
1.443,-0.015539,-0.552188,0.480068
1.444,0.0684276,0.309469,0.137797
1.445,-0.117605,0.487732,0.138197
1.446,-0.477009,0.426447,0.0235453
1.447,-0.0464227,-0.498625,0.0456726
1.448,0.0475913,-0.265534,0.322327
1.449,0.023225,0.432534,0.165837
1.45,-0.111642,0.302129,0.0385029
1.451,-0.455622,-0.0246214,-0.210325
1.452,-0.00047941,-0.530754,0.169242
1.453,0.0578598,-0.0908028,0.226201
1.454,-0.0354419,0.532995,0.192602
1.455,-0.230271,0.403163,0.0559515
1.456,-0.49069,-0.389634,-0.306645
1.457,0.0616575,-0.34164,0.157784
1.458,0.0665754,0.0845772,0.148923
1.459,-0.107131,0.627223,0.232424
1.46,-0.166754,0.119586,-0.060408
1.461,-0.348224,-0.825584,-0.118144
1.462,0.0943385,-0.228656,0.192051
1.463,0.0443767,0.164272,0.113091
1.464,-0.180753,0.659924,0.238549
1.465,-0.222423,-0.0123734,-0.125808
1.466,-0.273596,-1.02319,0.184856
1.467,0.107711,-0.0422278,0.132691
1.468,0.0175947,0.329999,0.121648
1.469,-0.278366,0.727936,0.274764
1.47,-0.158957,-0.209683,-0.126829
1.471,-0.103795,-0.847835,0.417021
1.472,0.108066,0.088839,0.151881
1.473,-0.0146437,0.315642,0.0937057
1.474,-0.341196,0.623884,0.18455
1.475,-0.18302,-0.450925,-0.123879
1.476,-0.0685709,-0.736119,0.544796
1.477,0.0849666,0.227343,0.123897
1.478,-0.0791248,0.456311,0.13272
1.479,-0.428476,0.535128,0.1066
1.48,-0.0767973,-0.463792,-0.0145188
1.481,0.0481697,-0.351536,0.345263
1.482,0.0525578,0.368187,0.153039
1.483,-0.094153,0.340314,0.0642473
1.484,-0.460636,0.231696,-0.0932029
1.485,-0.0777917,-0.696331,0.168004
1.486,0.0413994,-0.216639,0.302067
1.487,0.00126503,0.46497,0.168325
1.488,-0.15595,0.352929,0.048646
1.489,-0.487371,-0.131379,-0.255462
1.49,0.0356188,-0.396478,0.13106
1.491,0.0789877,0.0289325,0.174536
1.492,-0.0643304,0.586031,0.216944
1.493,-0.154894,0.196612,-0.0256429
1.494,-0.39928,-0.613263,-0.244859
1.495,0.0739692,-0.327876,0.197253
1.496,0.057888,0.114509,0.133707
1.497,-0.129096,0.609817,0.21409
1.498,-0.263063,0.155588,-0.0806261
1.499,-0.370066,-0.94795,-0.0529587
1.5,0.100949,-0.133125,0.14092
1.501,0.0397697,0.25698,0.117655
1.502,-0.221882,0.708664,0.268106
1.503,-0.195163,-0.0999398,-0.133805
1.504,-0.15735,-0.911295,0.302164
1.505,0.112384,-0.00166762,0.161193
1.506,0.00676991,0.279556,0.0956442
1.507,-0.299907,0.680083,0.233717
1.508,-0.264527,-0.355251,-0.192576
1.509,-0.127278,-0.89698,0.538105
1.51,0.100023,0.156031,0.126306
1.511,-0.0372311,0.370823,0.10562
1.512,-0.386842,0.619543,0.17517
1.513,-0.103662,-0.412817,-0.0622752
1.514,0.0101695,-0.511672,0.421223
1.515,0.0749645,0.297647,0.142691
1.516,-0.0702038,0.340668,0.0746843
1.517,-0.4301,0.374345,-0.00316148
1.518,-0.0851767,-0.59548,0.0514727
1.519,0.0224886,-0.344494,0.380293
1.52,0.0311398,0.400936,0.150754
1.521,-0.138445,0.403513,0.082043
1.522,-0.507055,0.149972,-0.145919
1.523,0.0011848,-0.476634,0.117506
1.524,0.0671359,-0.0946723,0.228754
1.525,-0.0248077,0.523932,0.192624
1.526,-0.14996,0.272798,0.0102148
1.527,-0.456508,-0.348022,-0.288399
1.528,0.030539,-0.502971,0.271649
1.529,0.0579328,0.0268357,0.163247
1.53,-0.0874105,0.575701,0.202263
1.531,-0.25924,0.283238,-0.0185611
1.532,-0.411734,-0.757123,-0.208812
1.533,0.0890404,-0.221061,0.151415
1.534,0.0588898,0.224911,0.128902
1.535,-0.173823,0.691337,0.263648
1.536,-0.175001,0.000932294,-0.101335
1.537,-0.228899,-0.929879,0.141525
1.538,0.105235,-0.119885,0.198721
1.539,0.0259823,0.238145,0.101051
1.54,-0.248379,0.688939,0.248391
1.541,-0.283633,-0.18057,-0.190133
1.542,-0.199228,-1.02157,0.436096
1.543,0.108581,0.0695865,0.130185
1.544,-0.0112945,0.345219,0.108553
1.545,-0.340497,0.685774,0.232792
1.546,-0.142343,-0.350486,-0.109438
1.547,-0.0560647,-0.725114,0.496979
1.548,0.0929506,0.203634,0.143324
1.549,-0.0423606,0.31887,0.0782691
1.55,-0.393868,0.502544,0.0882075
1.551,-0.118392,-0.53558,-0.0309484
1.552,0.00406455,-0.477822,0.441027
1.553,0.0572158,0.325899,0.134008
1.554,-0.111813,0.425041,0.103062
1.555,-0.482824,0.346203,-0.0296919
1.556,-0.0326873,-0.495731,0.0662747
1.557,0.0544253,-0.215859,0.294644
1.558,0.0111393,0.457517,0.172051
1.559,-0.120316,0.29233,0.0304473
1.56,-0.439649,-0.138147,-0.242052
1.561,0.0109471,-0.518815,0.191249
1.562,0.0550557,-0.0650947,0.21048
1.563,-0.0496804,0.546406,0.19564
1.564,-0.195941,0.293389,0.00504971
1.565,-0.470918,-0.499786,-0.300033
1.566,0.0697612,-0.316674,0.162335
1.567,0.0633431,0.107605,0.140302
1.568,-0.123863,0.64444,0.240271
1.569,-0.173824,0.0944906,-0.0721776
1.57,-0.28759,-0.853304,-0.0307778
1.571,0.0976711,-0.208117,0.203736
1.572,0.0407517,0.189902,0.10947
1.573,-0.201366,0.681452,0.250741
1.574,-0.292041,-0.0200236,-0.155615
1.575,-0.269847,-1.06088,0.2605
1.576,0.109297,-0.0121629,0.132894
1.577,0.00917519,0.345179,0.12175
1.578,-0.297544,0.728288,0.272441
1.579,-0.166654,-0.25682,-0.132952
1.58,-0.114641,-0.873774,0.47816
1.581,0.104189,0.119373,0.150126
1.582,-0.0210283,0.303318,0.0842968
1.583,-0.346633,0.563509,0.138893
1.584,-0.202899,-0.537208,-0.116766
1.585,-0.0407329,-0.652596,0.513327
1.586,0.0805634,0.262689,0.131933
1.587,-0.0902249,0.457441,0.129287
1.588,-0.449655,0.506177,0.082858
1.589,-0.0742606,-0.50639,0.00972847
1.59,0.0438543,-0.33099,0.349058
1.591,0.0424316,0.391705,0.15466
1.592,-0.10855,0.352495,0.0648416
1.593,-0.430459,0.0835453,-0.159746
1.594,-0.0588052,-0.678222,0.195425
1.595,0.046714,-0.173471,0.275231
1.596,-0.0104656,0.480341,0.171436
1.597,-0.187634,0.389567,0.0593644
1.598,-0.49221,-0.212354,-0.278764
1.599,0.0406602,-0.418131,0.166844
1.6,0.0807529,0.0701237,0.161679
1.601,-0.0793681,0.604272,0.224417
1.602,-0.162535,0.177002,-0.03666
1.603,-0.344913,-0.692175,-0.181583
1.604,0.0793735,-0.3127,0.215106
1.605,0.0519202,0.12492,0.125497
1.606,-0.150667,0.652396,0.239399
1.607,-0.280238,0.128867,-0.0974298
1.608,-0.331612,-0.982935,0.0306384
1.609,0.105773,-0.111566,0.149902
1.61,0.0330723,0.261107,0.11278
1.611,-0.240967,0.721217,0.274934
1.612,-0.170156,-0.136209,-0.126568
1.613,-0.136418,-0.889951,0.339493
1.614,0.112402,0.0314048,0.151999
1.615,0.000955657,0.28082,0.0914098
1.616,-0.302128,0.630935,0.195603
1.617,-0.211433,-0.373999,-0.157513
1.618,-0.0987633,-0.831353,0.531931
1.619,0.0978995,0.179388,0.129426
1.62,-0.0605521,0.456605,0.140153
1.621,-0.412263,0.629654,0.1799
1.622,-0.104851,-0.452408,-0.0507966
1.623,0.000882867,-0.513828,0.446111
1.624,0.0680373,0.312452,0.146189
1.625,-0.0744124,0.32946,0.0673
1.626,-0.41239,0.269473,-0.0624202
1.627,-0.10402,-0.689376,0.10152
1.628,0.0394538,-0.283258,0.33739
1.629,0.0223253,0.412082,0.150964
1.63,-0.152579,0.410054,0.0813489
1.631,-0.499337,0.0544878,-0.189612
1.632,0.00861602,-0.480042,0.138447
1.633,0.083311,-0.0212089,0.194547
1.634,-0.0384904,0.551026,0.203175
1.635,-0.150664,0.244529,-0.00315943
1.636,-0.407103,-0.469118,-0.268499
1.637,0.0510366,-0.426864,0.231911
1.638,0.0596959,0.0592641,0.151441
1.639,-0.105323,0.615985,0.224598
1.64,-0.271192,0.258311,-0.0346815
1.641,-0.415519,-0.82983,-0.178205
1.642,0.0944932,-0.197198,0.155331
1.643,0.0490363,0.199854,0.118508
1.644,-0.187147,0.688027,0.25857
1.645,-0.172148,-0.0364448,-0.109287
1.646,-0.235963,-0.980555,0.202074
1.647,0.111613,-0.0578754,0.161976
1.648,0.0192127,0.246993,0.096705
1.649,-0.262363,0.67197,0.233051
1.65,-0.21115,-0.234336,-0.15922
1.651,-0.156434,-0.953996,0.467022
1.652,0.105389,0.0989028,0.125371
1.653,-0.0234783,0.382648,0.118695
1.654,-0.358792,0.673756,0.220953
1.655,-0.142895,-0.395892,-0.102207
1.656,-0.0144932,-0.612297,0.443193
1.657,0.0881402,0.235584,0.142167
1.658,-0.0572821,0.360236,0.0903852
1.659,-0.384251,0.410823,0.0281164
1.66,-0.121576,-0.593792,-0.00281446
1.661,0.00749569,-0.43987,0.430192
1.662,0.0506731,0.358897,0.144144
1.663,-0.123772,0.431068,0.10251
1.664,-0.484047,0.273553,-0.0739305
1.665,-0.0268932,-0.516564,0.0924444
1.666,0.0775866,-0.129522,0.24162
1.667,-0.000843349,0.48853,0.181993
1.668,-0.135461,0.301334,0.0291766
1.669,-0.468865,-0.168448,-0.259959
1.67,0.00422599,-0.573047,0.262466
1.671,0.057478,-0.0311123,0.192247
1.672,-0.0599356,0.543111,0.18989
1.673,-0.212921,0.286956,-0.00339305
1.674,-0.456867,-0.592561,-0.283871
1.675,0.077044,-0.291248,0.165633
1.676,0.0619203,0.13998,0.13317
1.677,-0.14132,0.665867,0.251588
1.678,-0.184367,0.0735425,-0.0836215
1.679,-0.327137,-0.929367,-0.0159024
1.68,0.0973563,-0.194245,0.220311
1.681,0.0348936,0.193535,0.103296
1.682,-0.206452,0.644105,0.221785
1.683,-0.284196,-0.0748998,-0.168075
1.684,-0.234662,-1.03832,0.319945
1.685,0.111533,0.00937693,0.139776
1.686,-0.000629735,0.380625,0.130688
1.687,-0.314676,0.72433,0.267016
1.688,-0.162759,-0.293832,-0.129599
1.689,-0.0879153,-0.81414,0.484907
1.69,0.102082,0.152786,0.144695
1.691,-0.0299632,0.326294,0.0887439
1.692,-0.378671,0.598634,0.160309
1.693,-0.203499,-0.590208,-0.097318
1.694,-0.0336593,-0.612661,0.511677
1.695,0.0719525,0.278278,0.127747
1.696,-0.0913495,0.424715,0.1102
1.697,-0.462246,0.457097,0.0465906
1.698,-0.0601816,-0.508463,0.0308309
1.699,0.0464311,-0.29428,0.334608
1.7,0.0322075,0.419951,0.163466
1.701,-0.111398,0.32864,0.0516211
1.702,-0.468375,0.076513,-0.172359
1.703,-0.0423516,-0.660114,0.220893
1.704,0.0502458,-0.134096,0.251168
1.705,-0.0239264,0.509242,0.18265
1.706,-0.180696,0.335073,0.0313755
1.707,-0.491143,-0.307743,-0.297118
1.708,0.0532121,-0.367632,0.155082
1.709,0.0679329,0.0572102,0.158661
1.71,-0.0924203,0.611318,0.225515
1.711,-0.164885,0.146688,-0.0495496
1.712,-0.342978,-0.763689,-0.147921
1.713,0.0836045,-0.292861,0.229791
1.714,0.0467529,0.136547,0.117913
1.715,-0.164504,0.649041,0.233912
1.716,-0.218961,0.026116,-0.11301
1.717,-0.302014,-1.01195,0.112502
1.718,0.106905,-0.0730775,0.13815
1.719,0.0253194,0.325134,0.125326
1.72,-0.257028,0.716213,0.268506
1.721,-0.189082,-0.181393,-0.142396
1.722,-0.112609,-0.857899,0.377923
1.723,0.111053,0.0668939,0.147394
1.724,-0.00697321,0.294127,0.0903377
1.725,-0.323015,0.626263,0.188954
1.726,-0.174372,-0.394229,-0.127966
1.727,-0.0714274,-0.758387,0.525312
1.728,0.0896476,0.205201,0.122947
1.729,-0.0714478,0.459057,0.137228
1.73,-0.419082,0.57248,0.135404
1.731,-0.0972631,-0.481814,-0.0309288
1.732,0.0230804,-0.434356,0.400833
1.733,0.0600395,0.345546,0.147254
1.734,-0.0872714,0.344998,0.0694232
1.735,-0.457314,0.295375,-0.0562672
1.736,-0.0912633,-0.699703,0.139675
1.737,0.0369782,-0.253778,0.324836
1.738,0.0115255,0.43692,0.158056
1.739,-0.189165,0.467461,0.10548
1.74,-0.509465,-0.0169725,-0.221976
1.741,0.0248985,-0.428075,0.131194
1.742,0.0752272,-0.0137683,0.190636
1.743,-0.0507062,0.563686,0.20653
1.744,-0.168691,0.247942,-0.00804361
1.745,-0.386999,-0.553724,-0.248383
1.746,0.0525814,-0.428884,0.267334
1.747,0.0568957,0.0795929,0.141859
1.748,-0.119721,0.628423,0.229544
1.749,-0.272418,0.215012,-0.0564052
1.75,-0.379164,-0.888227,-0.108733
1.751,0.0991378,-0.178061,0.162388
1.752,0.047208,0.266135,0.125578
1.753,-0.205316,0.704734,0.267995
1.754,-0.198387,-0.0589158,-0.126905
1.755,-0.178861,-0.922961,0.252875
1.756,0.112405,-0.0315307,0.162356
1.757,0.013513,0.258176,0.0945815
1.758,-0.273997,0.655825,0.218847
1.759,-0.205778,-0.275259,-0.157683
1.76,-0.136269,-0.917866,0.495298
1.761,0.103309,0.124532,0.125474
1.762,-0.0279886,0.366106,0.108303
1.763,-0.372008,0.653815,0.203618
1.764,-0.125012,-0.405482,-0.0844198
1.765,-0.0255621,-0.621842,0.481002
1.766,0.0820064,0.257303,0.143018
1.767,-0.0580289,0.326634,0.0736815
1.768,-0.404597,0.393354,0.013335
1.769,-0.124497,-0.646392,0.02904
1.77,0.0115662,-0.40371,0.414946
1.771,0.042279,0.379292,0.1476
1.772,-0.124415,0.401594,0.0855745
1.773,-0.493277,0.219006,-0.10658
1.774,-0.0152955,-0.504842,0.106078
1.775,0.0779104,-0.102051,0.229817
1.776,-0.00977164,0.496639,0.183305
1.777,-0.132516,0.269375,0.014996
1.778,-0.433299,-0.286924,-0.271201
1.779,0.0350805,-0.456339,0.195213
1.78,0.0624869,0.00554847,0.176404
1.781,-0.0731056,0.569431,0.202554
1.782,-0.208833,0.250023,-0.0203947
1.783,-0.449775,-0.658883,-0.26686
1.784,0.0820624,-0.251168,0.149057
1.785,0.0629098,0.183965,0.130725
1.786,-0.155115,0.68074,0.259494
1.787,-0.18862,0.0488115,-0.0934004
1.788,-0.303805,-0.95672,0.0438636
1.789,0.100649,-0.164128,0.212781
1.79,0.0307517,0.204715,0.0999768
1.791,-0.226732,0.671409,0.238548
1.792,-0.215529,-0.137395,-0.150482
1.793,-0.203419,-1.00962,0.369084
1.794,0.10758,0.0398606,0.125176
1.795,-0.00448457,0.350267,0.115024
1.796,-0.326949,0.707186,0.251609
1.797,-0.160359,-0.328119,-0.125632
1.798,-0.0513794,-0.725766,0.458635
1.799,0.0992867,0.181695,0.140099
1.8,-0.0379829,0.337393,0.0892495
1.801,-0.387703,0.561257,0.131256
1.802,-0.180705,-0.604793,-0.0672336
1.803,-0.00991199,-0.539544,0.468451
1.804,0.0657142,0.299604,0.130279
1.805,-0.100279,0.425221,0.107216
1.806,-0.47242,0.411916,0.0144658
1.807,-0.0464532,-0.499018,0.0458739
1.808,0.0474765,-0.265619,0.322469
1.809,0.0231322,0.432967,0.165975
1.81,-0.111718,0.302302,0.0385568
1.811,-0.453673,-0.0279344,-0.210988
1.812,0.00124864,-0.521974,0.163717
1.813,0.0616806,-0.0818098,0.221729
1.814,-0.0342472,0.510502,0.179125
1.815,-0.211567,0.362763,0.0375326
1.816,-0.489089,-0.392693,-0.30621
1.817,0.0621715,-0.329841,0.148543
1.818,0.0764256,0.128019,0.146016
1.819,-0.110392,0.640799,0.240899
1.82,-0.181146,0.136381,-0.0598402
1.821,-0.368363,-0.827227,-0.136836
1.822,0.0859027,-0.27257,0.241704
1.823,0.0429212,0.156642,0.1117
1.824,-0.1827,0.662815,0.240308
1.825,-0.229676,-0.0123243,-0.128829
1.826,-0.288715,-1.04408,0.185118
1.827,0.109767,-0.0470239,0.141839
1.828,0.0189588,0.294466,0.110395
1.829,-0.276387,0.720886,0.269391
1.83,-0.180499,-0.220655,-0.140526
1.831,-0.103332,-0.846871,0.41671
1.832,0.10791,0.088326,0.15236
1.833,-0.0154161,0.322832,0.0962469
1.834,-0.325067,0.573469,0.149475
1.835,-0.210418,-0.484903,-0.13822
1.836,-0.0691887,-0.737332,0.546054
1.837,0.0854486,0.229457,0.125358
1.838,-0.0793208,0.457611,0.133394
1.839,-0.426999,0.532185,0.104656
1.84,-0.0737326,-0.454319,-0.0149237
1.841,0.0335948,-0.384781,0.376408
1.842,0.052081,0.366982,0.15011
1.843,-0.101554,0.364152,0.0735537
1.844,-0.42055,0.141098,-0.130899
1.845,-0.0610069,-0.648479,0.149332
1.846,0.0414493,-0.215738,0.301533
1.847,0.000906387,0.466952,0.169285
1.848,-0.160448,0.362298,0.0522663
1.849,-0.49122,-0.126554,-0.255185
1.85,0.033195,-0.419372,0.14517
1.851,0.0686157,-0.00467951,0.184396
1.852,-0.0633548,0.578604,0.212602
1.853,-0.160061,0.203089,-0.0248661
1.854,-0.369677,-0.623801,-0.222354
1.855,0.0603409,-0.39815,0.268619
1.856,0.0525691,0.0936748,0.133178
1.857,-0.131721,0.623481,0.223042
1.858,-0.231169,0.120955,-0.0842372
1.859,-0.374781,-0.94979,-0.0569822
1.86,0.102744,-0.141989,0.153527
1.861,0.0390476,0.24255,0.114233
1.862,-0.223335,0.714462,0.272463
1.863,-0.182547,-0.100245,-0.127507
1.864,-0.209595,-0.997637,0.311725
1.865,0.109367,-0.0168555,0.175077
1.866,0.00762718,0.260817,0.0901856
1.867,-0.294141,0.661642,0.220229
1.868,-0.202368,-0.322351,-0.154944
1.869,-0.123312,-0.889437,0.528522
1.87,0.100114,0.151683,0.125217
1.871,-0.0361319,0.370943,0.106254
1.872,-0.384515,0.623309,0.17836
1.873,-0.105263,-0.409932,-0.0646667
1.874,0.00913639,-0.517593,0.422069
1.875,0.0760926,0.293219,0.142995
1.876,-0.0717993,0.352458,0.0798172
1.877,-0.434424,0.394973,0.00930054
1.878,-0.114121,-0.670089,0.0648569
1.879,0.0271575,-0.34013,0.373464
1.88,0.0333961,0.406472,0.155358
1.881,-0.16362,0.477557,0.118511
1.882,-0.501726,0.149291,-0.145157
1.883,0.00334493,-0.453797,0.103396
1.884,0.0819423,-0.0605167,0.210821
1.885,-0.0237782,0.528434,0.195162
1.886,-0.151148,0.279423,0.0129551
1.887,-0.449574,-0.345896,-0.285241
1.888,0.0315495,-0.497453,0.261259
1.889,0.0635611,0.0379136,0.162853
1.89,-0.0855229,0.572545,0.200737
1.891,-0.245098,0.265013,-0.0239537
1.892,-0.43679,-0.744623,-0.232518
1.893,0.0887716,-0.231106,0.158469
1.894,0.0538303,0.174887,0.122757
1.895,-0.168798,0.676853,0.253812
1.896,-0.173562,0.000588143,-0.100765
1.897,-0.245477,-0.950634,0.136692
1.898,0.109319,-0.0988094,0.173506
1.899,0.0252725,0.223637,0.0973112
1.9,-0.23595,0.64302,0.215549
1.901,-0.27502,-0.182054,-0.18637
1.902,-0.179832,-0.986222,0.420399
1.903,0.106327,0.0680853,0.123604
1.904,-0.014213,0.372187,0.118941
1.905,-0.341717,0.689801,0.235828
1.906,-0.154088,-0.365178,-0.1166
1.907,-0.0248288,-0.652143,0.43985
1.908,0.093439,0.205993,0.142699
1.909,-0.0485153,0.35545,0.092319
1.91,-0.373652,0.451864,0.0568218
1.911,-0.135534,-0.575153,-0.0311101
1.912,-0.00434867,-0.495338,0.458493
1.913,0.0589699,0.333401,0.139173
1.914,-0.103695,0.401652,0.0928565
1.915,-0.471515,0.33013,-0.0378155
1.916,-0.0289618,-0.474783,0.0585876
1.917,0.073541,-0.171532,0.261393
1.918,0.0113658,0.464384,0.174902
1.919,-0.120465,0.296248,0.0322678
1.92,-0.422206,-0.151618,-0.239657
1.921,-0.00745514,-0.592223,0.239813
1.922,0.0631841,-0.0503322,0.205043
1.923,-0.0460965,0.526706,0.184525
1.924,-0.219868,0.342129,0.0237923
1.925,-0.479514,-0.482627,-0.30471
1.926,0.0694135,-0.30745,0.152407
1.927,0.0727423,0.149976,0.140511
1.928,-0.123282,0.64933,0.243866
1.929,-0.187894,0.115336,-0.070359
1.93,-0.326466,-0.867526,-0.0662757
1.931,0.0990055,-0.194221,0.180424
1.932,0.0427265,0.195952,0.111939
1.933,-0.188149,0.635928,0.219394
1.934,-0.242604,-0.044071,-0.142911
1.935,-0.265673,-1.04975,0.250147
1.936,0.110709,-0.0206673,0.139836
1.937,0.0116663,0.323646,0.115131
1.938,-0.291453,0.716155,0.263472
1.939,-0.180527,-0.259507,-0.141844
1.94,-0.0756887,-0.78918,0.424419
1.941,0.105797,0.121283,0.14707
1.942,-0.0202415,0.306037,0.0859611
1.943,-0.337044,0.548615,0.129661
1.944,-0.18164,-0.501319,-0.109213
1.945,-0.0421242,-0.657567,0.514713
1.946,0.0811207,0.260536,0.131797
1.947,-0.0897849,0.458982,0.130342
1.948,-0.445804,0.503035,0.0811277
1.949,-0.0800186,-0.521008,0.0100247
1.95,0.0565381,-0.30168,0.322787
1.951,0.0427027,0.394272,0.157954
1.952,-0.101384,0.330964,0.0566725
1.953,-0.451408,0.12861,-0.144211
1.954,-0.0257145,-0.557034,0.131908
1.955,0.055614,-0.156607,0.263601
1.956,-0.00982282,0.472219,0.167018
1.957,-0.182091,0.376055,0.0533139
1.958,-0.491876,-0.215986,-0.279504
1.959,0.0410444,-0.417131,0.167017
1.96,0.0807221,0.071326,0.161321
1.961,-0.0799933,0.605283,0.224902
1.962,-0.160978,0.173511,-0.0374736
1.963,-0.358427,-0.69618,-0.190886
1.964,0.0723795,-0.346776,0.251275
1.965,0.0546013,0.136316,0.126595
1.966,-0.143469,0.617138,0.215725
1.967,-0.240581,0.0856504,-0.101034
1.968,-0.339848,-0.992681,0.0290606
1.969,0.10579,-0.109669,0.148947
1.97,0.0326765,0.25603,0.111264
1.971,-0.237387,0.706677,0.26407
1.972,-0.166291,-0.139377,-0.124848
1.973,-0.160339,-0.937885,0.361745
1.974,0.112055,0.0386216,0.143663
1.975,-0.000831592,0.299897,0.0970856
1.976,-0.302044,0.621303,0.188372
1.977,-0.242151,-0.402336,-0.175508
1.978,-0.0893981,-0.810563,0.520612
1.979,0.0941026,0.178077,0.121452
1.98,-0.0527606,0.412602,0.119398
1.981,-0.405982,0.604309,0.161101
1.982,-0.110839,-0.471233,-0.0502783
1.983,0.0246318,-0.455093,0.395667
1.984,0.0678146,0.317233,0.146609
1.985,-0.0838513,0.365354,0.0812086
1.986,-0.408975,0.257898,-0.0681476
1.987,-0.076027,-0.61276,0.0812908
1.988,0.0329754,-0.292096,0.347044
1.989,0.0217118,0.420842,0.155267
1.99,-0.152189,0.408222,0.080419
1.991,-0.500966,0.0555591,-0.189526
1.992,0.0103669,-0.47027,0.133438
1.993,0.0769952,-0.0399844,0.202418
1.994,-0.0375873,0.548713,0.201964
1.995,-0.144997,0.236079,-0.00484987
1.996,-0.416906,-0.459159,-0.274026
1.997,0.056965,-0.39014,0.197649
1.998,0.0621939,0.066597,0.151001
1.999,-0.100678,0.587018,0.205989
2,-0.252196,0.22911,-0.0437204
2.001,-0.41551,-0.827414,-0.17945
2.002,0.0940207,-0.194948,0.15165
2.003,0.0521352,0.229016,0.12379
2.004,-0.190455,0.70381,0.269926
2.005,-0.18105,-0.0295787,-0.111902
2.006,-0.232102,-0.96999,0.193998
2.007,0.111296,-0.059854,0.157544
2.008,0.0202058,0.259392,0.100932
2.009,-0.253665,0.647062,0.215519
2.01,-0.2738,-0.236275,-0.19287
2.011,-0.165394,-0.970204,0.468114
2.012,0.107931,0.0949527,0.132364
2.013,-0.0283041,0.41952,0.134553
2.014,-0.361961,0.688975,0.23271
2.015,-0.12509,-0.36199,-0.0935318
2.016,-0.0153384,-0.616324,0.442391
2.017,0.0885533,0.230322,0.14252
2.018,-0.0536784,0.346252,0.0852611
2.019,-0.413581,0.497204,0.0815237
2.02,-0.159425,-0.667718,-0.0047927
2.021,0.00454985,-0.451523,0.437238
2.022,0.0517895,0.350539,0.14093
2.023,-0.111683,0.400176,0.0891791
2.024,-0.477746,0.278268,-0.0700362
2.025,-0.0198955,-0.47219,0.0723596
2.026,0.0772258,-0.137624,0.245162
2.027,0.00173935,0.483741,0.180226
2.028,-0.131602,0.298772,0.029328
2.029,-0.457349,-0.167199,-0.255772
2.03,0.0140359,-0.528067,0.21884
2.031,0.060802,-0.0301819,0.193434
2.032,-0.0599261,0.565872,0.204615
2.033,-0.248822,0.362295,0.0274536
2.034,-0.468515,-0.566788,-0.293756
2.035,0.0758806,-0.285489,0.155593
2.036,0.0666507,0.157132,0.135245
2.037,-0.138592,0.666262,0.252381
2.038,-0.172632,0.0696606,-0.0799905
2.039,-0.281081,-0.887972,0.00795202
2.04,0.0958081,-0.205038,0.224273
2.041,0.0357047,0.187451,0.10372
2.042,-0.21048,0.671447,0.241477
2.043,-0.224823,-0.0899841,-0.146012
2.044,-0.236823,-1.03633,0.307817
2.045,0.110981,0.00525866,0.137481
2.046,0.00397937,0.346338,0.118809
2.047,-0.306697,0.713361,0.259184
2.048,-0.174019,-0.291901,-0.137318
2.049,-0.0582199,-0.748096,0.431768
2.05,0.103541,0.151289,0.141114
2.051,-0.0295201,0.330262,0.0907957
2.052,-0.373069,0.59119,0.155474
2.053,-0.195511,-0.570248,-0.0977674
2.054,-0.0244263,-0.598474,0.490637
2.055,0.0730087,0.27449,0.127351
2.056,-0.0900191,0.425432,0.111099
2.057,-0.459587,0.462691,0.0508357
2.058,-0.0651784,-0.518776,0.0297351
2.059,0.0600695,-0.266123,0.308703
2.06,0.0340242,0.407542,0.16026
2.061,-0.104536,0.312459,0.0463059
2.062,-0.437097,0.0265409,-0.18546
2.063,-0.0305455,-0.615003,0.189371
2.064,0.0499673,-0.1404,0.254994
2.065,-0.0209288,0.498259,0.177301
2.066,-0.187429,0.357093,0.0412427
2.067,-0.491823,-0.289361,-0.294369
2.068,0.0509892,-0.377787,0.157977
2.069,0.0680746,0.0514652,0.160805
2.07,-0.0896127,0.608306,0.224271
2.071,-0.163899,0.151296,-0.0473866
2.072,-0.351396,-0.75289,-0.160789
2.073,0.0857069,-0.281193,0.210746
2.074,0.0490898,0.143685,0.119767
2.075,-0.164936,0.662249,0.243542
2.076,-0.286533,0.0912665,-0.114708
2.077,-0.324637,-1.02499,0.0900542
2.078,0.105786,-0.0768709,0.135339
2.079,0.0270168,0.286552,0.11439
2.08,-0.257229,0.723199,0.273992
2.081,-0.171281,-0.171617,-0.131344
2.082,-0.139744,-0.910633,0.391511
2.083,0.11118,0.0626267,0.141882
2.084,-0.00703141,0.314634,0.0984448
2.085,-0.30939,0.594426,0.167274
2.086,-0.221559,-0.435184,-0.156841
2.087,-0.0904037,-0.801583,0.552356
2.088,0.0920551,0.203615,0.12636
2.089,-0.0528307,0.380489,0.102689
2.09,-0.415019,0.572683,0.136076
2.091,-0.0890263,-0.453182,-0.0332348
2.092,0.035645,-0.40888,0.373521
2.093,0.0612827,0.333417,0.148323
2.094,-0.0808541,0.325935,0.0627278
2.095,-0.429811,0.241325,-0.0816309
2.096,-0.0668402,-0.61911,0.104717
2.097,0.0411523,-0.250458,0.320448
2.098,0.0133321,0.449549,0.166209
2.099,-0.1861,0.463861,0.104033
2.1,-0.507247,-0.00831975,-0.217974
2.101,0.0250186,-0.414993,0.120441
2.102,0.0735948,-0.0221224,0.193971
2.103,-0.0496548,0.565047,0.207869
2.104,-0.160224,0.237084,-0.0100079
2.105,-0.437058,-0.509703,-0.282038
2.106,0.0504708,-0.436793,0.271476
2.107,0.0546511,0.0691569,0.143075
2.108,-0.115997,0.611403,0.21855
2.109,-0.225811,0.157839,-0.067423
2.11,-0.397337,-0.887908,-0.127336
2.111,0.0981033,-0.169631,0.150874
2.112,0.0459053,0.231451,0.118656
2.113,-0.204958,0.707197,0.269893
2.114,-0.183819,-0.0605688,-0.120325
2.115,-0.233497,-1.00221,0.24666
2.116,0.108313,-0.0550546,0.184518
2.117,0.014224,0.248514,0.0924457
2.118,-0.272241,0.65436,0.218008
2.119,-0.211755,-0.27453,-0.161275
2.12,-0.150577,-0.946058,0.506984
2.121,0.101989,0.120073,0.121532
2.122,-0.031446,0.391983,0.119057
2.123,-0.372524,0.658185,0.206975
2.124,-0.134496,-0.420119,-0.0894164
2.125,-0.00227695,-0.567798,0.4329
2.126,0.0830285,0.258941,0.142667
2.127,-0.0649202,0.363971,0.0887031
2.128,-0.393016,0.373619,0.00298899
2.129,-0.11581,-0.621682,0.0237356
2.13,0.0192772,-0.389039,0.399954
2.131,0.0430762,0.381124,0.149219
2.132,-0.149921,0.47799,0.122587
2.133,-0.48781,0.211982,-0.109367
2.134,-0.0145066,-0.499292,0.103044
2.135,0.071506,-0.119943,0.24026
2.136,-0.0102178,0.501761,0.184551
2.137,-0.150706,0.312146,0.0292026
2.138,-0.409741,-0.310136,-0.264302
2.139,0.0231812,-0.515217,0.242911
2.14,0.0568642,-0.0103231,0.180691
2.141,-0.0729575,0.570152,0.203078
2.142,-0.203881,0.24295,-0.0221844
2.143,-0.43194,-0.664983,-0.253832
2.144,0.0823738,-0.255131,0.153364
2.145,0.0644723,0.194963,0.131903
2.146,-0.151712,0.667678,0.250635
2.147,-0.178895,0.0418764,-0.0913974
2.148,-0.264894,-0.920736,0.065444
2.149,0.102782,-0.157719,0.203153
2.15,0.0326026,0.2174,0.103775
2.151,-0.228864,0.690309,0.252665
2.152,-0.287046,-0.112528,-0.178356
2.153,-0.228771,-1.04815,0.368934
2.154,0.109201,0.0347528,0.129871
2.155,-0.00236549,0.343354,0.113438
2.156,-0.325703,0.71634,0.259152
2.157,-0.141126,-0.297982,-0.113976
2.158,-0.0639946,-0.756314,0.473412
2.159,0.0996234,0.177921,0.134226
2.16,-0.0379156,0.344824,0.0927712
2.161,-0.363465,0.503938,0.0939342
2.162,-0.192735,-0.614226,-0.075453
2.163,-0.0228093,-0.570385,0.494612
2.164,0.0671682,0.295608,0.130016
2.165,-0.105497,0.450867,0.120105
2.166,-0.473854,0.433411,0.0287165
2.167,-0.0431153,-0.474593,0.0362151
2.168,0.0651913,-0.229727,0.290895
2.169,0.0257549,0.426621,0.164411
2.17,-0.110572,0.305869,0.0407273
2.171,-0.439091,-0.0331083,-0.20863
2.172,-0.0133265,-0.577609,0.191213
2.173,0.0579962,-0.0976276,0.230127
2.174,-0.0322089,0.525764,0.189371
2.175,-0.220885,0.394217,0.053067
2.176,-0.467468,-0.386445,-0.296442
2.177,0.0600755,-0.33384,0.145538
2.178,0.0743581,0.1083,0.14852
2.179,-0.105049,0.633588,0.237317
2.18,-0.166067,0.129557,-0.0564773
2.181,-0.347171,-0.803316,-0.13038
2.182,0.0928726,-0.23351,0.185078
2.183,0.0475351,0.169715,0.116433
2.184,-0.17209,0.6407,0.226205
2.185,-0.281701,0.045006,-0.130357
2.186,-0.284292,-1.02108,0.159015
2.187,0.107136,-0.052675,0.13315
2.188,0.02097,0.306414,0.115861
2.189,-0.269323,0.71596,0.266438
2.19,-0.18389,-0.209715,-0.141857
2.191,-0.101357,-0.840694,0.400864
2.192,0.108354,0.0796777,0.153841
2.193,-0.0136448,0.322813,0.0973929
2.194,-0.320557,0.575219,0.151462
2.195,-0.191606,-0.45199,-0.130644
2.196,-0.0640877,-0.729886,0.532285
2.197,0.0886915,0.2302,0.130999
2.198,-0.0807646,0.468422,0.139127
2.199,-0.436286,0.561839,0.125289
2.2,-0.0774785,-0.459629,-0.017156
2.201,0.0475609,-0.356472,0.346878
2.202,0.0535959,0.365755,0.152052
2.203,-0.0940981,0.343582,0.0659153
2.204,-0.462831,0.245102,-0.0862022
2.205,-0.0770415,-0.690901,0.162722
2.206,0.0429156,-0.217255,0.301762
2.207,0.00332786,0.451565,0.161772
2.208,-0.195452,0.453091,0.0949652
2.209,-0.504045,-0.0901991,-0.247293
2.21,0.0328385,-0.406424,0.132431
2.211,0.0829377,0.0334312,0.174058
2.212,-0.0618257,0.584124,0.216308
2.213,-0.165932,0.21967,-0.0198456
2.214,-0.426161,-0.584582,-0.267143
2.215,0.0599924,-0.399974,0.26525
2.216,0.0540953,0.0937342,0.13481
2.217,-0.126515,0.611793,0.216119
2.218,-0.282276,0.192825,-0.0697497
2.219,-0.378019,-0.939396,-0.0692904
2.22,0.101411,-0.143322,0.148244
2.221,0.0408194,0.248123,0.116834
2.222,-0.220106,0.713945,0.272544
2.223,-0.178917,-0.0932674,-0.124398
2.224,-0.194346,-0.968277,0.297575
2.225,0.112702,-0.00353981,0.150021
2.226,0.00848294,0.288741,0.100178
2.227,-0.277803,0.622482,0.193118
2.228,-0.235577,-0.329816,-0.175695
2.229,-0.131408,-0.906868,0.528865
2.23,0.0991134,0.143689,0.121068
2.231,-0.0383559,0.391628,0.115376
2.232,-0.390767,0.650987,0.199122
2.233,-0.114482,-0.419761,-0.0708565
2.234,-0.00449838,-0.555881,0.448309
2.235,0.077669,0.286346,0.139949
2.236,-0.0679019,0.345675,0.0782025
2.237,-0.43692,0.423525,0.0276115
2.238,-0.130947,-0.698316,0.0617301
2.239,0.0193459,-0.362352,0.390874
2.24,0.03462,0.39365,0.149347
2.241,-0.131271,0.395447,0.0798649
2.242,-0.493526,0.154118,-0.140986
2.243,-0.00696416,-0.501716,0.121483
2.244,0.0818265,-0.066199,0.213225
2.245,-0.0216775,0.524991,0.19386
2.246,-0.14864,0.279255,0.0137624
2.247,-0.45771,-0.322535,-0.285993
2.248,0.0257232,-0.517958,0.2745
2.249,0.0566099,0.015065,0.167675
2.25,-0.0870788,0.591138,0.212725
2.251,-0.212995,0.221336,-0.0352319
2.252,-0.430148,-0.738095,-0.230024
2.253,0.0879799,-0.236931,0.160183
2.254,0.054154,0.169863,0.123226
2.255,-0.167444,0.678519,0.25533
2.256,-0.178917,0.00922873,-0.100867
2.257,-0.238316,-0.933575,0.127847
2.258,0.103778,-0.13082,0.203883
2.259,0.026163,0.218254,0.0972132
2.26,-0.242163,0.674983,0.238645
2.261,-0.219039,-0.178095,-0.158164
2.262,-0.190148,-1.00264,0.418161
2.263,0.109816,0.0622892,0.133797
2.264,-0.0170857,0.40558,0.133266
2.265,-0.344347,0.708627,0.250638
2.266,-0.141017,-0.340779,-0.10968
2.267,-0.046054,-0.704775,0.47389
2.268,0.0949195,0.206236,0.13425
2.269,-0.046401,0.350742,0.0911082
2.27,-0.375799,0.469793,0.0684974
2.271,-0.179115,-0.647008,-0.0426852
2.272,-0.0117875,-0.517487,0.474108
2.273,0.0602541,0.327797,0.137727
2.274,-0.0993263,0.39336,0.0899432
2.275,-0.470967,0.341948,-0.0304041
2.276,-0.0324109,-0.482331,0.0577595
2.277,0.0702344,-0.185432,0.269591
2.278,0.0144037,0.450884,0.170314
2.279,-0.118284,0.29566,0.0328201
2.28,-0.438791,-0.116296,-0.235567
2.281,0.00441842,-0.53891,0.196699
2.282,0.0579891,-0.0663638,0.212246
2.283,-0.0457116,0.543947,0.195544
2.284,-0.219065,0.348727,0.0276524
2.285,-0.483103,-0.461481,-0.306495
2.286,0.067623,-0.322519,0.160178
2.287,0.0643348,0.101472,0.142604
2.288,-0.118785,0.638319,0.237197
2.289,-0.168867,0.0981195,-0.0688776
2.29,-0.330585,-0.865282,-0.0726274
2.291,0.098539,-0.199179,0.184022
2.292,0.0428736,0.192275,0.111869
2.293,-0.187608,0.639641,0.222216
2.294,-0.281081,-0.0138424,-0.149612
2.295,-0.254666,-1.02877,0.239689
2.296,0.108159,-0.0195097,0.130121
2.297,0.01206,0.327847,0.116984
2.298,-0.288981,0.713611,0.261775
2.299,-0.176494,-0.253706,-0.139222
2.3,-0.082382,-0.804111,0.428838
2.301,0.10472,0.11036,0.151611
2.302,-0.0192495,0.301143,0.0845644
2.303,-0.344939,0.573731,0.1466
2.304,-0.190105,-0.508219,-0.114641
2.305,-0.0483881,-0.673353,0.52535
2.306,0.0815412,0.256245,0.130512
2.307,-0.0770572,0.413366,0.109462
2.308,-0.452884,0.527578,0.0979149
2.309,-0.0709245,-0.488857,0.00489091
2.31,0.0326793,-0.3613,0.373208
2.311,0.0438261,0.383184,0.155604
2.312,-0.096592,0.318468,0.0524385
2.313,-0.437955,0.106243,-0.151447
2.314,-0.0383014,-0.604916,0.154065
2.315,0.0521094,-0.165563,0.269458
2.316,-0.00959609,0.489878,0.177513
2.317,-0.204834,0.431978,0.0796701
2.318,-0.486029,-0.210519,-0.276227
2.319,0.0430508,-0.389096,0.144614
2.32,0.0755831,0.045689,0.167166
2.321,-0.0764667,0.598044,0.220732
2.322,-0.182835,0.212398,-0.0290878
2.323,-0.349333,-0.687388,-0.186966
2.324,0.0741385,-0.339698,0.240376
2.325,0.0510645,0.115811,0.126238
2.326,-0.141047,0.616091,0.215564
2.327,-0.245893,0.0983758,-0.0981546
2.328,-0.33594,-0.980643,0.022
2.329,0.105896,-0.117891,0.154354
2.33,0.0341485,0.301712,0.124301
2.331,-0.235103,0.7074,0.265007
2.332,-0.169676,-0.133922,-0.125995
2.333,-0.138695,-0.893408,0.338037
2.334,0.112127,0.0263092,0.156432
2.335,0.000890563,0.28977,0.0946037
2.336,-0.313874,0.672148,0.225554
2.337,-0.256706,-0.401755,-0.185102
2.338,-0.109203,-0.852895,0.548809
2.339,0.0965632,0.179216,0.126344
2.34,-0.0449693,0.377516,0.104997
2.341,-0.399388,0.596055,0.155662
2.342,-0.0949981,-0.428906,-0.0484755
2.343,0.020612,-0.466604,0.404118
2.344,0.0686142,0.319825,0.145377
2.345,-0.0792715,0.348367,0.0744973
2.346,-0.449463,0.355912,-0.0180679
2.347,-0.108,-0.701424,0.106291
2.348,0.0309202,-0.298149,0.351639
2.349,0.0221199,0.412418,0.151017
2.35,-0.151398,0.406182,0.0794969
2.351,-0.503119,0.0597664,-0.188165
2.352,0.0132385,-0.450784,0.122758
2.353,0.0696549,-0.0611725,0.211885
2.354,-0.0368949,0.545834,0.201008
2.355,-0.158791,0.263783,0.00282561
2.356,-0.431545,-0.442742,-0.281707
2.357,0.0531468,-0.414001,0.217957
2.358,0.057038,0.0484199,0.153223
2.359,-0.0989968,0.58542,0.205387
2.36,-0.250529,0.231767,-0.0419463
2.361,-0.418828,-0.819176,-0.18646
2.362,0.0939499,-0.203862,0.15826
2.363,0.0493049,0.193665,0.118477
2.364,-0.185535,0.688239,0.25904
2.365,-0.17395,-0.0313328,-0.108958
2.366,-0.213952,-0.944931,0.196789
2.367,0.107503,-0.0861539,0.190212
2.368,0.020415,0.250499,0.0987421
2.369,-0.264855,0.691512,0.247814
2.37,-0.277702,-0.235176,-0.194706
2.371,-0.175167,-0.988585,0.476998
2.372,0.105306,0.0954682,0.124576
2.373,-0.0264277,0.409356,0.13032
2.374,-0.352597,0.667275,0.216623
2.375,-0.123775,-0.359102,-0.0929241
2.376,-0.0308854,-0.652874,0.473312
2.377,0.0890758,0.238295,0.136913
2.378,-0.0522409,0.337516,0.0817699
2.379,-0.411023,0.488594,0.0758743
2.38,-0.141469,-0.631653,-0.00515036
2.381,0.000385476,-0.460294,0.445772
2.382,0.0517858,0.354382,0.142844
2.383,-0.113938,0.405516,0.0913456
2.384,-0.486551,0.293349,-0.0626946
2.385,-0.0286218,-0.51507,0.0879254
2.386,0.0751431,-0.14188,0.248247
2.387,0.00266677,0.474768,0.17694
2.388,-0.125452,0.28422,0.0246334
2.389,-0.434615,-0.200972,-0.255897
2.39,0.0169608,-0.514635,0.208756
2.391,0.0598697,-0.032423,0.194182
2.392,-0.0599204,0.566374,0.204947
2.393,-0.24832,0.361275,0.0269969
2.394,-0.469699,-0.565421,-0.294552
2.395,0.0757903,-0.294417,0.16367
2.396,0.0612619,0.128779,0.134256
2.397,-0.13615,0.653375,0.24374
2.398,-0.171315,0.0652043,-0.0808632
2.399,-0.301832,-0.910209,0.000125517
2.4,0.103468,-0.158296,0.173704
2.401,0.0372138,0.211613,0.107717
2.402,-0.206784,0.649686,0.225856
2.403,-0.285863,-0.0689373,-0.167191
2.404,-0.242003,-1.0469,0.31498
2.405,0.110683,0.00813472,0.135978
2.406,0.0050226,0.325211,0.111049
2.407,-0.311078,0.723326,0.266665
2.408,-0.150263,-0.274277,-0.12171
2.409,-0.0574572,-0.746262,0.431181
2.41,0.103498,0.152714,0.139822
2.411,-0.0281437,0.319467,0.0867857
2.412,-0.367007,0.573625,0.143279
2.413,-0.147743,-0.492441,-0.0803718
2.414,-0.0239273,-0.596887,0.489825
2.415,0.0728422,0.275012,0.12738
2.416,-0.0895282,0.422688,0.10975
2.417,-0.462203,0.467411,0.0537524
2.418,-0.0560272,-0.486436,0.024063
2.419,0.0523017,-0.285334,0.324527
2.42,0.0338393,0.413242,0.159712
2.421,-0.118396,0.354441,0.062221
2.422,-0.42416,0.00470413,-0.190353
2.423,-0.031869,-0.620967,0.193898
2.424,0.0499307,-0.139845,0.254658
2.425,-0.0213684,0.500717,0.178587
2.426,-0.176133,0.332352,0.0313438
2.427,-0.479771,-0.304753,-0.292288
2.428,0.0522841,-0.365434,0.150052
2.429,0.0737572,0.0733954,0.157166
2.43,-0.091188,0.614276,0.227428
2.431,-0.185503,0.181743,-0.0432565
2.432,-0.329852,-0.748549,-0.143571
2.433,0.0846458,-0.287806,0.219139
2.434,0.0496216,0.147873,0.119941
2.435,-0.166067,0.664748,0.245155
2.436,-0.289955,0.0920592,-0.115515
2.437,-0.325312,-1.03002,0.0952658
2.438,0.107209,-0.076939,0.140672
2.439,0.0265431,0.291626,0.115505
2.44,-0.256571,0.717197,0.269309
2.441,-0.190927,-0.179773,-0.143254
2.442,-0.115118,-0.862758,0.378611
2.443,0.110511,0.0606125,0.153525
2.444,-0.00573877,0.28413,0.0874279
2.445,-0.317778,0.61302,0.179765
2.446,-0.208909,-0.428306,-0.148632
2.447,-0.0787143,-0.775033,0.536103
2.448,0.0929664,0.208633,0.130152
2.449,-0.0717125,0.462375,0.13903
2.45,-0.425189,0.590775,0.148442
2.451,-0.0857703,-0.447661,-0.0317004
2.452,0.0388867,-0.398489,0.366458
2.453,0.0605746,0.341947,0.149464
2.454,-0.0862226,0.343977,0.0693471
2.455,-0.455596,0.298213,-0.0542759
2.456,-0.0946576,-0.705036,0.138395
2.457,0.0360364,-0.25785,0.327582
2.458,0.0120704,0.441478,0.160885
2.459,-0.154025,0.381236,0.0646639
2.46,-0.505365,-0.0151085,-0.220181
2.461,0.0246766,-0.420529,0.124175
2.462,0.0832784,0.00699968,0.183627
2.463,-0.0502487,0.568423,0.210057
2.464,-0.163628,0.241679,-0.00914046
2.465,-0.429526,-0.52016,-0.277142
2.466,0.0528746,-0.427621,0.263604
2.467,0.059716,0.0871593,0.142286
2.468,-0.113825,0.599554,0.210927
2.469,-0.270372,0.215197,-0.0557236
2.47,-0.37438,-0.881949,-0.108094
2.471,0.0976577,-0.16565,0.146506
2.472,0.0479383,0.26839,0.126589
2.473,-0.206905,0.712276,0.273518
2.474,-0.179486,-0.0641178,-0.118965
2.475,-0.205623,-0.963715,0.251937
2.476,0.112426,-0.0302792,0.155086
2.477,0.0141528,0.275872,0.100545
2.478,-0.264434,0.627844,0.199328
2.479,-0.223235,-0.282107,-0.168263
2.48,-0.144314,-0.933857,0.504262
2.481,0.104469,0.124316,0.128466
2.482,-0.0323519,0.394941,0.120069
2.483,-0.373621,0.657802,0.20654
2.484,-0.135374,-0.423968,-0.0892417
2.485,0.00358803,-0.552473,0.421329
2.486,0.0823956,0.260323,0.142846
2.487,-0.0652902,0.36228,0.0876816
2.488,-0.393166,0.368558,-0.000179626
2.489,-0.10871,-0.607537,0.0241213
2.49,0.0177328,-0.389496,0.402222
2.491,0.0424625,0.383274,0.149862
2.492,-0.153349,0.485128,0.126052
2.493,-0.501922,0.231312,-0.101374
2.494,-0.0107462,-0.48668,0.100417
2.495,0.0622712,-0.139069,0.252517
2.496,-0.0114746,0.500172,0.184523
2.497,-0.133046,0.267152,0.013764
2.498,-0.438365,-0.290589,-0.273789
2.499,0.0380673,-0.442635,0.187967
2.5,0.0628232,0.0110577,0.17404
2.501,-0.0745382,0.566329,0.200055
2.502,-0.249216,0.310794,-0.00124233
2.503,-0.424678,-0.678248,-0.245381
2.504,0.0832987,-0.245632,0.149121
2.505,0.0623101,0.190998,0.130171
2.506,-0.157634,0.680578,0.258874
2.507,-0.17256,0.0317992,-0.0916206
2.508,-0.278131,-0.943526,0.0695424
2.509,0.107098,-0.12264,0.167882
2.51,0.0315262,0.230102,0.104846
2.511,-0.223071,0.64892,0.222261
2.512,-0.28815,-0.126449,-0.181895
2.513,-0.222174,-1.04376,0.385734
2.514,0.109478,0.0427056,0.130999
2.515,-0.00289718,0.326187,0.105977
2.516,-0.324543,0.694272,0.241603
2.517,-0.143484,-0.314502,-0.114398
2.518,-0.0399724,-0.698073,0.441864
2.519,0.0977545,0.179217,0.143848
2.52,-0.0405853,0.349872,0.0937295
2.521,-0.363087,0.485304,0.081158
2.522,-0.147673,-0.553265,-0.0558671
2.523,-0.0166834,-0.548392,0.483308
2.524,0.0658274,0.308773,0.134484
2.525,-0.0944338,0.401748,0.0963443
2.526,-0.462926,0.384505,-0.00207234
2.527,-0.0390606,-0.473622,0.0417937
2.528,0.0650954,-0.219957,0.287519
2.529,0.0221395,0.438291,0.167706
2.53,-0.127916,0.3456,0.0542147
2.531,-0.423073,-0.0810501,-0.219794
2.532,-0.0150224,-0.595354,0.212782
2.533,0.0530409,-0.100103,0.230815
2.534,-0.0356524,0.524908,0.187434
2.535,-0.180464,0.302099,0.0143272
2.536,-0.467193,-0.415751,-0.298013
2.537,0.0626201,-0.326137,0.146725
2.538,0.0740323,0.119272,0.146073
2.539,-0.108619,0.632871,0.235941
2.54,-0.191445,0.150353,-0.0582735
2.541,-0.306928,-0.80905,-0.0857488
2.542,0.0932216,-0.238245,0.20362
2.543,0.0446095,0.167629,0.113274
2.544,-0.184519,0.67343,0.247889
2.545,-0.290784,0.0331189,-0.137718
2.546,-0.297579,-1.05479,0.183079
2.547,0.109838,-0.0450415,0.141599
2.548,0.0184964,0.295419,0.110341
2.549,-0.277466,0.720651,0.269051
2.55,-0.18078,-0.223479,-0.140845
2.551,-0.0988593,-0.837633,0.414773
2.552,0.106705,0.0862825,0.154912
2.553,-0.0133444,0.292958,0.0852826
2.554,-0.34235,0.616767,0.178992
2.555,-0.171218,-0.443209,-0.115834
2.556,-0.0581331,-0.710924,0.528681
2.557,0.0868525,0.238587,0.131365
2.558,-0.0848238,0.472511,0.140047
2.559,-0.443277,0.55575,0.119884
2.56,-0.0765267,-0.473417,-0.00983651
2.561,0.0389714,-0.36747,0.364322
2.562,0.0506768,0.371474,0.151254
2.563,-0.101763,0.359919,0.071268
2.564,-0.419781,0.130107,-0.135908
2.565,-0.0518115,-0.623363,0.142072
2.566,0.0484914,-0.195826,0.287531
2.567,-0.000941342,0.475918,0.173579
2.568,-0.202089,0.454277,0.0940114
2.569,-0.507352,-0.122013,-0.258628
2.57,0.0367447,-0.402389,0.139162
2.571,0.0781213,0.0320514,0.173101
2.572,-0.0674168,0.591514,0.219424
2.573,-0.170789,0.215172,-0.0235811
2.574,-0.410062,-0.623369,-0.249604
2.575,0.0672433,-0.370268,0.24751
2.576,0.0545473,0.106285,0.132105
2.577,-0.137331,0.644595,0.236796
2.578,-0.284071,0.176256,-0.0779088
2.579,-0.368967,-0.959443,-0.0417246
2.58,0.10259,-0.131127,0.146267
2.581,0.0387963,0.264002,0.118324
2.582,-0.224749,0.709287,0.268113
2.583,-0.193713,-0.106999,-0.134368
2.584,-0.15662,-0.913697,0.311011
2.585,0.110579,-0.00550246,0.169628
2.586,0.0055701,0.294373,0.0998859
2.587,-0.28441,0.61923,0.189621
2.588,-0.240939,-0.354141,-0.178211
2.589,-0.122587,-0.887044,0.534783
2.59,0.0978319,0.153759,0.121205
2.591,-0.0439184,0.406397,0.120227
2.592,-0.392265,0.630239,0.182738
2.593,-0.122074,-0.453229,-0.068182
2.594,0.017149,-0.494777,0.406077
2.595,0.0741759,0.289271,0.144393
2.596,-0.0670964,0.326713,0.0693401
2.597,-0.423676,0.353594,-0.0150067
2.598,-0.075964,-0.569005,0.0466336
2.599,0.0339076,-0.318943,0.357797
2.6,0.0298386,0.395739,0.147183
2.601,-0.144154,0.413986,0.0861932
2.602,-0.499696,0.121027,-0.158781
2.603,0.00185421,-0.479445,0.121505
2.604,0.0717325,-0.0788068,0.220548
2.605,-0.0271725,0.531193,0.195065
2.606,-0.15391,0.277205,0.0109194
2.607,-0.439016,-0.377928,-0.283257
2.608,0.0453976,-0.438484,0.217149
2.609,0.0578998,0.0295916,0.161982
2.61,-0.088876,0.577581,0.203078
2.611,-0.262883,0.284913,-0.0186742
2.612,-0.423048,-0.764037,-0.21476
2.613,0.0899172,-0.230939,0.163478
2.614,0.0545315,0.191157,0.123389
2.615,-0.176266,0.695467,0.26625
2.616,-0.185046,0.00182309,-0.105648
2.617,-0.275357,-0.988693,0.130585
2.618,0.104709,-0.117668,0.200839
2.619,0.0241386,0.224823,0.096384
2.62,-0.244433,0.660789,0.227445
2.621,-0.224748,-0.195424,-0.163222
2.622,-0.195227,-1.01672,0.44369
2.623,0.108159,0.0741018,0.129394
2.624,-0.0119519,0.341487,0.106511
2.625,-0.340996,0.676915,0.225707
2.626,-0.130073,-0.341263,-0.100924
2.627,-0.0359286,-0.675394,0.466926
2.628,0.0927328,0.218439,0.134809
2.629,-0.0509183,0.357527,0.0921359
2.63,-0.377025,0.44264,0.0501255
2.631,-0.137909,-0.593603,-0.0238246
2.632,0.0029374,-0.472173,0.442852
2.633,0.0569754,0.342743,0.141858
2.634,-0.126507,0.465349,0.121837
2.635,-0.481337,0.330825,-0.0390357
2.636,-0.0372191,-0.523363,0.0784052
2.637,0.0752831,-0.159202,0.25518
2.638,0.00806534,0.471567,0.176555
2.639,-0.12683,0.303374,0.033329
2.64,-0.450741,-0.133093,-0.244315
2.641,0.0170921,-0.492788,0.177439
2.642,0.0635926,-0.0397538,0.199617
2.643,-0.0503316,0.53253,0.186605
2.644,-0.22706,0.342944,0.0222704
2.645,-0.474689,-0.512186,-0.301379
2.646,0.0715768,-0.294477,0.148471
2.647,0.0690531,0.144483,0.138506
2.648,-0.12948,0.659218,0.249393
2.649,-0.185,0.100009,-0.0747689
2.65,-0.342024,-0.894211,-0.0637666
2.651,0.0929728,-0.225685,0.230226
2.652,0.0380608,0.179547,0.105972
2.653,-0.199028,0.657143,0.232883
2.654,-0.235061,-0.062552,-0.144353
2.655,-0.267145,-1.06249,0.271244
2.656,0.110536,-0.00917986,0.137206
2.657,0.0100073,0.309375,0.108668
2.658,-0.294566,0.706779,0.255586
2.659,-0.154765,-0.256158,-0.125128
2.66,-0.0685551,-0.772986,0.426233
2.661,0.105434,0.134463,0.142618
2.662,-0.0251181,0.326091,0.0915634
2.663,-0.364792,0.604475,0.166589
2.664,-0.20089,-0.546915,-0.111616
2.665,-0.0356572,-0.636409,0.506525
2.666,0.0782252,0.265627,0.129936
2.667,-0.0758312,0.392932,0.0989658
2.668,-0.443831,0.472047,0.0595681
2.669,-0.0580148,-0.465548,0.0102683
2.67,0.0441869,-0.319968,0.345634
2.671,0.0390547,0.40221,0.15787
2.672,-0.106522,0.336012,0.0571968
2.673,-0.469799,0.137348,-0.144197
2.674,-0.0522432,-0.669939,0.20319
2.675,0.0491119,-0.157795,0.265507
2.676,-0.013847,0.478658,0.168883
2.677,-0.182492,0.364291,0.0466566
2.678,-0.496562,-0.23995,-0.286502
2.679,0.0472586,-0.379631,0.148113
2.68,0.0734316,0.0535826,0.163332
2.681,-0.0832947,0.60589,0.223986
2.682,-0.184973,0.199626,-0.035435
2.683,-0.340217,-0.717195,-0.167396
2.684,0.079468,-0.314374,0.229707
2.685,0.0493698,0.125449,0.122551
2.686,-0.148744,0.620674,0.216989
2.687,-0.248857,0.0785646,-0.106617
2.688,-0.32326,-0.998119,0.0600119
2.689,0.10717,-0.101241,0.151417
2.69,0.0304849,0.303484,0.122095
2.691,-0.246039,0.717222,0.270987
2.692,-0.192932,-0.153861,-0.141261
2.693,-0.12746,-0.879481,0.356463
2.694,0.111841,0.0438088,0.152469
2.695,-0.00290084,0.297886,0.0947863
2.696,-0.319769,0.6579,0.213648
2.697,-0.235621,-0.418224,-0.169278
2.698,-0.0863189,-0.799978,0.528329
2.699,0.0941137,0.189109,0.124964
2.7,-0.0511165,0.392999,0.109902
2.701,-0.416257,0.614713,0.167846
2.702,-0.0909669,-0.432142,-0.043099
2.703,0.015326,-0.470771,0.416707
2.704,0.0657282,0.328034,0.144778
2.705,-0.0804548,0.342413,0.0710119
2.706,-0.446216,0.323891,-0.0372129
2.707,-0.0944657,-0.677536,0.108107
2.708,0.0399016,-0.272688,0.332199
2.709,0.0195771,0.425136,0.15629
2.71,-0.155412,0.409417,0.0801255
2.711,-0.498345,0.0327911,-0.198779
2.712,0.0108935,-0.478493,0.14282
2.713,0.0826498,-0.0151951,0.192161
2.714,-0.0410661,0.55333,0.204034
2.715,-0.148316,0.234738,-0.00669082
2.716,-0.386416,-0.496285,-0.255211
2.717,0.0513699,-0.428869,0.241382
2.718,0.0563174,0.0544421,0.150166
2.719,-0.10288,0.587568,0.205741
2.72,-0.232745,0.193747,-0.0541555
2.721,-0.398865,-0.843674,-0.155856
2.722,0.0958115,-0.202674,0.166696
2.723,0.0519419,0.25492,0.127229
2.724,-0.196043,0.706759,0.271173
2.725,-0.179398,-0.0417077,-0.113986
2.726,-0.212884,-0.954524,0.215402
2.727,0.111071,-0.0610792,0.172453
2.728,0.0182288,0.256557,0.0983674
2.729,-0.270391,0.688817,0.244868
2.73,-0.278355,-0.255066,-0.196988
2.731,-0.1664,-0.974599,0.491306
2.732,0.104594,0.106157,0.124703
2.733,-0.0276494,0.397324,0.123672
2.734,-0.368122,0.685453,0.229153
2.735,-0.120709,-0.368359,-0.0886136
2.736,-0.0246102,-0.632079,0.468106
2.737,0.0869192,0.247671,0.136788
2.738,-0.0584449,0.354648,0.0870586
2.739,-0.399196,0.429941,0.0379774
2.74,-0.124871,-0.612203,0.00445995
2.741,0.0131678,-0.421601,0.417303
2.742,0.0488067,0.365799,0.146053
2.743,-0.139747,0.471404,0.12149
2.744,-0.478073,0.246115,-0.0885651
2.745,-0.0136715,-0.461754,0.0763244
2.746,0.0670039,-0.149114,0.255821
2.747,-0.00322756,0.489697,0.180785
2.748,-0.146015,0.320028,0.0347919
2.749,-0.412894,-0.262805,-0.259237
2.75,0.0184922,-0.522101,0.229899
2.751,0.0584904,-0.0218778,0.187819
2.752,-0.0641465,0.555723,0.19655
2.753,-0.23189,0.313275,0.00483258
2.754,-0.464766,-0.598867,-0.287443
2.755,0.0783205,-0.285785,0.165449
2.756,0.0612263,0.14389,0.13204
2.757,-0.144054,0.667423,0.252118
2.758,-0.190597,0.0728311,-0.0864083
2.759,-0.300411,-0.922581,0.0138647
2.76,0.10439,-0.151978,0.175598
2.761,0.0361864,0.218643,0.107612
2.762,-0.20798,0.639151,0.217838
2.763,-0.240019,-0.105083,-0.156154
2.764,-0.233504,-1.04335,0.336691
2.765,0.110547,0.0182339,0.13486
2.766,0.00247832,0.328187,0.110459
2.767,-0.315865,0.718075,0.261809
2.768,-0.146713,-0.283067,-0.118877
2.769,-0.0563699,-0.742433,0.441386
2.77,0.100708,0.151085,0.146737
2.771,-0.0287081,0.309586,0.0820945
2.772,-0.367483,0.553032,0.128159
2.773,-0.142088,-0.49748,-0.0729637
2.774,-0.0185187,-0.576859,0.481775
2.775,0.0706731,0.283854,0.128684
2.776,-0.101809,0.456143,0.124454
2.777,-0.469321,0.463138,0.0497959
2.778,-0.0539931,-0.49411,0.0314136
2.779,0.045291,-0.292009,0.335096
2.78,0.0306371,0.41873,0.16306
2.781,-0.119722,0.348371,0.0585829
2.782,-0.422721,-0.0192915,-0.198826
2.783,-0.0211781,-0.591543,0.185525
2.784,0.0561724,-0.116213,0.240687
2.785,-0.0261143,0.51858,0.187469
2.786,-0.223922,0.419985,0.0676027
2.787,-0.497228,-0.319498,-0.301228
2.788,0.0552612,-0.364678,0.158906
2.789,0.0670584,0.0627637,0.156127
2.79,-0.0969156,0.61741,0.228406
2.791,-0.166039,0.14044,-0.0523888
2.792,-0.334153,-0.777176,-0.132573
2.793,0.0819801,-0.297642,0.243439
2.794,0.0487204,0.157909,0.11819
2.795,-0.169858,0.658026,0.239383
2.796,-0.237073,0.0282357,-0.119537
2.797,-0.31788,-1.0382,0.118986
2.798,0.107951,-0.0682801,0.140664
2.799,0.0244743,0.283589,0.111464
2.8,-0.263981,0.725385,0.274772
2.801,-0.163061,-0.182128,-0.127506
2.802,-0.117254,-0.86974,0.392238
2.803,0.108327,0.0587245,0.159329
2.804,-0.00728441,0.286263,0.0870734
2.805,-0.321395,0.610047,0.176998
2.806,-0.203145,-0.434644,-0.143179
2.807,-0.0724936,-0.758044,0.53208
2.808,0.0913181,0.214285,0.129157
2.809,-0.071245,0.451876,0.133211
2.81,-0.418066,0.560409,0.126548
2.811,-0.0826425,-0.448445,-0.0278323
2.812,0.0365682,-0.398119,0.371618
2.813,0.0588249,0.344672,0.14987
2.814,-0.0937146,0.36382,0.076429
2.815,-0.415133,0.190235,-0.105405
2.816,-0.0597499,-0.610073,0.110338
2.817,0.0406553,-0.241164,0.31594
2.818,0.00991336,0.447921,0.16328
2.819,-0.148779,0.361514,0.0555674
2.82,-0.490686,-0.0596728,-0.232926
2.821,0.0270764,-0.419215,0.128914
2.822,0.0822452,0.0124642,0.181438
2.823,-0.0523832,0.566565,0.208486
2.824,-0.173084,0.252702,-0.00734508
2.825,-0.374748,-0.567969,-0.238244
2.826,0.0598442,-0.399295,0.243896
2.827,0.0540438,0.0740944,0.140752
2.828,-0.121411,0.623673,0.225753
2.829,-0.223117,0.144123,-0.0721556
2.83,-0.38258,-0.901718,-0.102851
2.831,0.0995947,-0.168381,0.156814
2.832,0.043959,0.228298,0.116457
2.833,-0.209837,0.712362,0.273106
2.834,-0.171185,-0.0718786,-0.116408
2.835,-0.204986,-0.969189,0.264657
2.836,0.112456,-0.021792,0.151685
2.837,0.0125621,0.275695,0.0991547
2.838,-0.272694,0.641977,0.208552
2.839,-0.257688,-0.301065,-0.188588
2.84,-0.130137,-0.905586,0.493852
2.841,0.101184,0.126806,0.121275
2.842,-0.0325629,0.386425,0.115722
2.843,-0.380099,0.662946,0.209819
2.844,-0.126197,-0.415411,-0.0830426
2.845,-0.0233327,-0.612891,0.479267
2.846,0.0808404,0.262474,0.143154
2.847,-0.0593117,0.32617,0.072827
2.848,-0.411505,0.396728,0.014292
2.849,-0.0962741,-0.582273,0.024958
2.85,0.0175641,-0.384821,0.400991
2.851,0.0405633,0.380503,0.146891
2.852,-0.12183,0.388915,0.0794492
2.853,-0.482633,0.183025,-0.1238
2.854,-0.00384753,-0.453907,0.0890919
2.855,0.0701803,-0.11439,0.238038
2.856,-0.013877,0.507894,0.186531
2.857,-0.152719,0.307018,0.025941
2.858,-0.406101,-0.33578,-0.265243
2.859,0.0304049,-0.490138,0.231797
2.86,0.0600889,0.00818661,0.173577
2.861,-0.0792863,0.589113,0.213735
2.862,-0.260149,0.321839,0.00186846
2.863,-0.447899,-0.689952,-0.25769
2.864,0.0848828,-0.248651,0.157565
2.865,0.0579022,0.169442,0.126817
2.866,-0.161642,0.684987,0.261316
2.867,-0.179092,0.0283387,-0.0955183
2.868,-0.254476,-0.928322,0.0916359
2.869,0.103497,-0.145835,0.202948
2.87,0.031098,0.236334,0.10562
2.871,-0.223577,0.641967,0.216995
2.872,-0.262446,-0.145621,-0.174339
2.873,-0.218702,-1.0406,0.39262
2.874,0.108884,0.0463086,0.129206
2.875,-0.00525303,0.343703,0.111724
2.876,-0.333509,0.71599,0.257911
2.877,-0.151819,-0.327907,-0.119362
2.878,-0.073819,-0.774757,0.502156
2.879,0.0967531,0.181207,0.144308
2.88,-0.036889,0.319609,0.0816893
2.881,-0.364587,0.481626,0.0783986
2.882,-0.148008,-0.559818,-0.053184
2.883,-0.0129598,-0.537166,0.475941
2.884,0.0658737,0.317293,0.138635
2.885,-0.121365,0.488401,0.13744
2.886,-0.48027,0.408725,0.0111795
2.887,-0.0427737,-0.499344,0.0519323
2.888,0.0492891,-0.251997,0.315018
2.889,0.0197686,0.440513,0.167842
2.89,-0.114627,0.301237,0.0369117
2.891,-0.436736,-0.0784902,-0.223309
2.892,-0.00961914,-0.580722,0.209305
2.893,0.0549743,-0.0893305,0.224779
2.894,-0.0365535,0.513187,0.179847
2.895,-0.204657,0.341297,0.0276193
2.896,-0.471488,-0.429775,-0.300498
2.897,0.0626574,-0.349467,0.169628
2.898,0.0733298,0.123617,0.1448
2.899,-0.11192,0.637516,0.238334
2.9,-0.191482,0.144072,-0.0607734
2.901,-0.303233,-0.817166,-0.0762314
2.902,0.0944348,-0.230399,0.200764
2.903,0.0433947,0.167462,0.111912
2.904,-0.18268,0.65519,0.234652
2.905,-0.22275,-0.0207743,-0.128268
2.906,-0.268754,-1.02532,0.199188
2.907,0.107855,-0.036336,0.131965
2.908,0.0161919,0.328567,0.120144
2.909,-0.282668,0.728955,0.274977
2.91,-0.163524,-0.221424,-0.130194
2.911,-0.102146,-0.845395,0.424723
2.912,0.108405,0.0994889,0.147275
2.913,-0.0153404,0.306173,0.0892864
2.914,-0.343438,0.615923,0.1782
2.915,-0.171399,-0.44666,-0.115175
2.916,-0.0589611,-0.711411,0.53168
2.917,0.0863578,0.239614,0.130934
2.918,-0.0855197,0.473846,0.140583
2.919,-0.444522,0.555507,0.119549
2.92,-0.0818665,-0.492788,-0.0072932
2.921,0.0284873,-0.389459,0.386001
2.922,0.0498275,0.369773,0.153561
2.923,-0.0995843,0.349871,0.0669319
2.924,-0.452028,0.190207,-0.113612
2.925,-0.0426569,-0.591682,0.128707
2.926,0.0427045,-0.206854,0.295948
2.927,-0.00124215,0.467642,0.168572
2.928,-0.159293,0.353357,0.0478072
2.929,-0.483926,-0.154258,-0.261014
2.93,0.0378868,-0.391598,0.132772
2.931,0.0787524,0.0360192,0.171901
2.932,-0.0677641,0.590647,0.218874
2.933,-0.155888,0.191065,-0.0283345
2.934,-0.398992,-0.630855,-0.240573
2.935,0.0750898,-0.326895,0.203991
2.936,0.0540022,0.105924,0.131611
2.937,-0.13693,0.638898,0.232783
2.938,-0.247713,0.130933,-0.0859492
2.939,-0.352683,-0.951339,-0.0287421
2.94,0.10375,-0.140491,0.157865
2.941,0.0391725,0.291849,0.125336
2.942,-0.227551,0.717817,0.274397
2.943,-0.17078,-0.108313,-0.122761
2.944,-0.159309,-0.918169,0.311116
2.945,0.109514,-0.0105549,0.173439
2.946,0.00655628,0.263349,0.0900705
2.947,-0.29371,0.650312,0.211597
2.948,-0.190981,-0.321001,-0.147485
2.949,-0.107908,-0.856632,0.514997
2.95,0.0976937,0.15567,0.121453
2.951,-0.0474047,0.422765,0.12722
2.952,-0.400075,0.650904,0.197973
2.953,-0.115633,-0.441315,-0.0655716
2.954,-0.00754579,-0.552648,0.458892
2.955,0.0737939,0.29064,0.144479
2.956,-0.0676179,0.327072,0.0692677
2.957,-0.421518,0.344619,-0.0201336
2.958,-0.0798094,-0.583858,0.0513715
2.959,0.0300598,-0.325945,0.364698
2.96,0.0307151,0.411775,0.156316
2.961,-0.168584,0.481847,0.119849
2.962,-0.506689,0.134017,-0.15388
2.963,0.0059872,-0.455506,0.110367
2.964,0.0765237,-0.06567,0.213971
2.965,-0.0273222,0.533819,0.196836
2.966,-0.145409,0.259519,0.0056359
2.967,-0.415315,-0.399282,-0.273237
2.968,0.0409891,-0.460137,0.234967
2.969,0.0596019,0.0334589,0.161679
2.97,-0.0925591,0.60358,0.219602
2.971,-0.266839,0.291472,-0.0162755
2.972,-0.432026,-0.765565,-0.221008
2.973,0.0902117,-0.223351,0.158011
2.974,0.0526753,0.180206,0.121555
2.975,-0.173153,0.679665,0.255027
2.976,-0.1732,-0.00825785,-0.102907
2.977,-0.244802,-0.960442,0.151698
2.978,0.110156,-0.0834602,0.162991
2.979,0.024654,0.253753,0.103481
2.98,-0.240461,0.639824,0.21237
2.981,-0.258602,-0.20321,-0.181456
2.982,-0.191043,-1.01083,0.448524
2.983,0.106558,0.0769085,0.125143
2.984,-0.0209654,0.408221,0.132546
2.985,-0.346922,0.690499,0.235754
2.986,-0.15523,-0.376567,-0.115779
2.987,-0.0191631,-0.635277,0.434991
2.988,0.0927541,0.218116,0.140679
2.989,-0.0453226,0.326203,0.0800376
2.99,-0.376817,0.444708,0.0515292
2.991,-0.141135,-0.598418,-0.0250565
2.992,0.00159599,-0.476341,0.445745
2.993,0.0576058,0.342942,0.142606
2.994,-0.133911,0.490072,0.134692
2.995,-0.489305,0.344574,-0.0317592
2.996,-0.0275122,-0.483239,0.0666093
2.997,0.0686238,-0.175358,0.266715
2.998,0.00849258,0.470907,0.176609
2.999,-0.131973,0.317105,0.0382419
3,-0.463153,-0.113068,-0.242399
3.001,-0.00123859,-0.576043,0.237366
3.002,0.0604054,-0.0487988,0.203278
3.003,-0.0515957,0.554155,0.199933
3.004,-0.241099,0.373845,0.03605
3.005,-0.475639,-0.507342,-0.30208
3.006,0.0712505,-0.296781,0.149327
3.007,0.0709459,0.152333,0.138986
3.008,-0.124932,0.643493,0.239343
3.009,-0.170774,0.0870396,-0.0734577
3.01,-0.303588,-0.873301,-0.0344373
3.011,0.098508,-0.202259,0.201287
3.012,0.0403039,0.193546,0.109218
3.013,-0.202517,0.677895,0.247827
3.014,-0.277647,-0.0362086,-0.15494
3.015,-0.245996,-1.02972,0.265243
3.016,0.108215,-0.00876231,0.128944
3.017,0.00961437,0.324231,0.113898
3.018,-0.298402,0.721395,0.266749
3.019,-0.159039,-0.255964,-0.127967
3.02,-0.0899169,-0.820945,0.452226
3.021,0.105628,0.132979,0.136445
3.022,-0.0255936,0.337752,0.0965058
3.023,-0.341872,0.543936,0.125551
3.024,-0.194431,-0.53353,-0.110351
3.025,-0.048473,-0.665659,0.530929
3.026,0.0784819,0.262929,0.129128
3.027,-0.0784474,0.406243,0.105031
3.028,-0.453501,0.503515,0.0804393
3.029,-0.0641488,-0.47986,0.00929399
3.03,0.0512962,-0.309647,0.332728
3.031,0.0415503,0.396708,0.158537
3.032,-0.0987163,0.319476,0.0520661
3.033,-0.425894,0.0707754,-0.164103
3.034,-0.0548032,-0.668431,0.192861
3.035,0.0527905,-0.159426,0.265827
3.036,-0.0114255,0.492666,0.178302
3.037,-0.203934,0.423919,0.0750497
3.038,-0.480079,-0.230238,-0.278622
3.039,0.0456172,-0.373617,0.138047
3.04,0.077635,0.0603187,0.163263
3.041,-0.0799948,0.606312,0.225553
3.042,-0.161883,0.174793,-0.037305
3.043,-0.348147,-0.695505,-0.182908
3.044,0.0738768,-0.340532,0.245335
3.045,0.0536812,0.132148,0.126234
3.046,-0.146978,0.634997,0.227627
3.047,-0.227507,0.0766918,-0.0994744
3.048,-0.34042,-0.987945,0.0232332
3.049,0.105981,-0.1154,0.153247
3.05,0.0337638,0.294718,0.122017
3.051,-0.238475,0.716576,0.271665
3.052,-0.192162,-0.13545,-0.138251
3.053,-0.139141,-0.894843,0.340015
3.054,0.111524,0.0236914,0.160132
3.055,0.00192047,0.270928,0.0887067
3.056,-0.30822,0.652429,0.211071
3.057,-0.194827,-0.359769,-0.147348
3.058,-0.104244,-0.843221,0.538884
3.059,0.0969244,0.176206,0.126069
3.06,-0.0435481,0.374352,0.104128
3.061,-0.399411,0.602789,0.160772
3.062,-0.0967325,-0.427819,-0.0506469
3.063,0.0229907,-0.464135,0.398264
3.064,0.0692854,0.310191,0.145985
3.065,-0.0802893,0.358236,0.0790505
3.066,-0.424671,0.308725,-0.0422815
3.067,-0.07575,-0.599035,0.0701116
3.068,0.0276834,-0.311841,0.360879
3.069,0.0242697,0.420108,0.156487
3.07,-0.138397,0.379535,0.0687401
3.071,-0.486776,0.0502148,-0.188444
3.072,0.014156,-0.434369,0.111289
3.073,0.0787417,-0.0398449,0.202381
3.074,-0.0351805,0.54499,0.201017
3.075,-0.143601,0.238711,-0.00315181
3.076,-0.427213,-0.437264,-0.279581
3.077,0.0550912,-0.397349,0.199194
3.078,0.0622978,0.061518,0.152857
3.079,-0.0978514,0.583263,0.204261
3.08,-0.234048,0.210316,-0.0470375
3.081,-0.401681,-0.81881,-0.171922
3.082,0.0940554,-0.212518,0.166677
3.083,0.0539605,0.244943,0.127288
3.084,-0.189082,0.70194,0.268783
3.085,-0.172946,-0.0300024,-0.108162
3.086,-0.229084,-0.964603,0.192428
3.087,0.111303,-0.0626988,0.160156
3.088,0.0206396,0.26215,0.10208
3.089,-0.24925,0.634138,0.206603
3.09,-0.228258,-0.234404,-0.168787
3.091,-0.168949,-0.977222,0.473659
3.092,0.106124,0.0958515,0.126782
3.093,-0.0186357,0.352586,0.107367
3.094,-0.353313,0.66595,0.215489
3.095,-0.123416,-0.360856,-0.0923131
3.096,-0.0281283,-0.645523,0.469105
3.097,0.0885815,0.23921,0.13575
3.098,-0.0576569,0.36191,0.0910411
3.099,-0.386306,0.414806,0.0303197
3.1,-0.142406,-0.64096,-0.000227627
3.101,0.00412222,-0.448505,0.43739
3.102,0.0499684,0.346614,0.13751
3.103,-0.124615,0.43484,0.104418
3.104,-0.483079,0.274274,-0.0733355
3.105,-0.0260963,-0.511375,0.0898242
3.106,0.0732875,-0.141957,0.249384
3.107,0.000693742,0.482021,0.179665
3.108,-0.142704,0.322984,0.0374316
3.109,-0.413194,-0.236259,-0.254867
3.11,0.0198868,-0.505979,0.207214
3.111,0.0586598,-0.0306939,0.192646
3.112,-0.0605264,0.556198,0.198091
3.113,-0.195113,0.261865,-0.0103048
3.114,-0.440919,-0.589923,-0.275022
3.115,0.0766795,-0.27454,0.14909
3.116,0.0664118,0.163437,0.134525
3.117,-0.141346,0.669701,0.254325
3.118,-0.188352,0.0779515,-0.0837699
3.119,-0.317908,-0.923353,-0.00928306
3.12,0.0995626,-0.186479,0.210284
3.121,0.0365639,0.204701,0.10623
3.122,-0.215926,0.687032,0.252375
3.123,-0.289897,-0.0686454,-0.16872
3.124,-0.249094,-1.05933,0.320277
3.125,0.110608,0.0117644,0.135425
3.126,0.00428475,0.324101,0.1101
3.127,-0.311154,0.716699,0.261306
3.128,-0.158587,-0.285878,-0.12705
3.129,-0.0957141,-0.831607,0.49129
3.13,0.101267,0.144814,0.14751
3.131,-0.0274309,0.30855,0.0824356
3.132,-0.364568,0.556325,0.13098
3.133,-0.146021,-0.496364,-0.0772963
3.134,-0.0218646,-0.588782,0.487032
3.135,0.07188,0.278486,0.127754
3.136,-0.0909974,0.42302,0.109384
3.137,-0.463821,0.460266,0.0485621
3.138,-0.0543202,-0.486899,0.026775
3.139,0.0533699,-0.278596,0.321039
3.14,0.0324003,0.416683,0.160556
3.141,-0.119656,0.353587,0.0613197
3.142,-0.424455,-0.00547387,-0.194267
3.143,-0.0310023,-0.622616,0.199241
3.144,0.0517355,-0.132034,0.249938
3.145,-0.0217766,0.49153,0.172917
3.146,-0.194265,0.365378,0.0438422
3.147,-0.482446,-0.315445,-0.294916
3.148,0.0518825,-0.382659,0.166186
3.149,0.0764911,0.0906716,0.153975
3.15,-0.0934474,0.618154,0.229829
3.151,-0.186777,0.179735,-0.0445595
3.152,-0.326355,-0.754952,-0.137063
3.153,0.0870635,-0.273564,0.207831
3.154,0.0478826,0.143305,0.118448
3.155,-0.162644,0.642334,0.229423
3.156,-0.238694,0.041957,-0.115674
3.157,-0.322579,-1.02884,0.0984212
3.158,0.106087,-0.0736061,0.135358
3.159,0.0261328,0.299663,0.117627
3.16,-0.257272,0.717317,0.269299
3.161,-0.190803,-0.181364,-0.143351
3.162,-0.114421,-0.861758,0.379929
3.163,0.110386,0.061483,0.153707
3.164,-0.00588203,0.283239,0.0869829
3.165,-0.324842,0.632008,0.19305
3.166,-0.176017,-0.396448,-0.128882
3.167,-0.0694508,-0.754193,0.521656
3.168,0.0893088,0.205213,0.122436
3.169,-0.0653336,0.429881,0.123299
3.17,-0.425044,0.583294,0.142786
3.171,-0.0931552,-0.472778,-0.0300178
3.172,0.0136242,-0.455273,0.420906
3.173,0.059301,0.341147,0.149342
3.174,-0.084687,0.333113,0.06459
3.175,-0.421159,0.209845,-0.0966364
3.176,-0.0927342,-0.70434,0.141915
3.177,0.0366943,-0.253044,0.324617
3.178,0.0108723,0.444161,0.161706
3.179,-0.15322,0.375468,0.0617348
3.18,-0.497185,-0.038665,-0.227054
3.181,0.0202901,-0.461494,0.151034
3.182,0.083114,0.0124795,0.181568
3.183,-0.052663,0.571734,0.211405
3.184,-0.163766,0.236458,-0.0115637
3.185,-0.431802,-0.5315,-0.277336
3.186,0.0520996,-0.4307,0.27307
3.187,0.0543213,0.0752642,0.14065
3.188,-0.118774,0.610364,0.217103
3.189,-0.252761,0.181639,-0.0659317
3.19,-0.39103,-0.901598,-0.111724
3.191,0.0982996,-0.158689,0.144805
3.192,0.0463667,0.268608,0.125419
3.193,-0.207254,0.704874,0.267761
3.194,-0.199485,-0.0636114,-0.128473
3.195,-0.178101,-0.925663,0.260585
3.196,0.111248,-0.0355645,0.171762
3.197,0.0130453,0.250197,0.0918315
3.198,-0.279408,0.666253,0.225999
3.199,-0.203458,-0.280772,-0.156327
3.2,-0.130432,-0.906187,0.495792
3.201,0.101338,0.127622,0.121768
3.202,-0.0375919,0.416888,0.12869
3.203,-0.37978,0.665537,0.211916
3.204,-0.122105,-0.405256,-0.0818238
3.205,-0.0179899,-0.601959,0.467538
3.206,0.0823629,0.26775,0.141683
3.207,-0.0617407,0.341614,0.0790861
3.208,-0.42582,0.444619,0.0434637
3.209,-0.135809,-0.676084,0.0350755
3.21,0.0243971,-0.375607,0.388943
3.211,0.0406988,0.370353,0.141877
3.212,-0.13358,0.424548,0.0955879
3.213,-0.491702,0.203953,-0.114488
3.214,-0.0152019,-0.511785,0.112309
3.215,0.0798795,-0.0911895,0.224395
3.216,-0.0131353,0.508748,0.188313
3.217,-0.135756,0.272581,0.0152811
3.218,-0.405926,-0.323557,-0.264038
3.219,0.032628,-0.475218,0.214666
3.22,0.0591055,0.00113639,0.176346
3.221,-0.0754013,0.574733,0.205327
3.222,-0.199652,0.230675,-0.0265473
3.223,-0.428132,-0.680338,-0.247134
3.224,0.0834354,-0.247516,0.151085
3.225,0.0641421,0.204696,0.131815
3.226,-0.159104,0.68369,0.260839
3.227,-0.187488,0.0394886,-0.0958153
3.228,-0.302267,-0.967111,0.0576442
3.229,0.101696,-0.154247,0.209917
3.23,0.0295277,0.209133,0.0992762
3.231,-0.228762,0.664383,0.232864
3.232,-0.219544,-0.14785,-0.154156
3.233,-0.201028,-1.01004,0.382117
3.234,0.108163,0.0451551,0.126979
3.235,-0.0103559,0.394763,0.131678
3.236,-0.331499,0.712863,0.255631
3.237,-0.138335,-0.308069,-0.11111
3.238,-0.0615883,-0.747757,0.480871
3.239,0.0983915,0.188147,0.136301
3.24,-0.0371895,0.325875,0.0843713
3.241,-0.379143,0.528237,0.108596
3.242,-0.130527,-0.51584,-0.0536698
3.243,-0.0077948,-0.530648,0.464674
3.244,0.0645534,0.303348,0.130763
3.245,-0.101693,0.424556,0.106334
3.246,-0.474682,0.404726,0.00935243
3.247,-0.0422162,-0.489184,0.0463428
3.248,0.0585257,-0.235524,0.299863
3.249,0.0215782,0.439883,0.16602
3.25,-0.125668,0.337066,0.0506128
3.251,-0.4332,-0.0687455,-0.219046
3.252,-0.0217513,-0.619894,0.229144
3.253,0.0616001,-0.0808247,0.221177
3.254,-0.0346043,0.510398,0.178919
3.255,-0.202537,0.342969,0.0291375
3.256,-0.473262,-0.41504,-0.30071
3.257,0.0612732,-0.354546,0.169896
3.258,0.0743738,0.122336,0.145724
3.259,-0.108179,0.628785,0.233231
3.26,-0.167606,0.119042,-0.0609505
3.261,-0.332702,-0.823286,-0.103787
3.262,0.0945261,-0.227213,0.1912
3.263,0.044658,0.167252,0.113335
3.264,-0.184207,0.673041,0.247658
3.265,-0.290146,0.0334293,-0.137387
3.266,-0.297995,-1.05426,0.181356
3.267,0.109635,-0.0453092,0.140762
3.268,0.018889,0.287601,0.108146
3.269,-0.27286,0.706743,0.258651
3.27,-0.15779,-0.213792,-0.126293
3.271,-0.106583,-0.854517,0.426479
3.272,0.108871,0.100658,0.14302
3.273,-0.0141429,0.298139,0.0868118
3.274,-0.325669,0.566668,0.144452
3.275,-0.18403,-0.462526,-0.121974
3.276,-0.0611176,-0.716042,0.535734
3.277,0.0852912,0.236376,0.127808
3.278,-0.0646468,0.387571,0.100934
3.279,-0.431142,0.524744,0.098705
3.28,-0.0728696,-0.462474,-0.0102918
3.281,0.0499321,-0.340363,0.340693
3.282,0.0503317,0.373403,0.15417
3.283,-0.0904857,0.321306,0.0563509
3.284,-0.441527,0.170792,-0.121241
3.285,-0.0363957,-0.564684,0.115475
3.286,0.0525092,-0.188023,0.281675
3.287,-0.000839796,0.457545,0.163006
3.288,-0.185485,0.413627,0.0738898
3.289,-0.507941,-0.118367,-0.25765
3.29,0.0358697,-0.409256,0.143059
3.291,0.0708909,0.00825782,0.179637
3.292,-0.0665603,0.586555,0.21666
3.293,-0.175436,0.224258,-0.0212035
3.294,-0.367096,-0.635909,-0.217237
3.295,0.0619611,-0.391387,0.267572
3.296,0.0521781,0.09748,0.131725
3.297,-0.134261,0.625219,0.223654
3.298,-0.2323,0.115123,-0.0869138
3.299,-0.370671,-0.958504,-0.0446188
3.3,0.103215,-0.135966,0.151908
3.301,0.0377809,0.239537,0.112532
3.302,-0.222383,0.701696,0.262682
3.303,-0.169184,-0.109899,-0.122169
3.304,-0.174067,-0.94589,0.320584
3.305,0.11279,0.0104491,0.150538
3.306,0.0057956,0.280014,0.0950094
3.307,-0.302818,0.680504,0.233636
3.308,-0.259521,-0.362755,-0.189313
3.309,-0.120209,-0.881805,0.53418
3.31,0.0981474,0.156027,0.122403
3.311,-0.0521511,0.449264,0.139536
3.312,-0.399947,0.648831,0.196353
3.313,-0.108213,-0.425409,-0.0630823
3.314,0.0113174,-0.508678,0.418838
3.315,0.0749159,0.297471,0.143483
3.316,-0.0730303,0.351944,0.0790135
3.317,-0.437362,0.390131,0.0056919
3.318,-0.118335,-0.688337,0.0741442
3.319,0.0328111,-0.322932,0.360546
3.32,0.0305375,0.395801,0.147674
3.321,-0.161672,0.465689,0.111717
3.322,-0.48543,0.106642,-0.16251
3.323,0.00666315,-0.444398,0.103063
3.324,0.0778321,-0.0642814,0.213189
3.325,-0.0260305,0.530792,0.195915
3.326,-0.139346,0.250523,0.00376518
3.327,-0.436507,-0.374413,-0.281897
3.328,0.0470448,-0.426148,0.204058
3.329,0.0592925,0.0308479,0.162565
3.33,-0.0911494,0.599203,0.21701
3.331,-0.246882,0.262764,-0.0255993
3.332,-0.433279,-0.754206,-0.226371
3.333,0.0889311,-0.220627,0.15067
3.334,0.0591556,0.227144,0.129304
3.335,-0.175074,0.694677,0.265883
3.336,-0.184806,0.0041805,-0.104896
3.337,-0.276197,-0.986528,0.126067
3.338,0.104635,-0.119946,0.201076
3.339,0.0245592,0.22264,0.0963781
3.34,-0.247296,0.675563,0.238243
3.341,-0.220274,-0.192217,-0.1605
3.342,-0.189613,-1.00598,0.436451
3.343,0.108089,0.0710783,0.128791
3.344,-0.0108154,0.338216,0.105812
3.345,-0.340617,0.682091,0.229852
3.346,-0.133808,-0.341559,-0.103881
3.347,-0.0210016,-0.642054,0.434103
3.348,0.0937991,0.21509,0.13881
3.349,-0.0466154,0.339101,0.0854183
3.35,-0.407071,0.535169,0.109536
3.351,-0.171757,-0.652052,-0.0308004
3.352,-0.00486688,-0.493636,0.459394
3.353,0.057356,0.329105,0.135609
3.354,-0.131318,0.48926,0.134957
3.355,-0.488235,0.358982,-0.022462
3.356,-0.0332146,-0.500022,0.0683601
3.357,0.0539199,-0.215755,0.294932
3.358,0.0104651,0.460056,0.172937
3.359,-0.122453,0.297129,0.0319372
3.36,-0.417362,-0.167851,-0.241979
3.361,0.00917515,-0.528732,0.1993
3.362,0.0578706,-0.0569408,0.206853
3.363,-0.0493967,0.54316,0.193669
3.364,-0.187505,0.2784,0.000219234
3.365,-0.456891,-0.512835,-0.292252
3.366,0.0705889,-0.303983,0.153339
3.367,0.0715149,0.150476,0.139598
3.368,-0.123313,0.642163,0.238795
3.369,-0.170151,0.0898698,-0.0722391
3.37,-0.312527,-0.872996,-0.0456406
3.371,0.0998073,-0.19053,0.183734
3.372,0.0410446,0.192967,0.109971
3.373,-0.198666,0.66909,0.241896
3.374,-0.229795,-0.0554604,-0.140315
3.375,-0.266126,-1.05387,0.256892
3.376,0.109199,-0.0147925,0.132908
3.377,0.00963261,0.348466,0.123366
3.378,-0.292712,0.719357,0.265897
3.379,-0.173882,-0.255624,-0.137591
3.38,-0.0913944,-0.824128,0.444026
3.381,0.106663,0.125199,0.139812
3.382,-0.0193476,0.30012,0.0840724
3.383,-0.352805,0.59382,0.160278
3.384,-0.15531,-0.459682,-0.0977424
3.385,-0.0379119,-0.64915,0.505824
3.386,0.0787178,0.252568,0.125253
3.387,-0.0805953,0.421594,0.112575
3.388,-0.449829,0.506602,0.0831367
3.389,-0.0735457,-0.504058,0.00942515
3.39,0.0403778,-0.339153,0.35624
3.391,0.0425103,0.394705,0.156891
3.392,-0.0967271,0.316307,0.0513309
3.393,-0.453257,0.128241,-0.144819
3.394,-0.0272098,-0.565959,0.137707
3.395,0.0509468,-0.165123,0.269475
3.396,-0.0106477,0.493351,0.179096
3.397,-0.210786,0.441691,0.0840776
3.398,-0.505035,-0.19832,-0.279592
3.399,0.0437398,-0.394903,0.152179
3.4,0.0683122,0.0269882,0.170435
3.401,-0.0785386,0.597424,0.220201
3.402,-0.165243,0.178502,-0.0370838
3.403,-0.354986,-0.696955,-0.187851
3.404,0.0703076,-0.35465,0.260061
3.405,0.0497369,0.115734,0.124746
3.406,-0.150029,0.644789,0.234003
3.407,-0.227044,0.0726527,-0.100731
3.408,-0.336206,-0.989781,0.0312495
3.409,0.106501,-0.114723,0.155854
3.41,0.0328173,0.310995,0.126086
3.411,-0.244443,0.726338,0.278444
3.412,-0.183972,-0.144172,-0.135157
3.413,-0.17443,-0.963895,0.370499
3.414,0.110896,0.027891,0.1613
3.415,-0.00014926,0.28933,0.0936419
3.416,-0.316908,0.671751,0.224825
3.417,-0.252413,-0.409456,-0.181587
3.418,-0.10416,-0.840848,0.546707
3.419,0.0940746,0.178522,0.121538
3.42,-0.0540272,0.418489,0.121967
3.421,-0.407812,0.609012,0.164473
3.422,-0.115082,-0.480564,-0.0512638
3.423,0.0305225,-0.440151,0.382768
3.424,0.0674599,0.321111,0.146776
3.425,-0.0746185,0.327509,0.0662605
3.426,-0.422603,0.284695,-0.0558554
3.427,-0.0878628,-0.648171,0.0917002
3.428,0.0319718,-0.295081,0.349299
3.429,0.0219274,0.415175,0.15236
3.43,-0.17571,0.471005,0.111192
3.431,-0.505149,0.0660067,-0.185839
3.432,0.0152674,-0.43393,0.113396
3.433,0.0811587,-0.0292514,0.197863
3.434,-0.0354778,0.538312,0.197157
3.435,-0.144981,0.236004,-0.00487747
3.436,-0.417457,-0.458881,-0.274319
3.437,0.0571154,-0.389085,0.196782
3.438,0.0620479,0.0662909,0.150982
3.439,-0.100455,0.585767,0.205207
3.44,-0.237334,0.207441,-0.0493932
3.441,-0.397211,-0.831013,-0.161431
3.442,0.0949391,-0.205061,0.164194
3.443,0.0521874,0.237911,0.124917
3.444,-0.189267,0.69609,0.264292
3.445,-0.20062,-0.0220269,-0.118961
3.446,-0.202093,-0.931417,0.203895
3.447,0.109757,-0.0728175,0.180307
3.448,0.0193315,0.237072,0.0943151
3.449,-0.257861,0.657107,0.222416
3.45,-0.224237,-0.236629,-0.16673
3.451,-0.17255,-0.984362,0.479925
3.452,0.104649,0.0974196,0.123299
3.453,-0.0291584,0.422295,0.135562
3.454,-0.365079,0.693422,0.235912
3.455,-0.136509,-0.385724,-0.0988085
3.456,-0.0406288,-0.673708,0.493843
3.457,0.0873712,0.23294,0.142755
3.458,-0.0505101,0.322508,0.0755666
3.459,-0.408244,0.465985,0.0606962
3.46,-0.109146,-0.564944,-0.00372137
3.461,0.0112693,-0.431207,0.422334
3.462,0.0504229,0.361485,0.145258
3.463,-0.137809,0.472244,0.122577
3.464,-0.476672,0.257956,-0.0815788
3.465,-0.0158004,-0.46377,0.073887
3.466,0.068382,-0.151281,0.256176
3.467,-0.000922864,0.484556,0.17887
3.468,-0.142773,0.31788,0.0348217
3.469,-0.415633,-0.244858,-0.257361
3.47,0.0113993,-0.546647,0.242603
3.471,0.0589064,-0.0278633,0.191249
3.472,-0.0619268,0.560272,0.200258
3.473,-0.194437,0.257758,-0.0120668
3.474,-0.441549,-0.596845,-0.274268
3.475,0.0771416,-0.271483,0.14819
3.476,0.0638152,0.152121,0.133392
3.477,-0.141506,0.663438,0.249593
3.478,-0.198412,0.0841241,-0.0856747
3.479,-0.266592,-0.891184,0.0318271
3.48,0.100856,-0.178097,0.205749
3.481,0.0346638,0.195246,0.103199
3.482,-0.20635,0.640474,0.219125
3.483,-0.256046,-0.0927383,-0.160604
3.484,-0.237788,-1.04573,0.326918
3.485,0.11042,0.0138896,0.134559
3.486,0.00433932,0.317397,0.10754
3.487,-0.306421,0.698083,0.247045
3.488,-0.146124,-0.27976,-0.11861
3.489,-0.0662372,-0.765441,0.455179
3.49,0.102633,0.158375,0.14077
3.491,-0.0314733,0.33215,0.0905126
3.492,-0.376275,0.584019,0.149678
3.493,-0.190054,-0.575604,-0.0902196
3.494,-0.0237954,-0.590975,0.491738
3.495,0.0728931,0.285509,0.131911
3.496,-0.08354,0.395101,0.0969828
3.497,-0.452256,0.432567,0.0313128
3.498,-0.0489594,-0.469072,0.0246042
3.499,0.0501331,-0.282587,0.326229
3.5,0.031082,0.420948,0.162097
3.501,-0.114421,0.334804,0.0535839
3.502,-0.46914,0.0702793,-0.175319
3.503,-0.0412598,-0.659487,0.223845
3.504,0.0508207,-0.12969,0.248507
3.505,-0.0248036,0.50637,0.18052
3.506,-0.176987,0.324514,0.0269643
3.507,-0.473397,-0.336054,-0.294054
3.508,0.0556963,-0.345162,0.142199
3.509,0.0712046,0.0762966,0.154693
3.51,-0.0975378,0.624515,0.232793
3.511,-0.173071,0.1533,-0.050176
3.512,-0.367703,-0.772687,-0.16551
3.513,0.0884465,-0.265231,0.203593
3.514,0.0463896,0.140501,0.117028
3.515,-0.164221,0.639035,0.226684
3.516,-0.268386,0.0596691,-0.120432
3.517,-0.318981,-1.03156,0.108191
3.518,0.106213,-0.0699599,0.134687
3.519,0.025354,0.291417,0.114501
3.52,-0.260963,0.722187,0.27263
3.521,-0.177802,-0.182849,-0.13616
3.522,-0.157832,-0.9483,0.417832
3.523,0.108272,0.0557,0.160176
3.524,-0.0067942,0.284514,0.0867743
3.525,-0.327,0.630241,0.191396
3.526,-0.175169,-0.401904,-0.127323
3.527,-0.0668747,-0.746561,0.520892
3.528,0.0886981,0.208822,0.12274
3.529,-0.0689985,0.441202,0.128085
3.53,-0.430385,0.590515,0.147616
3.531,-0.0885069,-0.465938,-0.0275009
3.532,0.0224937,-0.431589,0.401964
3.533,0.058877,0.350492,0.149527
3.534,-0.0887854,0.344561,0.0685763
3.535,-0.458581,0.283945,-0.0632052
3.536,-0.0882113,-0.698614,0.145368
3.537,0.0380381,-0.245922,0.319998
3.538,0.00957364,0.441039,0.159247
3.539,-0.19117,0.465502,0.103747
3.54,-0.509472,-0.0327813,-0.228111
3.541,0.0265853,-0.426197,0.133799
3.542,0.0733497,-0.01363,0.190107
3.543,-0.0539191,0.571911,0.210861
3.544,-0.152735,0.214867,-0.0170615
3.545,-0.381167,-0.56625,-0.24264
3.546,0.0524926,-0.429213,0.272857
3.547,0.0542316,0.0760191,0.140307
3.548,-0.119505,0.61177,0.217893
3.549,-0.245924,0.171249,-0.0683511
3.55,-0.376593,-0.901483,-0.0966771
3.551,0.100119,-0.173574,0.164082
3.552,0.0457491,0.273007,0.12586
3.553,-0.211632,0.71352,0.273697
3.554,-0.172216,-0.0752566,-0.117593
3.555,-0.186185,-0.941708,0.267444
3.556,0.109984,-0.0392443,0.177246
3.557,0.0123603,0.281255,0.100786
3.558,-0.269366,0.62796,0.198589
3.559,-0.241512,-0.302027,-0.179339
3.56,-0.145769,-0.936776,0.517918
3.561,0.101787,0.129916,0.123236
3.562,-0.0401507,0.430361,0.134579
3.563,-0.375263,0.650111,0.200315
3.564,-0.124122,-0.412395,-0.0818987
3.565,-0.0241275,-0.614385,0.48108
3.566,0.0808077,0.264118,0.143156
3.567,-0.0600874,0.329896,0.0742234
3.568,-0.395307,0.360042,-0.005831
3.569,-0.109991,-0.620328,0.0313782
3.57,0.0221089,-0.374425,0.391689
3.571,0.0404031,0.386977,0.150167
3.572,-0.147838,0.461736,0.113239
3.573,-0.492246,0.199867,-0.116798
3.574,-0.0144388,-0.511037,0.113295
3.575,0.0800241,-0.0889092,0.223373
3.576,-0.0139014,0.51012,0.188773
3.577,-0.135751,0.270766,0.0144337
3.578,-0.405748,-0.328576,-0.264438
3.579,0.0324526,-0.477933,0.218786
3.58,0.0605963,0.00717407,0.174408
3.581,-0.0783723,0.589409,0.214222
3.582,-0.256508,0.318193,0.00082433
3.583,-0.444027,-0.683677,-0.256848
3.584,0.08387,-0.246197,0.151623
3.585,0.0638644,0.206573,0.131662
3.586,-0.160146,0.684055,0.260884
3.587,-0.180906,0.0326239,-0.0950496
3.588,-0.273543,-0.94394,0.0775663
3.589,0.107394,-0.11931,0.167369
3.59,0.0309754,0.23197,0.104655
3.591,-0.22433,0.647653,0.221087
3.592,-0.288302,-0.132239,-0.183189
3.593,-0.218688,-1.04037,0.391914
3.594,0.1086,0.0460152,0.128313
3.595,-0.00725528,0.364825,0.119695
3.596,-0.329052,0.703131,0.248085
3.597,-0.164213,-0.339887,-0.127342
3.598,-0.0357704,-0.687109,0.43752
3.599,0.0981118,0.188851,0.140178
3.6,-0.0397571,0.337108,0.0881418
3.601,-0.393757,0.561097,0.130301
3.602,-0.18968,-0.633401,-0.0623687
3.603,-0.0183917,-0.547514,0.487273
3.604,0.0640926,0.311187,0.133796
3.605,-0.110657,0.451839,0.118929
3.606,-0.478787,0.408373,0.0111631
3.607,-0.0383225,-0.477122,0.0450263
3.608,0.0702576,-0.20376,0.276434
3.609,0.0200561,0.447204,0.170119
3.61,-0.123324,0.326507,0.0460962
3.611,-0.468415,-0.0191705,-0.211867
3.612,-0.0230672,-0.628673,0.240463
3.613,0.0543018,-0.0914957,0.225912
3.614,-0.0365618,0.514406,0.180589
3.615,-0.221395,0.375958,0.0423625
3.616,-0.473028,-0.420865,-0.300865
3.617,0.0617069,-0.354259,0.171282
3.618,0.0752013,0.129276,0.145046
3.619,-0.110792,0.635533,0.237239
3.62,-0.192883,0.147648,-0.0598813
3.621,-0.307096,-0.81713,-0.0805254
3.622,0.0907778,-0.251176,0.22238
3.623,0.0429978,0.160112,0.111645
3.624,-0.177118,0.636988,0.222444
3.625,-0.284999,0.0252765,-0.13838
3.626,-0.281304,-1.0366,0.189342
3.627,0.110505,-0.0481484,0.14591
3.628,0.0161947,0.348811,0.127789
3.629,-0.281063,0.730101,0.276128
3.63,-0.173655,-0.223251,-0.136521
3.631,-0.131435,-0.905786,0.451775
3.632,0.106537,0.0895778,0.15433
3.633,-0.0140581,0.294253,0.0852989
3.634,-0.340799,0.606272,0.171312
3.635,-0.162274,-0.434271,-0.110345
3.636,-0.0517171,-0.694875,0.518873
3.637,0.0838982,0.236018,0.125641
3.638,-0.0835776,0.464655,0.135898
3.639,-0.43067,0.52163,0.0965193
3.64,-0.0708596,-0.457604,-0.00998321
3.641,0.0379272,-0.367104,0.366089
3.642,0.0496669,0.372875,0.150894
3.643,-0.10174,0.355755,0.0691197
3.644,-0.429503,0.140426,-0.133376
3.645,-0.0693254,-0.682286,0.171305
3.646,0.0481539,-0.195392,0.287423
3.647,-0.0013357,0.477456,0.174287
3.648,-0.200435,0.448446,0.0908347
3.649,-0.504565,-0.127223,-0.259424
3.65,0.0376984,-0.390462,0.13133
3.651,0.0745102,0.021341,0.175774
3.652,-0.0673428,0.586387,0.215791
3.653,-0.178923,0.227099,-0.0211473
3.654,-0.357217,-0.645178,-0.207351
3.655,0.072545,-0.345089,0.225253
3.656,0.0550956,0.114267,0.13092
3.657,-0.139457,0.643189,0.235279
3.658,-0.269133,0.149663,-0.0850984
3.659,-0.348115,-0.953236,-0.0212111
3.66,0.103513,-0.13301,0.151494
3.661,0.0372202,0.240911,0.112265
3.662,-0.223944,0.701966,0.262627
3.663,-0.169305,-0.113363,-0.122781
3.664,-0.166794,-0.935071,0.323009
3.665,0.112466,0.00756887,0.158809
3.666,0.00489622,0.28489,0.0959853
3.667,-0.302168,0.670579,0.225979
3.668,-0.248394,-0.363511,-0.182427
3.669,-0.105044,-0.850057,0.514776
3.67,0.0971263,0.158108,0.121065
3.671,-0.0435191,0.396391,0.11526
3.672,-0.399351,0.638024,0.187945
3.673,-0.108159,-0.42986,-0.0616724
3.674,0.00662976,-0.517378,0.429784
3.675,0.0736561,0.299083,0.139902
3.676,-0.0762358,0.360851,0.0821129
3.677,-0.411257,0.31709,-0.0347619
3.678,-0.122747,-0.703975,0.0811925
3.679,0.0236324,-0.336234,0.375634
3.68,0.0293896,0.409718,0.154249
3.681,-0.137026,0.392467,0.0763193
3.682,-0.496939,0.11253,-0.162288
3.683,-0.000425739,-0.49479,0.130312
3.684,0.0820847,-0.0475711,0.205398
3.685,-0.0285602,0.53508,0.197476
3.686,-0.140955,0.248053,0.00204108
3.687,-0.424361,-0.400883,-0.277608
3.688,0.0503872,-0.410408,0.195732
3.689,0.0630909,0.0484152,0.158342
3.69,-0.0908895,0.577394,0.202355
3.691,-0.241415,0.242434,-0.0340683
3.692,-0.422935,-0.779201,-0.208339
3.693,0.0904491,-0.212696,0.150545
3.694,0.0575071,0.232711,0.128565
3.695,-0.179687,0.697886,0.267447
3.696,-0.189091,-0.00317601,-0.108815
3.697,-0.270292,-0.992246,0.145359
3.698,0.105291,-0.1098,0.198744
3.699,0.0229668,0.228006,0.0958552
3.7,-0.247524,0.659157,0.225687
3.701,-0.228405,-0.206004,-0.166302
3.702,-0.187255,-1.00529,0.452438
3.703,0.105624,0.079177,0.123057
3.704,-0.0180008,0.378487,0.119731
3.705,-0.348708,0.685589,0.231601
3.706,-0.152595,-0.380655,-0.11301
3.707,-0.015542,-0.624349,0.431555
3.708,0.0919567,0.224954,0.138389
3.709,-0.0476211,0.331167,0.0811394
3.71,-0.390875,0.468093,0.0648817
3.711,-0.131137,-0.583863,-0.0209562
3.712,0.000808933,-0.473509,0.446943
3.713,0.0562925,0.344832,0.142244
3.714,-0.128199,0.467663,0.122707
3.715,-0.478192,0.317163,-0.0468939
3.716,-0.0340057,-0.514376,0.0774066
3.717,0.0693226,-0.171899,0.264755
3.718,0.00790758,0.471792,0.176988
3.719,-0.128945,0.308175,0.0349053
3.72,-0.468477,-0.106939,-0.242166
3.721,-0.00829754,-0.602623,0.258771
3.722,0.0557212,-0.0563781,0.205664
3.723,-0.0519989,0.543009,0.192625
3.724,-0.203885,0.299622,0.00580233
3.725,-0.475218,-0.516,-0.301451
3.726,0.0719942,-0.297706,0.152629
3.727,0.0715539,0.159764,0.138682
3.728,-0.12956,0.657038,0.247877
3.729,-0.171871,0.0867576,-0.0740107
3.73,-0.289848,-0.865591,-0.0235033
3.731,0.0930828,-0.225963,0.229416
3.732,0.0382099,0.178036,0.106087
3.733,-0.20055,0.665836,0.239094
3.734,-0.218746,-0.0669888,-0.138137
3.735,-0.244396,-1.03077,0.272006
3.736,0.108328,-0.00618239,0.129019
3.737,0.00814897,0.338088,0.118249
3.738,-0.297782,0.714737,0.261476
3.739,-0.178168,-0.273701,-0.140382
3.74,-0.0687736,-0.77345,0.429344
3.741,0.104674,0.132413,0.145967
3.742,-0.0229657,0.308903,0.0854117
3.743,-0.341888,0.53927,0.122227
3.744,-0.177682,-0.514697,-0.101308
3.745,-0.0363947,-0.636643,0.508811
3.746,0.0787716,0.269868,0.132578
3.747,-0.0935617,0.459615,0.129363
3.748,-0.451735,0.490407,0.0713449
3.749,-0.074709,-0.521276,0.0175276
3.75,0.0596833,-0.284179,0.31401
3.751,0.0391549,0.403532,0.159165
3.752,-0.103318,0.325776,0.0533289
3.753,-0.438036,0.0745365,-0.165636
3.754,-0.0346004,-0.607648,0.167361
3.755,0.053319,-0.150508,0.260645
3.756,-0.0145455,0.499526,0.180972
3.757,-0.21452,0.43741,0.0805245
3.758,-0.502503,-0.230578,-0.286481
3.759,0.0475793,-0.377027,0.146646
3.76,0.0761493,0.0639116,0.161401
3.761,-0.0841548,0.611173,0.227444
3.762,-0.161902,0.166305,-0.0407169
3.763,-0.357389,-0.715032,-0.182637
3.764,0.0782257,-0.320431,0.233099
3.765,0.0491176,0.120667,0.123092
3.766,-0.153067,0.644756,0.233295
3.767,-0.22032,0.0580014,-0.103214
3.768,-0.316476,-0.986928,0.0578097
3.769,0.104775,-0.0930221,0.137364
3.77,0.0308561,0.290506,0.118576
3.771,-0.246768,0.719642,0.272745
3.772,-0.184608,-0.152808,-0.136641
3.773,-0.161994,-0.94519,0.376889
3.774,0.112098,0.0444938,0.148033
3.775,-0.000949929,0.275822,0.0881017
3.776,-0.313576,0.642623,0.202775
3.777,-0.182713,-0.368749,-0.137752
3.778,-0.083139,-0.793661,0.521669
3.779,0.0927542,0.186386,0.121751
3.78,-0.0574394,0.422657,0.12271
3.781,-0.413304,0.603165,0.159327
3.782,-0.108784,-0.479419,-0.0448789
3.783,0.0320136,-0.430151,0.380469
3.784,0.0652822,0.323494,0.147307
3.785,-0.0840584,0.355103,0.0758718
3.786,-0.438521,0.302051,-0.0488409
3.787,-0.0632391,-0.582119,0.0782817
3.788,0.0398492,-0.270578,0.331252
3.789,0.0189465,0.429745,0.158431
3.79,-0.141325,0.370565,0.0628919
3.791,-0.490759,0.0129399,-0.205163
3.792,0.0186064,-0.431924,0.119336
3.793,0.0833969,-0.0114066,0.190683
3.794,-0.0424588,0.55699,0.20548
3.795,-0.154112,0.242065,-0.00553811
3.796,-0.423615,-0.479333,-0.276732
3.797,0.0591746,-0.387012,0.205033
3.798,0.0586285,0.0647054,0.148512
3.799,-0.110074,0.62262,0.227966
3.8,-0.27148,0.244144,-0.0418994
3.801,-0.404535,-0.850396,-0.157203
3.802,0.0949262,-0.181712,0.146172
3.803,0.051002,0.246066,0.125096
3.804,-0.191203,0.690541,0.259707
3.805,-0.172184,-0.044149,-0.111057
3.806,-0.226,-0.974845,0.216954
3.807,0.111812,-0.0477807,0.156088
3.808,0.0178266,0.267597,0.101163
3.809,-0.256042,0.63235,0.204104
3.81,-0.231919,-0.256482,-0.172267
3.811,-0.152036,-0.947472,0.482424
3.812,0.106442,0.108975,0.130518
3.813,-0.0329348,0.424976,0.135129
3.814,-0.369058,0.680151,0.224809
3.815,-0.124036,-0.379139,-0.0893855
3.816,-0.00364105,-0.580997,0.426574
3.817,0.0864375,0.246997,0.141777
3.818,-0.0533855,0.328199,0.076757
3.819,-0.387236,0.398845,0.0199188
3.82,-0.119713,-0.603316,0.00572032
3.821,0.0127129,-0.42025,0.417716
3.822,0.0484221,0.369129,0.147474
3.823,-0.145375,0.484843,0.128123
3.824,-0.495907,0.272107,-0.0768928
3.825,-0.0128883,-0.462034,0.0779321
3.826,0.0699334,-0.139509,0.249998
3.827,-0.00403735,0.490879,0.181065
3.828,-0.146803,0.319538,0.0342731
3.829,-0.41359,-0.267798,-0.260297
3.83,0.0159494,-0.534376,0.241867
3.831,0.0574004,-0.023631,0.188129
3.832,-0.063651,0.547885,0.191669
3.833,-0.22116,0.290627,-0.00396167
3.834,-0.444642,-0.621271,-0.271732
3.835,0.0789323,-0.287911,0.170397
3.836,0.0657278,0.177317,0.133185
3.837,-0.14484,0.665743,0.250724
3.838,-0.198475,0.0763807,-0.0883744
3.839,-0.260705,-0.895657,0.0452386
3.84,0.102982,-0.163987,0.196858
3.841,0.0339572,0.205372,0.103531
3.842,-0.217747,0.66982,0.238931
3.843,-0.216561,-0.113314,-0.146774
3.844,-0.217751,-1.0207,0.338636
3.845,0.10805,0.0242142,0.126414
3.846,-0.000282379,0.348105,0.116782
3.847,-0.315298,0.705282,0.251576
3.848,-0.165958,-0.310628,-0.13094
3.849,-0.0540669,-0.735867,0.44546
3.85,0.0997779,0.156931,0.146371
3.851,-0.0305125,0.311375,0.0817743
3.852,-0.368711,0.541016,0.119307
3.853,-0.146635,-0.517678,-0.0699261
3.854,-0.0266843,-0.588579,0.500337
3.855,0.0703809,0.290072,0.131027
3.856,-0.102402,0.454753,0.123436
3.857,-0.470865,0.459114,0.0467865
3.858,-0.0560919,-0.507345,0.0362523
3.859,0.0463458,-0.285929,0.331682
3.86,0.0293838,0.42215,0.163887
3.861,-0.122032,0.351291,0.0592687
3.862,-0.423886,-0.0277086,-0.20219
3.863,-0.0247901,-0.609695,0.200378
3.864,0.0510699,-0.124603,0.245428
3.865,-0.027164,0.514141,0.184266
3.866,-0.182213,0.329064,0.0277307
3.867,-0.486676,-0.335554,-0.299326
3.868,0.0544378,-0.374809,0.166722
3.869,0.0753236,0.0958671,0.151993
3.87,-0.0985603,0.627296,0.234651
3.871,-0.165157,0.141486,-0.0516417
3.872,-0.345775,-0.775942,-0.144141
3.873,0.0887967,-0.263473,0.203942
3.874,0.0463187,0.142815,0.116702
3.875,-0.163182,0.631025,0.221123
3.876,-0.282322,0.0689487,-0.121852
3.877,-0.298531,-1.01603,0.124278
3.878,0.107387,-0.0689274,0.138629
3.879,0.0244518,0.315096,0.121325
3.88,-0.262724,0.726922,0.276183
3.881,-0.162042,-0.178358,-0.126587
3.882,-0.135338,-0.905631,0.404541
3.883,0.110562,0.0725717,0.140042
3.884,-0.0090572,0.312338,0.0961132
3.885,-0.318153,0.602912,0.172176
3.886,-0.234201,-0.45952,-0.161927
3.887,-0.0691628,-0.752385,0.523393
3.888,0.0889342,0.206557,0.122326
3.889,-0.0629786,0.416385,0.116938
3.89,-0.422875,0.571519,0.1342
3.891,-0.101437,-0.49934,-0.0280619
3.892,0.0423728,-0.3836,0.358852
3.893,0.0584268,0.351676,0.150114
3.894,-0.0910038,0.350583,0.0707145
3.895,-0.453334,0.266522,-0.072261
3.896,-0.0800846,-0.676913,0.13809
3.897,0.0472588,-0.227637,0.304993
3.898,0.00936086,0.437974,0.157443
3.899,-0.164266,0.395857,0.0697298
3.9,-0.501004,-0.0513947,-0.232799
3.901,0.0240626,-0.447028,0.146809
3.902,0.0779988,0.00191515,0.184685
3.903,-0.0544955,0.573873,0.212019
3.904,-0.156027,0.21911,-0.0164529
3.905,-0.378997,-0.568827,-0.240798
3.906,0.053574,-0.425164,0.269901
3.907,0.0543151,0.0764468,0.140253
3.908,-0.118831,0.608279,0.215638
3.909,-0.269843,0.202817,-0.0614298
3.91,-0.36541,-0.894398,-0.0897925
3.911,0.0983403,-0.155326,0.14304
3.912,0.0445652,0.245984,0.119708
3.913,-0.208802,0.70363,0.266438
3.914,-0.195972,-0.0700314,-0.128209
3.915,-0.176467,-0.925933,0.266367
3.916,0.110753,-0.0346136,0.173858
3.917,0.0123412,0.266946,0.0962085
3.918,-0.286435,0.687194,0.241221
3.919,-0.267863,-0.308214,-0.194482
3.92,-0.14262,-0.930545,0.515446
3.921,0.101135,0.129108,0.121676
3.922,-0.0376259,0.414258,0.127307
3.923,-0.38348,0.671605,0.216301
3.924,-0.117829,-0.401054,-0.0789223
3.925,0.0018413,-0.553278,0.427634
3.926,0.0812999,0.26363,0.143059
3.927,-0.0636402,0.348755,0.0816941
3.928,-0.429159,0.449446,0.0462138
3.929,-0.143186,-0.695644,0.0397421
3.93,0.014143,-0.392018,0.407806
3.931,0.0401313,0.377643,0.145104
3.932,-0.14289,0.449985,0.107634
3.933,-0.502331,0.224937,-0.105014
3.934,-0.00948222,-0.484253,0.101041
3.935,0.0622614,-0.136626,0.251248
3.936,-0.0126314,0.50292,0.185541
3.937,-0.137041,0.273894,0.0154218
3.938,-0.410285,-0.322781,-0.26589
3.939,0.0208091,-0.527664,0.258807
3.94,0.064124,0.0140775,0.173481
3.941,-0.0738836,0.560497,0.196449
3.942,-0.241527,0.295401,-0.0073101
3.943,-0.447363,-0.674043,-0.261582
3.944,0.083108,-0.245434,0.148299
3.945,0.0606865,0.1785,0.128975
3.946,-0.15641,0.673593,0.253801
3.947,-0.195782,0.047111,-0.0969266
3.948,-0.251659,-0.918981,0.0854892
3.949,0.101183,-0.157555,0.211607
3.95,0.0297372,0.208359,0.0993875
3.951,-0.228509,0.665912,0.234065
3.952,-0.216171,-0.146114,-0.152192
3.953,-0.197827,-1.00401,0.378871
3.954,0.107574,0.0455114,0.125341
3.955,-0.0086899,0.377659,0.124653
3.956,-0.331666,0.713273,0.255942
3.957,-0.138498,-0.308442,-0.1112
3.958,-0.05891,-0.741656,0.47643
3.959,0.0981469,0.187859,0.134532
3.96,-0.0415346,0.351619,0.0940629
3.961,-0.365071,0.484207,0.0800794
3.962,-0.158565,-0.5785,-0.0559226
3.963,-0.0133817,-0.539142,0.476711
3.964,0.0661787,0.316448,0.138571
3.965,-0.121074,0.488766,0.137754
3.966,-0.479571,0.409588,0.0118573
3.967,-0.0409506,-0.489656,0.0486347
3.968,0.0583498,-0.232405,0.298784
3.969,0.0202886,0.442816,0.166865
3.97,-0.12776,0.339066,0.0508919
3.971,-0.423073,-0.0936389,-0.223683
3.972,-0.0139407,-0.596232,0.218551
3.973,0.0546936,-0.0918673,0.226221
3.974,-0.0357253,0.511696,0.179264
3.975,-0.198634,0.331649,0.0241661
3.976,-0.480169,-0.41628,-0.303845
3.977,0.0624614,-0.344669,0.163703
3.978,0.0668461,0.0911918,0.147299
3.979,-0.110455,0.634217,0.236411
3.98,-0.189731,0.143609,-0.0603006
3.981,-0.309006,-0.816683,-0.0829184
3.982,0.0890266,-0.259161,0.230132
3.983,0.0462232,0.180477,0.114994
3.984,-0.17605,0.632309,0.219274
3.985,-0.242485,-0.00814956,-0.132864
3.986,-0.286748,-1.04586,0.192297
3.987,0.109647,-0.0433992,0.140297
3.988,0.0185181,0.287276,0.107744
3.989,-0.274396,0.708072,0.259478
3.99,-0.156671,-0.214879,-0.125637
3.991,-0.117142,-0.876957,0.440768
3.992,0.108488,0.104373,0.139147
3.993,-0.0170545,0.322401,0.0950036
3.994,-0.334106,0.585317,0.156739
3.995,-0.212408,-0.497898,-0.136568
3.996,-0.0594738,-0.712803,0.532328
3.997,0.0863605,0.238989,0.130657
3.998,-0.0839861,0.468483,0.137985
3.999,-0.436543,0.539279,0.108575
4,-0.0902412,-0.512841,-0.00784288
4.001,0.0501678,-0.339708,0.340171
4.002,0.0502736,0.374156,0.154191
4.003,-0.093492,0.330574,0.0596573
4.004,-0.429344,0.147792,-0.12979
4.005,-0.0705,-0.681958,0.167761
4.006,0.0488447,-0.197279,0.288187
4.007,-0.00013714,0.471853,0.1716
4.008,-0.184973,0.416647,0.0758053
4.009,-0.50883,-0.10658,-0.254112
4.01,0.0337879,-0.420556,0.148002
4.011,0.0695721,0.00122807,0.182139
4.012,-0.064145,0.578066,0.212024
4.013,-0.156087,0.193267,-0.0274962
4.014,-0.38855,-0.629502,-0.233881
4.015,0.0752372,-0.322677,0.197104
4.016,0.0574282,0.118261,0.132492
4.017,-0.131499,0.611462,0.214641
4.018,-0.263541,0.148628,-0.0837652
4.019,-0.366591,-0.95631,-0.0415735
4.02,0.101443,-0.128195,0.140327
4.021,0.0385779,0.256323,0.116497
4.022,-0.226104,0.714388,0.271892
4.023,-0.188544,-0.106551,-0.131676
4.024,-0.188373,-0.968239,0.319718
4.025,0.112826,0.00760874,0.151633
4.026,0.00655499,0.272056,0.0929352
4.027,-0.291828,0.649351,0.211149
4.028,-0.193526,-0.318906,-0.149278
4.029,-0.107917,-0.857203,0.510857
4.03,0.0979557,0.153791,0.121443
4.031,-0.0466169,0.421718,0.127021
4.032,-0.399027,0.652711,0.199519
4.033,-0.117145,-0.441492,-0.0670187
4.034,-0.00627078,-0.551272,0.455681
4.035,0.0746363,0.291455,0.144455
4.036,-0.0753603,0.363871,0.0840295
4.037,-0.403207,0.311313,-0.0365834
4.038,-0.096128,-0.628837,0.0599256
4.039,0.0302327,-0.327458,0.365121
4.04,0.0311642,0.408899,0.15505
4.041,-0.15895,0.457971,0.107768
4.042,-0.493951,0.122627,-0.156742
4.043,-0.00158867,-0.492252,0.125164
4.044,0.0819075,-0.0543556,0.208255
4.045,-0.0260597,0.531381,0.196194
4.046,-0.141511,0.25467,0.0048436
4.047,-0.399253,-0.405889,-0.265525
4.048,0.0380176,-0.472784,0.244522
4.049,0.0565289,0.0220643,0.164282
4.05,-0.0905249,0.593647,0.213405
4.051,-0.208799,0.205901,-0.0408647
4.052,-0.407056,-0.761057,-0.203509
4.053,0.089113,-0.214533,0.146919
4.054,0.0551245,0.198038,0.124109
4.055,-0.17488,0.687793,0.260654
4.056,-0.200706,0.0107656,-0.110003
4.057,-0.221373,-0.927936,0.154384
4.058,0.108006,-0.102878,0.186856
4.059,0.0240947,0.224281,0.0962285
4.06,-0.247108,0.669777,0.23384
4.061,-0.208932,-0.193864,-0.154601
4.062,-0.175059,-0.981035,0.433277
4.063,0.106488,0.0753028,0.12477
4.064,-0.0211992,0.412833,0.134726
4.065,-0.351543,0.704202,0.246197
4.066,-0.140753,-0.357943,-0.107098
4.067,-0.0530383,-0.714992,0.497763
4.068,0.0916746,0.209817,0.143199
4.069,-0.0445714,0.321299,0.0781716
4.07,-0.38791,0.46995,0.0666229
4.071,-0.142296,-0.601046,-0.0249796
4.072,0.000717555,-0.478157,0.447561
4.073,0.0577239,0.343344,0.142942
4.074,-0.132339,0.484705,0.131841
4.075,-0.485639,0.338853,-0.0347528
4.076,-0.0269843,-0.477402,0.0636037
4.077,0.0748257,-0.161541,0.256456
4.078,0.00863107,0.470599,0.176566
4.079,-0.131728,0.316878,0.0382159
4.08,-0.464289,-0.110158,-0.241864
4.081,-0.00363958,-0.58476,0.243458
4.082,0.0635292,-0.0413259,0.200415
4.083,-0.049691,0.531604,0.186258
4.084,-0.225297,0.341503,0.0219558
4.085,-0.477564,-0.506301,-0.303083
4.086,0.0712278,-0.30916,0.160448
4.087,0.0632148,0.113553,0.138887
4.088,-0.125937,0.644478,0.239798
4.089,-0.170584,0.0849429,-0.0740844
4.09,-0.3076,-0.87935,-0.0344423
4.091,0.10041,-0.186959,0.185441
4.092,0.0390293,0.185004,0.107314
4.093,-0.197193,0.654923,0.231585
4.094,-0.244825,-0.0542052,-0.146476
4.095,-0.2557,-1.04473,0.267735
4.096,0.111537,-0.0149646,0.142932
4.097,0.00666879,0.365537,0.128512
4.098,-0.298623,0.722383,0.267535
4.099,-0.155134,-0.252646,-0.12539
4.1,-0.0699724,-0.776253,0.424419
4.101,0.105797,0.132476,0.141711
4.102,-0.0238716,0.321213,0.0901778
4.103,-0.367117,0.618478,0.176898
4.104,-0.213765,-0.558959,-0.119064
4.105,-0.044432,-0.65579,0.523724
4.106,0.0776321,0.260467,0.127045
4.107,-0.0980501,0.481743,0.14092
4.108,-0.457527,0.508858,0.0837445
4.109,-0.0632299,-0.481083,0.0111657
4.11,0.0509514,-0.307771,0.332774
4.111,0.0405729,0.400156,0.158855
4.112,-0.107535,0.342741,0.0602196
4.113,-0.462578,0.131033,-0.145632
4.114,-0.047452,-0.649789,0.187647
4.115,0.0548472,-0.151307,0.260827
4.116,-0.012487,0.483416,0.172293
4.117,-0.191877,0.392653,0.0599427
4.118,-0.497539,-0.219273,-0.282196
4.119,0.0450543,-0.386618,0.148136
4.12,0.0717037,0.0403926,0.167096
4.121,-0.0811128,0.608495,0.226603
4.122,-0.175324,0.191879,-0.0352789
4.123,-0.395768,-0.696051,-0.219441
4.124,0.0745834,-0.337154,0.245071
4.125,0.0535475,0.135146,0.125658
4.126,-0.147317,0.630239,0.224137
4.127,-0.262304,0.106326,-0.100725
4.128,-0.349741,-0.998681,0.0212463
4.129,0.105954,-0.109135,0.149461
4.13,0.0325721,0.261133,0.11235
4.131,-0.241308,0.718322,0.272595
4.132,-0.186801,-0.140829,-0.136207
4.133,-0.162451,-0.940892,0.3601
4.134,0.112106,0.0371034,0.143906
4.135,-0.000514734,0.299996,0.0973582
4.136,-0.299877,0.617327,0.185737
4.137,-0.255291,-0.406669,-0.183741
4.138,-0.107466,-0.848308,0.549745
4.139,0.0963543,0.182073,0.126905
4.14,-0.04784,0.388621,0.109209
4.141,-0.409578,0.617779,0.17101
4.142,-0.103782,-0.45094,-0.0501859
4.143,0.0023245,-0.50995,0.443167
4.144,0.0678732,0.31174,0.146095
4.145,-0.074292,0.327657,0.0664797
4.146,-0.421607,0.285799,-0.0550242
4.147,-0.0917831,-0.657373,0.0931045
4.148,0.0290817,-0.302874,0.355442
4.149,0.0222932,0.42485,0.157821
4.15,-0.142087,0.382781,0.0693168
4.151,-0.491266,0.0424116,-0.192919
4.152,0.0143368,-0.442545,0.118314
4.153,0.0795407,-0.0340279,0.199879
4.154,-0.0361107,0.5436,0.199983
4.155,-0.164961,0.277185,0.00708835
4.156,-0.389003,-0.474719,-0.258369
4.157,0.0499854,-0.431386,0.234783
4.158,0.0590778,0.0558368,0.152169
4.159,-0.104894,0.617553,0.225812
4.16,-0.269825,0.257727,-0.034602
4.161,-0.413194,-0.826613,-0.177869
4.162,0.0932573,-0.190041,0.145373
4.163,0.0506506,0.213887,0.120998
4.164,-0.189943,0.699283,0.266517
4.165,-0.187303,-0.027537,-0.114314
4.166,-0.25784,-1.00342,0.188423
4.167,0.107325,-0.083989,0.190707
4.168,0.0195064,0.240407,0.0953082
4.169,-0.250323,0.633966,0.20629
4.17,-0.229555,-0.237905,-0.16976
4.171,-0.164961,-0.970195,0.474147
4.172,0.107247,0.0981028,0.130622
4.173,-0.027548,0.410769,0.130469
4.174,-0.354418,0.665398,0.214915
4.175,-0.122789,-0.362049,-0.0915682
4.176,-0.02911,-0.646817,0.472206
4.177,0.0884205,0.241378,0.137042
4.178,-0.053164,0.337913,0.0814945
4.179,-0.412357,0.483998,0.0724761
4.18,-0.139767,-0.633682,-0.00154398
4.181,0.00163508,-0.454211,0.442567
4.182,0.0508131,0.357011,0.143306
4.183,-0.114918,0.40481,0.0906122
4.184,-0.486715,0.284467,-0.067997
4.185,-0.0281465,-0.518558,0.0916269
4.186,0.0777491,-0.131237,0.242225
4.187,-0.000198307,0.487387,0.181364
4.188,-0.133297,0.297885,0.0282769
4.189,-0.461085,-0.175143,-0.259075
4.19,0.00784091,-0.557839,0.247275
4.191,0.0628122,-0.0215941,0.189935
4.192,-0.0593329,0.547293,0.192768
4.193,-0.247992,0.356685,0.0244633
4.194,-0.468058,-0.572849,-0.292804
4.195,0.076374,-0.287105,0.158907
4.196,0.0623713,0.136873,0.134006
4.197,-0.139202,0.664159,0.25082
4.198,-0.183583,0.0773348,-0.0820308
4.199,-0.329124,-0.923154,-0.0240432
4.2,0.0963411,-0.200872,0.223123
4.201,0.0352177,0.18922,0.103299
4.202,-0.212288,0.672133,0.241668
4.203,-0.225575,-0.0945551,-0.147324
4.204,-0.237007,-1.03961,0.314869
4.205,0.111579,0.00683651,0.140216
4.206,0.00019212,0.37827,0.130121
4.207,-0.312636,0.723445,0.266562
4.208,-0.152487,-0.279799,-0.12306
4.209,-0.064648,-0.762666,0.445366
4.21,0.101966,0.14453,0.14689
4.211,-0.0291632,0.327334,0.0896861
4.212,-0.376505,0.601406,0.162689
4.213,-0.206714,-0.586855,-0.10184
4.214,-0.0372579,-0.623544,0.517744
4.215,0.0738011,0.281477,0.131222
4.216,-0.0834344,0.399851,0.0995795
4.217,-0.451126,0.442153,0.0379643
4.218,-0.0510199,-0.469008,0.0216546
4.219,0.0506579,-0.286519,0.326939
4.22,0.0328704,0.415015,0.15993
4.221,-0.11792,0.349727,0.0599406
4.222,-0.422981,-0.00335171,-0.193047
4.223,-0.025159,-0.599352,0.183983
4.224,0.054604,-0.12602,0.246369
4.225,-0.0233377,0.514209,0.185971
4.226,-0.221687,0.424197,0.0707029
4.227,-0.498824,-0.298132,-0.298466
4.228,0.0533427,-0.36963,0.157491
4.229,0.0672709,0.0562877,0.158525
4.23,-0.0937877,0.614658,0.227389
4.231,-0.168757,0.151069,-0.0493772
4.232,-0.331007,-0.760449,-0.138549
4.233,0.0803207,-0.306706,0.245172
4.234,0.049815,0.154147,0.119628
4.235,-0.164647,0.649367,0.23412
4.236,-0.218891,0.0258454,-0.113066
4.237,-0.302092,-1.01231,0.112833
4.238,0.107004,-0.0731975,0.138566
4.239,0.0254321,0.320241,0.12375
4.24,-0.253987,0.70725,0.261894
4.241,-0.162768,-0.175193,-0.126739
4.242,-0.132976,-0.899852,0.397488
4.243,0.110984,0.0686036,0.142831
4.244,-0.00765935,0.306042,0.0945439
4.245,-0.327674,0.641802,0.20013
4.246,-0.19976,-0.422508,-0.142735
4.247,-0.0772511,-0.770889,0.535554
4.248,0.0926159,0.210403,0.130167
4.249,-0.0726394,0.463781,0.139484
4.25,-0.427479,0.591749,0.148905
4.251,-0.0833865,-0.444532,-0.0302078
4.252,0.028331,-0.420856,0.389536
4.253,0.0596259,0.345321,0.1464
4.254,-0.0937649,0.366294,0.0776954
4.255,-0.416602,0.197173,-0.102192
4.256,-0.072646,-0.649235,0.12347
4.257,0.0373801,-0.250783,0.322996
4.258,0.0107805,0.438554,0.158541
4.259,-0.19,0.46691,0.104923
4.26,-0.509232,-0.023517,-0.224476
4.261,0.0259038,-0.424147,0.130264
4.262,0.0786193,-0.00146882,0.186192
4.263,-0.0521449,0.571054,0.211131
4.264,-0.164357,0.238664,-0.010774
4.265,-0.428206,-0.531565,-0.275336
4.266,0.0538796,-0.423947,0.264726
4.267,0.0585132,0.0872974,0.141105
4.268,-0.119226,0.620211,0.223873
4.269,-0.215706,0.140614,-0.0709648
4.27,-0.366695,-0.889319,-0.0948452
4.271,0.0981269,-0.158262,0.143909
4.272,0.0458248,0.25703,0.122729
4.273,-0.208759,0.711213,0.272402
4.274,-0.171126,-0.0699321,-0.115992
4.275,-0.208886,-0.973558,0.261621
4.276,0.112472,-0.0238372,0.152676
4.277,0.0128895,0.27923,0.100564
4.278,-0.267366,0.626304,0.197691
4.279,-0.222126,-0.291308,-0.167752
4.28,-0.139673,-0.924724,0.50894
4.281,0.104017,0.129842,0.128708
4.282,-0.0365151,0.410716,0.126012
4.283,-0.3832,0.674368,0.218535
4.284,-0.127517,-0.418119,-0.0835636
4.285,-0.0196571,-0.604233,0.472003
4.286,0.0813629,0.265712,0.142958
4.287,-0.0673991,0.365521,0.0883684
4.288,-0.396677,0.363978,-0.00366378
4.289,-0.124223,-0.654681,0.0358168
4.29,0.0144777,-0.392334,0.40747
4.291,0.0402699,0.372672,0.142712
4.292,-0.147779,0.464818,0.115128
4.293,-0.487284,0.19728,-0.117197
4.294,-0.0100421,-0.484619,0.100193
4.295,0.0620777,-0.138595,0.252321
4.296,-0.012021,0.501913,0.185231
4.297,-0.137008,0.275332,0.0161109
4.298,-0.413533,-0.31565,-0.266561
4.299,0.0159282,-0.544949,0.271224
4.3,0.0567185,-0.00642704,0.178553
4.301,-0.0759705,0.578269,0.207498
4.302,-0.205121,0.238553,-0.0246605
4.303,-0.429915,-0.678949,-0.248728
4.304,0.0834716,-0.252757,0.15553
4.305,0.0613594,0.181485,0.129479
4.306,-0.15664,0.676845,0.256188
4.307,-0.19441,0.0482376,-0.0960004
4.308,-0.261753,-0.926658,0.0772832
4.309,0.104279,-0.146994,0.19749
4.31,0.0304614,0.206328,0.0998815
4.311,-0.225448,0.663009,0.232409
4.312,-0.223981,-0.139136,-0.15495
4.313,-0.21571,-1.03058,0.375307
4.314,0.110713,0.0367943,0.135484
4.315,-0.00777463,0.385332,0.12871
4.316,-0.319867,0.69202,0.240427
4.317,-0.139923,-0.303553,-0.11267
4.318,-0.0596199,-0.744862,0.47209
4.319,0.0988456,0.182823,0.13409
4.32,-0.0391248,0.344338,0.0918848
4.321,-0.369598,0.509271,0.0966719
4.322,-0.182925,-0.607498,-0.0682925
4.323,-0.00918385,-0.53832,0.466871
4.324,0.065808,0.300448,0.130739
4.325,-0.110284,0.460647,0.124242
4.326,-0.47442,0.421817,0.0207997
4.327,-0.0404318,-0.470528,0.0379034
4.328,0.0557606,-0.247041,0.30705
4.329,0.0232892,0.437259,0.16573
4.33,-0.126938,0.346205,0.0548749
4.331,-0.422615,-0.0738332,-0.217363
4.332,-0.0138957,-0.587858,0.204779
4.333,0.0542965,-0.0996455,0.230773
4.334,-0.0328139,0.507947,0.178148
4.335,-0.202849,0.349136,0.0324165
4.336,-0.474736,-0.401016,-0.300594
4.337,0.059984,-0.358711,0.169568
4.338,0.0748078,0.11834,0.146753
4.339,-0.105913,0.626523,0.232257
4.34,-0.167192,0.123189,-0.0592736
4.341,-0.335198,-0.815098,-0.111502
4.342,0.0935998,-0.233376,0.193127
4.343,0.0446828,0.160606,0.113562
4.344,-0.17656,0.649816,0.23194
4.345,-0.23407,0.000401381,-0.12694
4.346,-0.303322,-1.05036,0.164217
4.347,0.108991,-0.0511947,0.139648
4.348,0.020521,0.284632,0.108548
4.349,-0.268679,0.706881,0.259378
4.35,-0.159386,-0.205785,-0.126893
4.351,-0.107315,-0.854661,0.415763
4.352,0.108761,0.0876583,0.150467
4.353,-0.0117071,0.291196,0.0857497
4.354,-0.336869,0.615561,0.178863
4.355,-0.166218,-0.424139,-0.115898
4.356,-0.0562608,-0.711165,0.520031
4.357,0.0851446,0.226314,0.123771
4.358,-0.077837,0.452292,0.130903
4.359,-0.433046,0.549259,0.116365
4.36,-0.0935278,-0.509795,-0.01352
4.361,0.0478698,-0.352322,0.345923
4.362,0.0526173,0.367327,0.153087
4.363,-0.0893563,0.325007,0.0586322
4.364,-0.422838,0.153691,-0.125385
4.365,-0.0751473,-0.686901,0.162299
4.366,0.0459097,-0.210316,0.296584
4.367,0.00254027,0.470048,0.171978
4.368,-0.198032,0.45612,0.096177
4.369,-0.509333,-0.0913758,-0.249197
4.37,0.0318948,-0.426109,0.148053
4.371,0.0708982,0.000385319,0.183069
4.372,-0.0629193,0.58175,0.214698
4.373,-0.17469,0.231386,-0.0177286
4.374,-0.366537,-0.618961,-0.221426
4.375,0.063332,-0.386671,0.25473
4.376,0.0579806,0.111234,0.134496
4.377,-0.126981,0.606598,0.21238
4.378,-0.239161,0.132054,-0.0825909
4.379,-0.363066,-0.942013,-0.049639
4.38,0.102888,-0.149234,0.159633
4.381,0.0409769,0.289259,0.126023
4.382,-0.22482,0.720267,0.276749
4.383,-0.184422,-0.101241,-0.12864
4.384,-0.209568,-0.998484,0.31385
4.385,0.109606,-0.0146657,0.174059
4.386,0.00740123,0.264367,0.0911276
4.387,-0.281519,0.621087,0.191472
4.388,-0.240936,-0.343984,-0.178604
4.389,-0.128571,-0.900241,0.534433
4.39,0.0990407,0.150342,0.122616
4.391,-0.049522,0.445664,0.138675
4.392,-0.396833,0.656092,0.202443
4.393,-0.118992,-0.439115,-0.0695742
4.394,-0.00689441,-0.555952,0.455737
4.395,0.0758656,0.290006,0.144081
4.396,-0.0694484,0.344671,0.0770007
4.397,-0.437898,0.409425,0.0181472
4.398,-0.129113,-0.703846,0.0699052
4.399,0.0216139,-0.35039,0.383636
4.4,0.03235,0.395909,0.148946
4.401,-0.153142,0.449235,0.10416
4.402,-0.506122,0.162485,-0.139306
4.403,0.000324628,-0.47235,0.111945
4.404,0.0647189,-0.106146,0.234879
4.405,-0.0227127,0.519546,0.19093
4.406,-0.141094,0.258547,0.00677856
4.407,-0.398359,-0.394279,-0.264863
4.408,0.0423319,-0.448688,0.218646
4.409,0.0589673,0.0258491,0.164525
4.41,-0.0881405,0.590795,0.212176
4.411,-0.206683,0.208944,-0.038793
4.412,-0.408945,-0.749425,-0.209757
4.413,0.0884226,-0.219795,0.148174
4.414,0.0578709,0.21173,0.127125
4.415,-0.172751,0.69123,0.263777
4.416,-0.17285,0.00214521,-0.100024
4.417,-0.258725,-0.96392,0.128878
4.418,0.109487,-0.0928808,0.163607
4.419,0.0264247,0.247764,0.103662
4.42,-0.234802,0.637798,0.211868
4.421,-0.232818,-0.189103,-0.166667
4.422,-0.191895,-1.00913,0.433778
4.423,0.107752,0.0692386,0.127569
4.424,-0.0120958,0.354464,0.112144
4.425,-0.347429,0.707914,0.24969
4.426,-0.147608,-0.356943,-0.11269
4.427,-0.0537988,-0.720027,0.492902
4.428,0.0935808,0.206419,0.142514
4.429,-0.0486704,0.356818,0.0929097
4.43,-0.375005,0.455486,0.059007
4.431,-0.153231,-0.610861,-0.0326994
4.432,-0.00955438,-0.507643,0.469318
4.433,0.0587962,0.331232,0.137952
4.434,-0.101836,0.396184,0.0905457
4.435,-0.469164,0.325583,-0.0402058
4.436,-0.0277027,-0.469618,0.0573753
4.437,0.0647418,-0.19184,0.276563
4.438,0.0110929,0.462327,0.172488
4.439,-0.136392,0.335655,0.0461024
4.44,-0.420476,-0.161279,-0.241485
4.441,-0.00193485,-0.574149,0.23017
4.442,0.056423,-0.0633478,0.209978
4.443,-0.0464549,0.526584,0.184316
4.444,-0.211107,0.323825,0.016353
4.445,-0.462615,-0.502799,-0.29573
4.446,0.0690971,-0.326998,0.170615
4.447,0.0707991,0.144118,0.139852
4.448,-0.124104,0.648946,0.243401
4.449,-0.19479,0.120291,-0.0711673
4.45,-0.287647,-0.851218,-0.0325361
4.451,0.0981875,-0.204997,0.198872
4.452,0.0408311,0.188859,0.109498
4.453,-0.201086,0.682275,0.251419
4.454,-0.290917,-0.0195422,-0.155049
4.455,-0.272092,-1.06249,0.257567
4.456,0.110566,-0.0150004,0.138206
4.457,0.0111879,0.310904,0.110097
4.458,-0.295197,0.719718,0.26585
4.459,-0.169871,-0.258225,-0.135039
4.46,-0.106028,-0.855677,0.467454
4.461,0.105959,0.125663,0.145028
4.462,-0.0211683,0.308119,0.0862377
4.463,-0.340412,0.551732,0.131358
4.464,-0.21048,-0.542487,-0.121764
4.465,-0.0365478,-0.644968,0.503972
4.466,0.0783532,0.254166,0.12543
4.467,-0.0822214,0.425856,0.114305
4.468,-0.447725,0.496616,0.076291
4.469,-0.078224,-0.522525,0.0133544
4.47,0.0574432,-0.295218,0.319973
4.471,0.0413003,0.397349,0.158666
4.472,-0.0989758,0.3195,0.0519729
4.473,-0.425232,0.0677136,-0.165237
4.474,-0.0520587,-0.660726,0.189742
4.475,0.0562253,-0.15167,0.260739
4.476,-0.0112679,0.475049,0.167977
4.477,-0.189959,0.38941,0.0586204
4.478,-0.493489,-0.222947,-0.281663
4.479,0.0424125,-0.41156,0.165389
4.48,0.0811051,0.0757637,0.160232
4.481,-0.082084,0.60945,0.226926
4.482,-0.170827,0.183211,-0.03725
4.483,-0.400067,-0.698246,-0.221859
4.484,0.0715927,-0.348493,0.259199
4.485,0.0492627,0.119305,0.123511
4.486,-0.152568,0.646054,0.234351
4.487,-0.225632,0.0645508,-0.103023
4.488,-0.326448,-0.991442,0.0475532
4.489,0.106491,-0.105067,0.149936
4.49,0.0317163,0.27443,0.114907
4.491,-0.245158,0.721363,0.274361
4.492,-0.173378,-0.146084,-0.129634
4.493,-0.150964,-0.922129,0.361974
4.494,0.112274,0.0389935,0.148809
4.495,0.000206977,0.273893,0.0883452
4.496,-0.311375,0.646428,0.206007
4.497,-0.186426,-0.364287,-0.14094
4.498,-0.0869251,-0.803841,0.521517
4.499,0.0935041,0.181454,0.12147
4.5,-0.0531897,0.409113,0.117358
4.501,-0.409167,0.603525,0.160109
4.502,-0.113263,-0.482707,-0.048464
4.503,0.0324178,-0.432323,0.379104
4.504,0.0664344,0.326059,0.14698
4.505,-0.0786198,0.337412,0.0693281
4.506,-0.427569,0.285627,-0.0563011
4.507,-0.0699115,-0.598877,0.0803694
4.508,0.0306237,-0.293156,0.349474
4.509,0.0201439,0.428797,0.158646
4.51,-0.141928,0.37563,0.0654486
4.511,-0.487114,0.0169708,-0.202578
4.512,0.0183595,-0.428021,0.115603
4.513,0.0790195,-0.0264188,0.196626
4.514,-0.0405575,0.553185,0.204085
4.515,-0.145802,0.231162,-0.00733258
4.516,-0.425442,-0.469813,-0.27808
4.517,0.0578854,-0.39243,0.206845
4.518,0.0575308,0.057836,0.150008
4.519,-0.105675,0.605441,0.217183
4.52,-0.21036,0.167726,-0.0579579
4.521,-0.387731,-0.837395,-0.149178
4.522,0.0943818,-0.184081,0.145664
4.523,0.0507526,0.23318,0.123113
4.524,-0.194309,0.705219,0.270294
4.525,-0.174332,-0.0399085,-0.111139
4.526,-0.202602,-0.936699,0.211413
4.527,0.107652,-0.0780217,0.189179
4.528,0.0185404,0.24276,0.0949741
4.529,-0.252885,0.633156,0.205245
4.53,-0.229545,-0.246075,-0.170317
4.531,-0.15985,-0.961523,0.478936
4.532,0.107173,0.102932,0.131517
4.533,-0.0315569,0.426404,0.136533
4.534,-0.368677,0.689144,0.23205
4.535,-0.130331,-0.385057,-0.0936518
4.536,-0.0322348,-0.650681,0.482043
4.537,0.087031,0.242892,0.141952
4.538,-0.0554416,0.342899,0.0827628
4.539,-0.420443,0.493094,0.0776366
4.54,-0.154861,-0.675883,0.00722029
4.541,0.0063851,-0.436987,0.431365
4.542,0.0480911,0.35148,0.138323
4.543,-0.125057,0.428388,0.100545
4.544,-0.486447,0.263083,-0.0804416
4.545,-0.0256405,-0.519917,0.0976669
4.546,0.0779957,-0.122193,0.238346
4.547,-0.00313342,0.492208,0.183147
4.548,-0.129796,0.282716,0.0222836
4.549,-0.412214,-0.257121,-0.258053
4.55,0.0212323,-0.507592,0.216158
4.551,0.061247,-0.0164129,0.1865
4.552,-0.0658348,0.572308,0.206842
4.553,-0.249483,0.344872,0.0174096
4.554,-0.458718,-0.6051,-0.282979
4.555,0.0782413,-0.269071,0.149998
4.556,0.0669089,0.177945,0.134077
4.557,-0.140984,0.656948,0.245207
4.558,-0.172751,0.0561903,-0.0843305
4.559,-0.278555,-0.907289,0.0302111
4.56,0.10151,-0.17379,0.203277
4.561,0.034001,0.193681,0.102311
4.562,-0.216272,0.67184,0.240727
4.563,-0.221415,-0.107055,-0.147902
4.564,-0.221527,-1.02308,0.330198
4.565,0.108173,0.0200746,0.12686
4.566,0.00047373,0.351803,0.118825
4.567,-0.313647,0.709599,0.255252
4.568,-0.171687,-0.308503,-0.135039
4.569,-0.0520181,-0.731804,0.437375
4.57,0.101432,0.160002,0.143704
4.571,-0.0298181,0.314734,0.0836766
4.572,-0.353181,0.511819,0.101086
4.573,-0.158623,-0.53172,-0.0766153
4.574,-0.0278399,-0.594762,0.50164
4.575,0.0718871,0.289319,0.132416
4.576,-0.0847099,0.394356,0.0961166
4.577,-0.454707,0.426732,0.0270224
4.578,-0.0476961,-0.470869,0.0273915
4.579,0.0556787,-0.265696,0.313986
4.58,0.0298542,0.423297,0.162465
4.581,-0.119104,0.344389,0.0567495
4.582,-0.431932,-0.00856471,-0.197586
4.583,-0.0381334,-0.652228,0.222732
4.584,0.0519096,-0.125321,0.24591
4.585,-0.0244528,0.495801,0.174308
4.586,-0.199224,0.36767,0.043715
4.587,-0.483741,-0.332164,-0.297721
4.588,0.0530161,-0.384703,0.172696
4.589,0.0780531,0.106415,0.151133
4.59,-0.0983449,0.626123,0.233922
4.591,-0.166126,0.143055,-0.0514292
4.592,-0.331083,-0.771055,-0.132984
4.593,0.0797828,-0.306848,0.250748
4.594,0.0460554,0.141757,0.116504
4.595,-0.166435,0.643608,0.22953
4.596,-0.243077,0.0341809,-0.119922
4.597,-0.308569,-1.02836,0.122562
4.598,0.108914,-0.0739434,0.147267
4.599,0.0242378,0.310735,0.119728
4.6,-0.264286,0.728352,0.277085
4.601,-0.167007,-0.183358,-0.129937
4.602,-0.113959,-0.862502,0.38727
4.603,0.108659,0.0592177,0.158625
4.604,-0.00801223,0.29921,0.0915762
4.605,-0.333203,0.651596,0.206911
4.606,-0.241219,-0.465756,-0.165935
4.607,-0.083284,-0.781573,0.550021
4.608,0.0893203,0.208332,0.123513
4.609,-0.0743345,0.467955,0.141253
4.61,-0.430004,0.590447,0.147609
4.611,-0.0868917,-0.460541,-0.0278598
4.612,0.0325358,-0.408673,0.380408
4.613,0.0592307,0.349408,0.149213
4.614,-0.0869311,0.339459,0.0667907
4.615,-0.447835,0.263346,-0.0730003
4.616,-0.0630763,-0.618097,0.111404
4.617,0.0427664,-0.239072,0.313585
4.618,0.0104995,0.455075,0.167721
4.619,-0.189356,0.462178,0.102148
4.62,-0.508684,-0.0289125,-0.22642
4.621,0.0269917,-0.41764,0.127362
4.622,0.0833223,0.0150563,0.180652
4.623,-0.0536172,0.572945,0.211755
4.624,-0.160721,0.229034,-0.0138013
4.625,-0.429197,-0.537637,-0.275255
4.626,0.0532125,-0.426529,0.270599
4.627,0.0541217,0.0753296,0.140421
4.628,-0.120531,0.617354,0.221532
4.629,-0.216481,0.136193,-0.0730072
4.63,-0.363794,-0.896827,-0.0862514
4.631,0.0986321,-0.154262,0.143523
4.632,0.0449393,0.25905,0.122387
4.633,-0.211514,0.713569,0.273755
4.634,-0.172716,-0.0749264,-0.117782
4.635,-0.181701,-0.933927,0.265857
4.636,0.108663,-0.0442034,0.181885
4.637,0.0123328,0.252842,0.0919453
4.638,-0.275569,0.647078,0.211948
4.639,-0.230129,-0.29738,-0.172587
4.64,-0.133392,-0.912131,0.504446
4.641,0.103945,0.132032,0.129142
4.642,-0.0398402,0.426227,0.13253
4.643,-0.372806,0.641044,0.193551
4.644,-0.112734,-0.393421,-0.0760681
4.645,-0.0003942,-0.556672,0.433734
4.646,0.0813157,0.272441,0.141749
4.647,-0.0643725,0.347446,0.0807071
4.648,-0.431932,0.447321,0.0443493
4.649,-0.13867,-0.692516,0.0441606
4.65,0.0154039,-0.385975,0.404172
4.651,0.0390629,0.378192,0.144597
4.652,-0.155663,0.483184,0.124198
4.653,-0.502134,0.212873,-0.11165
4.654,-0.00500288,-0.465201,0.0951764
4.655,0.0784561,-0.0921929,0.225338
4.656,-0.0130536,0.502231,0.185036
4.657,-0.134587,0.266021,0.0126601
4.658,-0.424877,-0.316969,-0.271599
4.659,0.0316039,-0.483443,0.224858
4.66,0.0615186,0.0111991,0.173121
4.661,-0.0786216,0.585908,0.21178
4.662,-0.244762,0.296855,-0.0074446
4.663,-0.437061,-0.685103,-0.251813
4.664,0.0838814,-0.269226,0.173563
4.665,0.0635044,0.207004,0.131402
4.666,-0.160951,0.685167,0.261575
4.667,-0.189831,0.0372781,-0.0974877
4.668,-0.291636,-0.963892,0.0709328
4.669,0.103719,-0.1445,0.202088
4.67,0.0309509,0.235738,0.10536
4.671,-0.223045,0.639553,0.215304
4.672,-0.239607,-0.151457,-0.164603
4.673,-0.205525,-1.02016,0.392363
4.674,0.110765,0.0460477,0.136238
4.675,-0.0119225,0.396949,0.131858
4.676,-0.334042,0.710446,0.253364
4.677,-0.137714,-0.31365,-0.110136
4.678,-0.0512656,-0.722631,0.46806
4.679,0.0975588,0.191945,0.134907
4.68,-0.0426869,0.352487,0.0938748
4.681,-0.366673,0.479587,0.0766628
4.682,-0.15704,-0.582641,-0.0521814
4.683,-0.012025,-0.532445,0.474231
4.684,0.0650653,0.319188,0.138642
4.685,-0.120589,0.482555,0.134101
4.686,-0.47425,0.391198,0.00051634
4.687,-0.0465798,-0.515165,0.0563056
4.688,0.0608896,-0.224248,0.293193
4.689,0.0195696,0.445039,0.167719
4.69,-0.13003,0.343473,0.0523661
4.691,-0.422856,-0.099994,-0.225528
4.692,-0.0126735,-0.593826,0.219476
4.693,0.054716,-0.0894632,0.224798
4.694,-0.0367673,0.513159,0.179745
4.695,-0.199413,0.330077,0.0230972
4.696,-0.47905,-0.424523,-0.303725
4.697,0.0630759,-0.343726,0.164993
4.698,0.0677444,0.0980501,0.146222
4.699,-0.113637,0.643886,0.242309
4.7,-0.178482,0.126412,-0.062574
4.701,-0.360379,-0.8385,-0.12226
4.702,0.0872925,-0.264613,0.239073
4.703,0.0423984,0.160729,0.110926
4.704,-0.182183,0.65099,0.231651
4.705,-0.240143,-0.0124906,-0.133179
4.706,-0.289346,-1.05129,0.195403
4.707,0.107775,-0.0374355,0.131915
4.708,0.0167102,0.322879,0.118439
4.709,-0.279817,0.720814,0.26882
4.71,-0.17898,-0.22797,-0.139978
4.711,-0.101842,-0.844703,0.423984
4.712,0.108311,0.0985126,0.148037
4.713,-0.0144756,0.298797,0.0868482
4.714,-0.326199,0.565684,0.143656
4.715,-0.182966,-0.463273,-0.120897
4.716,-0.0611723,-0.715331,0.536732
4.717,0.0845213,0.235758,0.126424
4.718,-0.0741696,0.427549,0.118413
4.719,-0.43478,0.532065,0.103529
4.72,-0.086317,-0.503883,-0.00741271
4.721,0.0455206,-0.350486,0.35014
4.722,0.050435,0.368437,0.153364
4.723,-0.100583,0.355434,0.0694008
4.724,-0.431772,0.153156,-0.127753
4.725,-0.0626839,-0.657585,0.15635
4.726,0.0453305,-0.205372,0.294095
4.727,0.000550675,0.466361,0.168756
4.728,-0.156638,0.352441,0.0481641
4.729,-0.486679,-0.137697,-0.257124
4.73,0.0363682,-0.393821,0.13074
4.731,0.0761506,0.0221406,0.176101
4.732,-0.0653033,0.583985,0.214863
4.733,-0.178516,0.231384,-0.0190633
4.734,-0.361067,-0.635026,-0.213161
4.735,0.0686549,-0.363798,0.239311
4.736,0.052184,0.0957539,0.132189
4.737,-0.134865,0.631293,0.227829
4.738,-0.216247,0.100531,-0.0866161
4.739,-0.347082,-0.945141,-0.0272415
4.74,0.101914,-0.129088,0.142511
4.741,0.0395935,0.292528,0.125828
4.742,-0.2281,0.721558,0.277239
4.743,-0.185982,-0.108238,-0.130663
4.744,-0.200004,-0.988025,0.324043
4.745,0.109766,-0.00846254,0.172403
4.746,0.00624803,0.269987,0.0919887
4.747,-0.285615,0.625538,0.19413
4.748,-0.264207,-0.359016,-0.192276
4.749,-0.125578,-0.893111,0.538989
4.75,0.0995035,0.157496,0.125589
4.751,-0.0373354,0.368736,0.104547
4.752,-0.389602,0.622278,0.176926
4.753,-0.104921,-0.417495,-0.0621629
4.754,0.0206791,-0.485917,0.39839
4.755,0.0745486,0.298468,0.14383
4.756,-0.0721176,0.34673,0.0768178
4.757,-0.4421,0.399633,0.0110723
4.758,-0.121627,-0.699216,0.0786058
4.759,0.0247923,-0.336124,0.374399
4.76,0.0299876,0.395353,0.147081
4.761,-0.143251,0.41202,0.0853499
4.762,-0.501777,0.126502,-0.156551
4.763,0.00508316,-0.458218,0.110611
4.764,0.0738669,-0.0745033,0.218318
4.765,-0.026261,0.52764,0.193157
4.766,-0.157434,0.285302,0.0136047
4.767,-0.402571,-0.410559,-0.267233
4.768,0.0313005,-0.50077,0.27222
4.769,0.0575407,0.0278943,0.162445
4.77,-0.0880534,0.573757,0.200779
4.771,-0.226779,0.228028,-0.0365037
4.772,-0.420613,-0.767608,-0.211412
4.773,0.0902102,-0.234014,0.167979
4.774,0.0577218,0.225166,0.128001
4.775,-0.17305,0.681506,0.256425
4.776,-0.17599,-0.00447924,-0.103219
4.777,-0.220159,-0.924878,0.152626
4.778,0.109383,-0.095464,0.177119
4.779,0.0246212,0.241989,0.10061
4.78,-0.252093,0.688026,0.24709
4.781,-0.280444,-0.194461,-0.190813
4.782,-0.190672,-1.00941,0.444489
4.783,0.105852,0.0744438,0.123073
4.784,-0.0149932,0.364119,0.114776
4.785,-0.349179,0.697081,0.24074
4.786,-0.13726,-0.351321,-0.105272
4.787,-0.0362382,-0.676985,0.46594
4.788,0.093127,0.216828,0.135107
4.789,-0.0504404,0.357878,0.0925453
4.79,-0.377225,0.447514,0.0533191
4.791,-0.149966,-0.61492,-0.026373
4.792,-0.00694775,-0.495995,0.463534
4.793,0.057047,0.335264,0.138233
4.794,-0.106865,0.406097,0.0941645
4.795,-0.479862,0.334791,-0.0363332
4.796,-0.0390806,-0.526939,0.077773
4.797,0.0743971,-0.163688,0.257636
4.798,0.00918292,0.468995,0.176206
4.799,-0.12431,0.300138,0.0326928
4.8,-0.428037,-0.15745,-0.243189
4.801,-0.00969352,-0.603784,0.253536
4.802,0.0557616,-0.0621176,0.209013
4.803,-0.0484166,0.532722,0.187427
4.804,-0.242261,0.381016,0.0399196
4.805,-0.47789,-0.498471,-0.303535
4.806,0.0706607,-0.305442,0.1549
4.807,0.0695828,0.14064,0.139414
4.808,-0.127045,0.656987,0.248357
4.809,-0.184672,0.10485,-0.0729101
4.81,-0.345163,-0.886517,-0.0732468
4.811,0.0921067,-0.231757,0.231894
4.812,0.0387389,0.177044,0.106663
4.813,-0.19603,0.654318,0.231361
4.814,-0.246703,-0.050073,-0.146205
4.815,-0.255493,-1.04219,0.263222
4.816,0.111363,-0.0163883,0.142248
4.817,0.00710003,0.367603,0.12965
4.818,-0.299445,0.727316,0.271398
4.819,-0.160719,-0.256868,-0.129073
4.82,-0.100174,-0.843173,0.465142
4.821,0.105927,0.132189,0.140239
4.822,-0.0215453,0.304873,0.0846146
4.823,-0.342787,0.549874,0.129652
4.824,-0.213874,-0.553688,-0.121
4.825,-0.0433663,-0.656042,0.520028
4.826,0.0800223,0.264358,0.131885
4.827,-0.0885949,0.448407,0.124658
4.828,-0.456383,0.51611,0.0891296
4.829,-0.0686323,-0.494022,0.0106729
4.83,0.033656,-0.351025,0.369028
4.831,0.0411145,0.391461,0.157255
4.832,-0.100306,0.322462,0.0528907
4.833,-0.421756,0.0597617,-0.167673
4.834,-0.0348168,-0.602781,0.160647
4.835,0.0533057,-0.154777,0.263083
4.836,-0.012817,0.494678,0.17885
4.837,-0.202278,0.415639,0.070546
4.838,-0.486762,-0.231079,-0.281153
4.839,0.0441549,-0.396361,0.154912
4.84,0.0691451,0.0322624,0.168785
4.841,-0.0790405,0.596359,0.219362
4.842,-0.16066,0.168918,-0.0391923
4.843,-0.372189,-0.705306,-0.198277
4.844,0.0830535,-0.28701,0.193337
4.845,0.0540662,0.141523,0.125367
4.846,-0.146975,0.62043,0.217229
4.847,-0.25836,0.0940735,-0.104141
4.848,-0.340311,-1.00276,0.0392858
4.849,0.104448,-0.0966788,0.137579
4.85,0.0317099,0.284095,0.117469
4.851,-0.243209,0.713971,0.268808
4.852,-0.191006,-0.149602,-0.139663
4.853,-0.131342,-0.885419,0.353222
4.854,0.111366,0.0358023,0.157615
4.855,-0.000501846,0.275512,0.0883496
4.856,-0.310055,0.63614,0.198352
4.857,-0.183505,-0.3656,-0.138689
4.858,-0.0846959,-0.797973,0.521332
4.859,0.0931336,0.184275,0.12172
4.86,-0.0569526,0.423771,0.123523
4.861,-0.41333,0.609367,0.164077
4.862,-0.102256,-0.459294,-0.045516
4.863,0.00425319,-0.498499,0.440022
4.864,0.0657999,0.320482,0.146976
4.865,-0.078211,0.334913,0.0682765
4.866,-0.417718,0.261721,-0.0678555
4.867,-0.1066,-0.706969,0.115068
4.868,0.0312397,-0.28984,0.347357
4.869,0.0194823,0.428088,0.157847
4.87,-0.141644,0.373142,0.0641864
4.871,-0.488091,0.0135918,-0.204213
4.872,0.0191439,-0.424836,0.114835
4.873,0.0733637,-0.0405152,0.202364
4.874,-0.0417583,0.553261,0.203179
4.875,-0.161892,0.258138,-0.000915581
4.876,-0.420116,-0.480529,-0.274832
4.877,0.0601131,-0.379043,0.197041
4.878,0.0614755,0.0744139,0.147784
4.879,-0.104984,0.589617,0.206543
4.88,-0.236916,0.193464,-0.0556189
4.881,-0.391195,-0.852515,-0.143566
4.882,0.0965293,-0.196069,0.164319
4.883,0.0507761,0.252948,0.125995
4.884,-0.194368,0.696293,0.263497
4.885,-0.19353,-0.0390655,-0.120009
4.886,-0.216172,-0.962769,0.221189
4.887,0.111955,-0.0489072,0.160091
4.888,0.0176458,0.253539,0.0970024
4.889,-0.271209,0.686768,0.243145
4.89,-0.276492,-0.259219,-0.196391
4.891,-0.166095,-0.974301,0.4942
4.892,0.105675,0.1088,0.128105
4.893,-0.0234461,0.36345,0.109589
4.894,-0.366346,0.674304,0.220478
4.895,-0.142504,-0.409315,-0.0990373
4.896,-0.00194329,-0.576384,0.423496
4.897,0.0864478,0.251029,0.140052
4.898,-0.0583162,0.348541,0.0841127
4.899,-0.419246,0.472729,0.0636408
4.9,-0.147188,-0.670364,0.0139394
4.901,0.0171129,-0.409598,0.408452
4.902,0.046496,0.358852,0.140624
4.903,-0.146982,0.488963,0.13023
4.904,-0.497655,0.271544,-0.077532
4.905,-0.0149617,-0.477525,0.0851283
4.906,0.070476,-0.137325,0.248745
4.907,-0.00439647,0.492221,0.181722
4.908,-0.145106,0.315016,0.0325698
4.909,-0.412442,-0.268517,-0.259935
4.91,0.0193813,-0.519964,0.230395
4.911,0.0585323,-0.0197748,0.186726
4.912,-0.0651055,0.556954,0.197025
4.913,-0.231577,0.309845,0.00309387
4.914,-0.463288,-0.605859,-0.285504
4.915,0.0788624,-0.280025,0.161995
4.916,0.0595829,0.137438,0.131366
4.917,-0.143808,0.661538,0.247896
4.918,-0.177662,0.0571618,-0.0861305
4.919,-0.270222,-0.902727,0.0380073
4.92,0.0980677,-0.186359,0.219367
4.921,0.0334402,0.195875,0.101899
4.922,-0.217486,0.669318,0.238598
4.923,-0.216104,-0.112977,-0.146491
4.924,-0.218897,-1.02236,0.338488
4.925,0.108317,0.023657,0.127196
4.926,-0.00252593,0.375075,0.127093
4.927,-0.310558,0.696673,0.245366
4.928,-0.144,-0.28664,-0.116766
4.929,-0.0678023,-0.767646,0.466401
4.93,0.101278,0.167182,0.134799
4.931,-0.0353612,0.346586,0.0950007
4.932,-0.356207,0.507907,0.0978695
4.933,-0.167206,-0.555884,-0.0754515
4.934,-0.0219289,-0.577454,0.490824
4.935,0.0716439,0.299015,0.136701
4.936,-0.111501,0.482436,0.136904
4.937,-0.469516,0.444075,0.0366094
4.938,-0.0457667,-0.471697,0.0306495
4.939,0.0580733,-0.254828,0.307506
4.94,0.0280984,0.428987,0.164686
4.941,-0.107626,0.306619,0.0422483
4.942,-0.456179,0.0194922,-0.193458
4.943,-0.00817505,-0.54449,0.163361
4.944,0.0546553,-0.113895,0.239263
4.945,-0.0278366,0.515188,0.184626
4.946,-0.182767,0.328304,0.0271602
4.947,-0.486764,-0.340093,-0.299935
4.948,0.0551471,-0.370773,0.164877
4.949,0.0725276,0.0860928,0.152768
4.95,-0.0985821,0.621959,0.230672
4.951,-0.185597,0.164791,-0.0503007
4.952,-0.332023,-0.779277,-0.129378
4.953,0.0814801,-0.299007,0.246438
4.954,0.0462942,0.146562,0.116315
4.955,-0.163601,0.62787,0.218762
4.956,-0.247951,0.0332348,-0.122089
4.957,-0.299683,-1.02446,0.133714
4.958,0.109355,-0.0711632,0.148445
4.959,0.0225782,0.332216,0.125894
4.96,-0.264224,0.720366,0.270734
4.961,-0.185752,-0.194321,-0.141736
4.962,-0.109469,-0.854679,0.390753
4.963,0.108976,0.0669499,0.155988
4.964,-0.01072,0.319785,0.0980556
4.965,-0.316184,0.585549,0.159687
4.966,-0.215046,-0.455678,-0.148292
4.967,-0.0814042,-0.77467,0.551803
4.968,0.0899399,0.217452,0.127883
4.969,-0.0604447,0.397305,0.107887
4.97,-0.428676,0.575073,0.136145
4.971,-0.0894153,-0.473858,-0.0252076
4.972,0.0167534,-0.441365,0.413934
4.973,0.0572697,0.346366,0.149969
4.974,-0.0842229,0.323458,0.0600604
4.975,-0.442883,0.233042,-0.0888646
4.976,-0.0457778,-0.566178,0.0975241
4.977,0.0482819,-0.220354,0.300683
4.978,0.00757001,0.441293,0.158301
4.979,-0.164804,0.391251,0.0669621
4.98,-0.503689,-0.0615139,-0.237202
4.981,0.0287271,-0.420251,0.133989
4.982,0.076293,0.000845266,0.184692
4.983,-0.0557659,0.57135,0.209753
4.984,-0.174388,0.24678,-0.0105571
4.985,-0.370319,-0.586551,-0.23165
4.986,0.0639542,-0.381858,0.235044
4.987,0.0556614,0.0887278,0.137856
4.988,-0.125299,0.62834,0.228075
4.989,-0.233504,0.146382,-0.074806
4.99,-0.382382,-0.918277,-0.0905565
4.991,0.0990876,-0.149106,0.142369
4.992,0.0431206,0.246862,0.118613
4.993,-0.212455,0.705043,0.266896
4.994,-0.195414,-0.0785436,-0.12973
4.995,-0.172284,-0.924455,0.277193
4.996,0.110493,-0.0291249,0.174073
4.997,0.010673,0.282846,0.0999328
4.998,-0.272239,0.623464,0.194766
4.999,-0.219936,-0.306501,-0.166446
5,-0.132342,-0.909641,0.516232
5.001,0.103047,0.138947,0.128675
5.002,-0.0410655,0.421617,0.129527
5.003,-0.383469,0.654856,0.203042
5.004,-0.129883,-0.434386,-0.0814025
5.005,0.00676955,-0.535999,0.420628
5.006,0.0793088,0.269067,0.143376
5.007,-0.0610265,0.325835,0.0718275
5.008,-0.418853,0.397362,0.0134447
5.009,-0.0856033,-0.562753,0.0276128
5.01,0.0265728,-0.357608,0.380453
5.011,0.0372479,0.382732,0.145588
5.012,-0.157398,0.480752,0.122205
5.013,-0.500474,0.193566,-0.121805
5.014,-0.00154485,-0.453073,0.0929624
5.015,0.0750236,-0.0951694,0.227706
5.016,-0.0167629,0.516665,0.190882
5.017,-0.142212,0.277452,0.0152102
5.018,-0.448063,-0.301736,-0.279304
5.019,0.0336373,-0.477802,0.225295
5.02,0.0614653,0.015941,0.170886
5.021,-0.0810018,0.588572,0.212837
5.022,-0.245755,0.29136,-0.010604
5.023,-0.435022,-0.69879,-0.246453
5.024,0.084986,-0.262946,0.172128
5.025,0.0628064,0.211486,0.131051
5.026,-0.163612,0.686587,0.262067
5.027,-0.181203,0.0257109,-0.097212
5.028,-0.270076,-0.950015,0.0906179
5.029,0.107982,-0.112194,0.166031
5.03,0.0297299,0.234552,0.10394
5.031,-0.22909,0.653012,0.224239
5.032,-0.273251,-0.148799,-0.179842
5.033,-0.19397,-1.0011,0.389483
5.034,0.107154,0.0507643,0.124457
5.035,-0.00779141,0.355308,0.115153
5.036,-0.333622,0.703554,0.247852
5.037,-0.156784,-0.340903,-0.121729
5.038,-0.0468596,-0.7116,0.462764
5.039,0.0975094,0.194108,0.137426
5.04,-0.0370853,0.315663,0.0797942
5.041,-0.384789,0.525528,0.105821
5.042,-0.126527,-0.520439,-0.0472989
5.043,-0.00512197,-0.517162,0.459898
5.044,0.0627404,0.31044,0.132132
5.045,-0.116141,0.465355,0.125125
5.046,-0.472853,0.385744,-0.00282524
5.047,-0.0495421,-0.528441,0.0606636
5.048,0.0711456,-0.197122,0.273166
5.049,0.0183725,0.450848,0.170954
5.05,-0.124638,0.325256,0.044986
5.051,-0.467795,-0.0330146,-0.216855
5.052,-0.0199697,-0.621977,0.241094
5.053,0.0562665,-0.0829385,0.221326
5.054,-0.0390051,0.525591,0.186535
5.055,-0.195512,0.32086,0.0193704
5.056,-0.48773,-0.418819,-0.307312
5.057,0.0641295,-0.333522,0.158449
5.058,0.0659412,0.0924527,0.14624
5.059,-0.111747,0.631825,0.234426
5.06,-0.167592,0.111233,-0.0637501
5.061,-0.342238,-0.842217,-0.101392
5.062,0.0959501,-0.218398,0.190579
5.063,0.0430555,0.169232,0.111507
5.064,-0.184304,0.656701,0.235444
5.065,-0.220754,-0.0255089,-0.128694
5.066,-0.266932,-1.02683,0.205922
5.067,0.107817,-0.0335212,0.131305
5.068,0.0160234,0.316238,0.115566
5.069,-0.280989,0.715913,0.26473
5.07,-0.182101,-0.236373,-0.142229
5.071,-0.0847055,-0.808003,0.411559
5.072,0.108099,0.109475,0.142835
5.073,-0.0170224,0.306985,0.0884928
5.074,-0.343263,0.599493,0.165885
5.075,-0.16086,-0.442733,-0.107111
5.076,-0.0466318,-0.679509,0.513433
5.077,0.0819066,0.239572,0.12431
5.078,-0.0772153,0.427834,0.117361
5.079,-0.438923,0.518631,0.0932414
5.08,-0.0822409,-0.507172,-0.000472584
5.081,0.0479413,-0.335614,0.343541
5.082,0.047504,0.377255,0.154889
5.083,-0.10576,0.362029,0.0708479
5.084,-0.421491,0.107155,-0.146918
5.085,-0.0504479,-0.632866,0.15675
5.086,0.0456935,-0.191426,0.286027
5.087,-0.00386468,0.462283,0.16419
5.088,-0.180117,0.390689,0.0621465
5.089,-0.491555,-0.170563,-0.267951
5.09,0.0367596,-0.421574,0.157921
5.091,0.0790926,0.0459159,0.168599
5.092,-0.0706956,0.591262,0.218464
5.093,-0.179797,0.221449,-0.0239938
5.094,-0.353248,-0.659415,-0.199867
5.095,0.0752707,-0.331765,0.218538
5.096,0.0537618,0.11579,0.129199
5.097,-0.143656,0.650796,0.239823
5.098,-0.282815,0.155032,-0.0870152
5.099,-0.358596,-0.975891,-0.0135928
5.1,0.102786,-0.116803,0.139943
5.101,0.0365181,0.281771,0.120689
5.102,-0.234377,0.723635,0.277871
5.103,-0.185824,-0.122012,-0.132865
5.104,-0.187887,-0.976095,0.3424
5.105,0.111162,0.00891072,0.164833
5.106,0.00384092,0.28224,0.0942115
5.107,-0.307356,0.677033,0.230281
5.108,-0.259295,-0.379178,-0.188377
5.109,-0.117837,-0.874675,0.544147
5.11,0.0980818,0.167316,0.125578
5.111,-0.0405759,0.371599,0.104272
5.112,-0.395016,0.6127,0.168892
5.113,-0.101249,-0.424647,-0.0563093
5.114,0.0248869,-0.467522,0.391943
5.115,0.071894,0.308064,0.144712
5.116,-0.0755404,0.348317,0.0760931
5.117,-0.445612,0.380295,-0.00198608
5.118,-0.115241,-0.700282,0.0912538
5.119,0.027991,-0.318041,0.363415
5.12,0.0265053,0.403388,0.149
5.121,-0.151729,0.422734,0.0889258
5.122,-0.494487,0.0821089,-0.176032
5.123,0.00495941,-0.480304,0.129608
5.124,0.079445,-0.0462725,0.205134
5.125,-0.0309081,0.534402,0.196433
5.126,-0.159713,0.278579,0.00956077
5.127,-0.40019,-0.438524,-0.2659
5.128,0.034564,-0.491246,0.275712
5.129,0.0561921,0.0346706,0.15826
5.13,-0.0974926,0.60086,0.216315
5.131,-0.211761,0.191979,-0.0480288
5.132,-0.399265,-0.795583,-0.181523
5.133,0.091473,-0.201205,0.146262
5.134,0.0530019,0.209672,0.122796
5.135,-0.182236,0.690821,0.261505
5.136,-0.198604,-0.00844692,-0.114462
5.137,-0.208944,-0.927502,0.181198
5.138,0.110494,-0.0778261,0.172918
5.139,0.0216531,0.247861,0.0992201
5.14,-0.261324,0.691406,0.248275
5.141,-0.280019,-0.22319,-0.194479
5.142,-0.181084,-0.997834,0.469995
5.143,0.107144,0.0908916,0.128851
5.144,-0.0175949,0.353865,0.108566
5.145,-0.352918,0.675726,0.223256
5.146,-0.137621,-0.375101,-0.101724
5.147,-0.0462476,-0.6915,0.497982
5.148,0.0890861,0.225955,0.142692
5.149,-0.0494821,0.328742,0.0790242
5.15,-0.383101,0.426283,0.0383325
5.151,-0.143982,-0.629908,-0.0095861
5.152,-0.00114261,-0.467834,0.44964
5.153,0.0529445,0.350491,0.141932
5.154,-0.110056,0.398116,0.0886226
5.155,-0.474906,0.279353,-0.0688862
5.156,-0.0192302,-0.465144,0.0687847
5.157,0.0651684,-0.168535,0.265859
5.158,0.0025824,0.478883,0.177411
5.159,-0.142291,0.326769,0.0395037
5.16,-0.416555,-0.22192,-0.253482
5.161,0.00970273,-0.546828,0.233523
5.162,0.055984,-0.0428692,0.198031
5.163,-0.0590923,0.558384,0.200006
5.164,-0.199334,0.273927,-0.00575008
5.165,-0.4558,-0.568957,-0.286494
5.166,0.0744417,-0.311028,0.175925
5.167,0.0694682,0.173317,0.136208
5.168,-0.138248,0.665284,0.251839
5.169,-0.170803,0.0687002,-0.0795222
5.17,-0.310792,-0.909973,-0.0120718
5.171,0.102809,-0.167306,0.181048
5.172,0.036975,0.198992,0.106083
5.173,-0.212858,0.684316,0.250838
5.174,-0.29071,-0.059027,-0.166444
5.175,-0.25297,-1.0602,0.309358
5.176,0.110349,0.00729832,0.134709
5.177,0.00629473,0.311198,0.106603
5.178,-0.303653,0.702342,0.250807
5.179,-0.14796,-0.272123,-0.120183
5.18,-0.0686651,-0.772031,0.449736
5.181,0.103184,0.14828,0.143941
5.182,-0.0259652,0.306471,0.0824561
5.183,-0.367604,0.57667,0.14544
5.184,-0.15187,-0.499126,-0.0820766
5.185,-0.0314281,-0.613595,0.504933
5.186,0.075882,0.283507,0.134894
5.187,-0.105099,0.482879,0.139253
5.188,-0.465773,0.48103,0.0628163
5.189,-0.0609451,-0.503814,0.0269453
5.19,0.0414169,-0.310476,0.346157
5.191,0.0338199,0.408219,0.160425
5.192,-0.104162,0.31095,0.0457221
5.193,-0.449319,0.0463791,-0.180599
5.194,-0.0107697,-0.534147,0.144535
5.195,0.0576694,-0.121496,0.243689
5.196,-0.0217053,0.496294,0.175784
5.197,-0.215195,0.413941,0.0661808
5.198,-0.478114,-0.309063,-0.292292
5.199,0.0530415,-0.357547,0.145158
5.2,0.0795203,0.0982057,0.153759
5.201,-0.0936365,0.622525,0.232565
5.202,-0.169806,0.157457,-0.0472832
5.203,-0.349467,-0.753795,-0.158653
5.204,0.0848928,-0.286341,0.216924
5.205,0.0499348,0.149032,0.120177
5.206,-0.164944,0.66013,0.241972
5.207,-0.273498,0.076776,-0.115908
5.208,-0.309869,-1.0106,0.0969953
5.209,0.107832,-0.0837466,0.146111
5.21,0.0272587,0.273221,0.11085
5.211,-0.253885,0.715201,0.268182
5.212,-0.187731,-0.17437,-0.140904
5.213,-0.120871,-0.87293,0.376557
5.214,0.109217,0.0486449,0.16024
5.215,-0.00597315,0.301765,0.0940499
5.216,-0.327728,0.655808,0.210924
5.217,-0.243424,-0.448069,-0.170514
5.218,-0.0869282,-0.794749,0.545453
5.219,0.0913076,0.199164,0.123529
5.22,-0.0691902,0.460773,0.139087
5.221,-0.422375,0.599667,0.155559
5.222,-0.0866928,-0.440055,-0.035607
5.223,0.0249289,-0.437045,0.396794
5.224,0.0621721,0.337479,0.145121
5.225,-0.0908128,0.365991,0.0787099
5.226,-0.413864,0.214157,-0.0927587
5.227,-0.0691304,-0.624836,0.105694
5.228,0.0419204,-0.250135,0.319769
5.229,0.0136553,0.446601,0.164704
5.23,-0.180711,0.452502,0.0984613
5.231,-0.486999,-0.0333491,-0.222299
5.232,0.0244398,-0.417971,0.121501
5.233,0.0793036,-0.00676601,0.188469
5.234,-0.0485498,0.564588,0.208411
5.235,-0.149188,0.220173,-0.0134237
5.236,-0.414393,-0.522143,-0.268564
5.237,0.0645563,-0.363807,0.197715
5.238,0.0605988,0.0872508,0.143077
5.239,-0.11238,0.596532,0.20924
5.24,-0.249905,0.189553,-0.061482
5.241,-0.393629,-0.884932,-0.125613
5.242,0.0971092,-0.166076,0.144678
5.243,0.0475641,0.253471,0.123506
5.244,-0.202844,0.704501,0.268254
5.245,-0.195015,-0.0537431,-0.124148
5.246,-0.19396,-0.942086,0.244542
5.247,0.108666,-0.0570975,0.183778
5.248,0.0151019,0.252467,0.0943702
5.249,-0.264327,0.638489,0.207297
5.25,-0.275422,-0.28003,-0.197339
5.251,-0.156455,-0.957215,0.505825
5.252,0.103624,0.11838,0.124837
5.253,-0.0291058,0.384426,0.116546
5.254,-0.372136,0.666908,0.213906
5.255,-0.139678,-0.421473,-0.0937285
5.256,0.00360451,-0.556147,0.418171
5.257,0.0840514,0.261807,0.13987
5.258,-0.0588201,0.33713,0.0783175
5.259,-0.4115,0.426471,0.0336458
5.26,-0.0944784,-0.556972,0.0112882
5.261,0.0205156,-0.390718,0.398662
5.262,0.0432715,0.368503,0.14288
5.263,-0.147254,0.475879,0.122046
5.264,-0.482553,0.214709,-0.106848
5.265,-0.00889222,-0.461118,0.0846673
5.266,0.0764134,-0.111439,0.23452
5.267,-0.007701,0.494254,0.182819
5.268,-0.1339,0.27878,0.0188892
5.269,-0.410359,-0.292641,-0.262455
5.27,0.0233037,-0.50988,0.231537
5.271,0.0590077,-0.0100577,0.18194
5.272,-0.0699683,0.567691,0.202426
5.273,-0.198938,0.243386,-0.0203743
5.274,-0.430889,-0.648962,-0.257134
5.275,0.0810906,-0.254869,0.148555
5.276,0.0623577,0.172403,0.130637
5.277,-0.151179,0.670677,0.252772
5.278,-0.19901,0.062448,-0.0932797
5.279,-0.251748,-0.904731,0.0691563
5.28,0.104796,-0.14788,0.191515
5.281,0.0323128,0.217552,0.1035
5.282,-0.229748,0.690961,0.25302
5.283,-0.285111,-0.116121,-0.178346
5.284,-0.223792,-1.04105,0.36997
5.285,0.10808,0.0353091,0.126479
5.286,-0.0066746,0.385059,0.129211
5.287,-0.318895,0.696992,0.244509
5.288,-0.144867,-0.303015,-0.116354
5.289,-0.0425336,-0.706664,0.436198
5.29,0.100051,0.177442,0.13945
5.291,-0.0361828,0.333477,0.0884337
5.292,-0.388889,0.576804,0.142585
5.293,-0.194397,-0.618096,-0.0753148
5.294,-0.0248329,-0.573334,0.499004
5.295,0.0678819,0.305008,0.134984
5.296,-0.0913908,0.398437,0.0957039
5.297,-0.4589,0.391744,0.00326147
5.298,-0.0410375,-0.472959,0.0383955
5.299,0.0626349,-0.231316,0.294193
5.3,0.0238285,0.438433,0.167995
5.301,-0.113185,0.310049,0.0417429
5.302,-0.421303,-0.0667134,-0.214655
5.303,-0.00908362,-0.564457,0.186553
5.304,0.0573033,-0.0954446,0.228786
5.305,-0.0339494,0.531053,0.191984
5.306,-0.227702,0.402439,0.0561671
5.307,-0.486367,-0.382921,-0.304264
5.308,0.0607541,-0.335669,0.149238
5.309,0.0768961,0.122969,0.147178
5.31,-0.107613,0.63803,0.239682
5.311,-0.18262,0.144131,-0.0574127
5.312,-0.362736,-0.815595,-0.138222
5.313,0.0880513,-0.266679,0.228477
5.314,0.0456987,0.162778,0.114624
5.315,-0.180378,0.671984,0.247623
5.316,-0.29145,0.0473608,-0.132894
5.317,-0.302925,-1.0499,0.164324
5.318,0.108605,-0.050404,0.137879
5.319,0.0201565,0.304588,0.114639
5.32,-0.27287,0.720475,0.269531
5.321,-0.183344,-0.213952,-0.141818
5.322,-0.0991585,-0.83672,0.403463
5.323,0.108151,0.0831239,0.15331
5.324,-0.0144651,0.323696,0.0972335
5.325,-0.321932,0.572754,0.149454
5.326,-0.188457,-0.45379,-0.127688
5.327,-0.0642761,-0.728275,0.535229
5.328,0.0877583,0.23186,0.129992
5.329,-0.0788679,0.457971,0.133772
5.33,-0.425758,0.533041,0.105444
5.331,-0.0741862,-0.45359,-0.0157827
5.332,0.0322696,-0.389141,0.379389
5.333,0.0525199,0.366635,0.150478
5.334,-0.0988404,0.356933,0.0708516
5.335,-0.428428,0.163289,-0.121992
5.336,-0.0744473,-0.684875,0.161436
5.337,0.0474766,-0.207256,0.294206
5.338,0.0024919,0.468111,0.170808
5.339,-0.192037,0.442212,0.0891955
5.34,-0.485345,-0.121605,-0.251877
5.341,0.03448,-0.398247,0.129657
5.342,0.0775845,0.0204264,0.177262
5.343,-0.0630843,0.584871,0.216301
5.344,-0.154641,0.198747,-0.0246512
5.345,-0.396816,-0.607915,-0.244429
5.346,0.0735524,-0.327812,0.194342
5.347,0.0571508,0.10869,0.134235
5.348,-0.128914,0.616266,0.21865
5.349,-0.270861,0.172373,-0.0756793
5.35,-0.350469,-0.928976,-0.0455182
5.351,0.100723,-0.135751,0.141402
5.352,0.0405646,0.261501,0.119265
5.353,-0.220847,0.710321,0.269578
5.354,-0.197816,-0.0952465,-0.134227
5.355,-0.160042,-0.914194,0.298551
5.356,0.111958,-0.0072124,0.164682
5.357,0.00797033,0.263534,0.0913509
5.358,-0.279759,0.620859,0.19159
5.359,-0.232806,-0.335793,-0.173831
5.36,-0.126246,-0.8958,0.528848
5.361,0.0994797,0.148392,0.122978
5.362,-0.0474063,0.438326,0.13559
5.363,-0.386528,0.636326,0.188176
5.364,-0.121361,-0.43719,-0.0724655
5.365,-0.00590956,-0.557091,0.452225
5.366,0.0771957,0.289296,0.142284
5.367,-0.0696781,0.34896,0.0790225
5.368,-0.438001,0.416478,0.0227729
5.369,-0.129395,-0.700716,0.0665277
5.37,0.0201852,-0.356346,0.387587
5.371,0.0334273,0.400511,0.152127
5.372,-0.133058,0.395207,0.079142
5.373,-0.495454,0.144583,-0.14621
5.374,-0.00542951,-0.501239,0.12457
5.375,0.0814155,-0.0623231,0.211699
5.376,-0.0231479,0.525825,0.194129
5.377,-0.138828,0.255987,0.00644834
5.378,-0.418094,-0.373765,-0.273444
5.379,0.0374269,-0.470833,0.23466
5.38,0.0596483,0.0246607,0.165591
5.381,-0.087863,0.59739,0.216743
5.382,-0.259449,0.29365,-0.0131444
5.383,-0.423116,-0.739496,-0.224327
5.384,0.0880733,-0.248131,0.17182
5.385,0.060061,0.222805,0.129643
5.386,-0.172154,0.693036,0.265224
5.387,-0.189932,0.0134011,-0.104583
5.388,-0.277373,-0.980851,0.116358
5.389,0.105097,-0.122704,0.19908
5.39,0.0266529,0.240012,0.102111
5.391,-0.242368,0.671749,0.236137
5.392,-0.211808,-0.180096,-0.15461
5.393,-0.180183,-0.986044,0.417148
5.394,0.106335,0.066777,0.123505
5.395,-0.0127387,0.36227,0.115266
5.396,-0.343548,0.697667,0.241896
5.397,-0.150015,-0.357371,-0.114518
5.398,-0.0469579,-0.705173,0.479136
5.399,0.0944865,0.210491,0.135839
5.4,-0.0456731,0.342137,0.0873561
5.401,-0.401265,0.532811,0.108649
5.402,-0.173363,-0.643129,-0.0381387
5.403,-0.00347837,-0.497868,0.456861
5.404,0.0607158,0.334441,0.141523
5.405,-0.128104,0.484761,0.133147
5.406,-0.482849,0.362084,-0.0196342
5.407,-0.0305422,-0.475683,0.0565599
5.408,0.0732901,-0.176089,0.26336
5.409,0.0126757,0.462434,0.174289
5.41,-0.127676,0.317575,0.0400291
5.411,-0.471478,-0.0682101,-0.230404
5.412,-0.0134652,-0.612044,0.252037
5.413,0.0548518,-0.0702334,0.213432
5.414,-0.0473141,0.541812,0.19358
5.415,-0.188233,0.285533,0.00352197
5.416,-0.454412,-0.49989,-0.29169
5.417,0.0696013,-0.301572,0.147966
5.418,0.0696603,0.135954,0.140144
5.419,-0.125013,0.654112,0.24673
5.42,-0.170732,0.0948916,-0.0707635
5.421,-0.301496,-0.857958,-0.0442075
5.422,0.0923765,-0.234051,0.228543
5.423,0.0415693,0.187454,0.110226
5.424,-0.19832,0.678916,0.249383
5.425,-0.290021,-0.0123799,-0.152498
5.426,-0.275564,-1.06138,0.246252
5.427,0.109933,-0.0187596,0.136219
5.428,0.0128543,0.300297,0.107595
5.429,-0.287346,0.704371,0.254683
5.43,-0.153105,-0.242635,-0.124025
5.431,-0.0893821,-0.819756,0.443709
5.432,0.106541,0.126264,0.140866
5.433,-0.0203436,0.305275,0.0855724
5.434,-0.337087,0.546658,0.128256
5.435,-0.173939,-0.492217,-0.105067
5.436,-0.0472766,-0.667806,0.52547
5.437,0.0799829,0.257181,0.128714
5.438,-0.0754647,0.402608,0.104286
5.439,-0.446848,0.504341,0.08192
5.44,-0.0800054,-0.5216,0.010378
5.441,0.0563408,-0.301722,0.323114
5.442,0.0426232,0.393616,0.157955
5.443,-0.0966399,0.316587,0.0515025
5.444,-0.451474,0.126272,-0.145342
5.445,-0.0252568,-0.556481,0.132418
5.446,0.055767,-0.155311,0.262851
5.447,-0.0102003,0.472912,0.16724
5.448,-0.183425,0.377899,0.0539602
5.449,-0.490048,-0.221211,-0.280086
5.45,0.0418214,-0.412887,0.164873
5.451,0.081181,0.0737712,0.160818
5.452,-0.081141,0.608439,0.226532
5.453,-0.173028,0.188443,-0.0358839
5.454,-0.405012,-0.692783,-0.22724
5.455,0.0718207,-0.347961,0.257362
5.456,0.049932,0.120422,0.124071
5.457,-0.145871,0.620505,0.21754
5.458,-0.26647,0.106788,-0.101941
5.459,-0.343874,-0.998672,0.0296384
5.46,0.1041,-0.0999322,0.137602
5.461,0.0323642,0.273047,0.115092
5.462,-0.243304,0.720436,0.273912
5.463,-0.176862,-0.143008,-0.131148
5.464,-0.174176,-0.963001,0.368948
5.465,0.111235,0.0284593,0.160035
5.466,0.000711147,0.275464,0.0893078
5.467,-0.298313,0.612611,0.182471
5.468,-0.25249,-0.405882,-0.181987
5.469,-0.104411,-0.842115,0.544522
5.47,0.0943997,0.176528,0.121492
5.471,-0.0531817,0.417476,0.121801
5.472,-0.40648,0.610614,0.165865
5.473,-0.115989,-0.479172,-0.0527691
5.474,0.0296249,-0.4441,0.384425
5.475,0.0680181,0.318822,0.146585
5.476,-0.0751627,0.332155,0.0682759
5.477,-0.408735,0.262013,-0.0658193
5.478,-0.0784042,-0.617165,0.0808372
5.479,0.0342444,-0.291555,0.345717
5.48,0.0225052,0.428909,0.160221
5.481,-0.175012,0.469131,0.110214
5.482,-0.500956,0.0591081,-0.187947
5.483,0.00995209,-0.470623,0.13274
5.484,0.0765418,-0.0425764,0.203557
5.485,-0.0369296,0.546757,0.200923
5.486,-0.152946,0.25255,-0.000324494
5.487,-0.440315,-0.432865,-0.28595
5.488,0.0429604,-0.461826,0.261855
5.489,0.0623386,0.0640174,0.152012
5.49,-0.0992529,0.585625,0.205452
5.491,-0.250276,0.230577,-0.0424455
5.492,-0.418621,-0.820648,-0.185549
5.493,0.0941255,-0.204463,0.159586
5.494,0.0496284,0.198308,0.118998
5.495,-0.185579,0.688065,0.2589
5.496,-0.173354,-0.0318544,-0.108796
5.497,-0.220988,-0.955422,0.196831
5.498,0.110833,-0.0699554,0.172369
5.499,0.0201292,0.253694,0.099321
5.5,-0.263952,0.684482,0.242476
5.501,-0.267305,-0.237665,-0.189724
5.502,-0.154811,-0.949975,0.458448
5.503,0.104465,0.0959924,0.12264
5.504,-0.0258294,0.401681,0.12678
5.505,-0.362372,0.690678,0.234027
5.506,-0.123648,-0.359437,-0.0927588
5.507,-0.030801,-0.652448,0.473434
5.508,0.08901,0.2387,0.137032
5.509,-0.0517931,0.334725,0.0806652
5.51,-0.402632,0.465506,0.0612488
5.511,-0.106046,-0.546458,-0.0101522
5.512,0.0118269,-0.435544,0.422189
5.513,0.0508101,0.348921,0.139306
5.514,-0.136336,0.474952,0.124668
5.515,-0.475131,0.270201,-0.0742511
5.516,-0.0181448,-0.466293,0.071446
5.517,0.0708676,-0.151057,0.254741
5.518,0.00129548,0.484712,0.180649
5.519,-0.135484,0.306801,0.0318583
5.52,-0.467885,-0.155758,-0.256238
5.521,0.000246404,-0.583963,0.264803
5.522,0.05633,-0.0382251,0.195585
5.523,-0.0600526,0.554522,0.19717
5.524,-0.199438,0.270066,-0.00768576
5.525,-0.451607,-0.580643,-0.282591
5.526,0.0756036,-0.302565,0.17149
5.527,0.0682463,0.170046,0.135493
5.528,-0.135912,0.652853,0.24342
5.529,-0.172249,0.0660621,-0.0809876
5.53,-0.285942,-0.89745,0.0100588
5.531,0.100357,-0.184465,0.204724
5.532,0.0354772,0.18874,0.103556
5.533,-0.210064,0.66661,0.237902
5.534,-0.216603,-0.0938932,-0.142996
5.535,-0.231212,-1.03001,0.312179
5.536,0.109168,0.0103678,0.130328
5.537,0.00179022,0.367006,0.126143
5.538,-0.30295,0.701226,0.250016
5.539,-0.146769,-0.270653,-0.119402
5.54,-0.0835974,-0.805436,0.472255
5.541,0.103302,0.153747,0.136714
5.542,-0.0291436,0.327628,0.0898301
5.543,-0.376167,0.600947,0.162388
5.544,-0.207793,-0.58764,-0.102556
5.545,-0.0376623,-0.624423,0.518551
5.546,0.074254,0.283838,0.13284
5.547,-0.0856221,0.407431,0.10283
5.548,-0.46128,0.465581,0.0526083
5.549,-0.05953,-0.499248,0.0263294
5.55,0.0398428,-0.31385,0.3492
5.551,0.0335408,0.410199,0.161009
5.552,-0.107297,0.320345,0.0490803
5.553,-0.431119,0.0182082,-0.187111
5.554,-0.0450323,-0.66347,0.216993
5.555,0.0496757,-0.140518,0.255071
5.556,-0.0217401,0.50556,0.18136
5.557,-0.177776,0.335168,0.0323242
5.558,-0.486045,-0.298603,-0.29373
5.559,0.0496712,-0.394053,0.171076
5.56,0.0791055,0.0970172,0.153827
5.561,-0.0933733,0.621953,0.232367
5.562,-0.166814,0.154103,-0.0474386
5.563,-0.328399,-0.749012,-0.142003
5.564,0.0862219,-0.278271,0.209421
5.565,0.0485796,0.14303,0.119265
5.566,-0.163916,0.654358,0.237937
5.567,-0.234253,0.0420652,-0.113934
5.568,-0.327907,-1.02889,0.0894622
5.569,0.107858,-0.0814356,0.145241
5.57,0.0268501,0.269827,0.109589
5.571,-0.252535,0.706919,0.261858
5.572,-0.163556,-0.172653,-0.12697
5.573,-0.129026,-0.890987,0.389884
5.574,0.110937,0.0606996,0.151577
5.575,-0.00667154,0.299632,0.0927081
5.576,-0.331709,0.660522,0.214045
5.577,-0.242041,-0.455766,-0.168278
5.578,-0.084611,-0.787514,0.546362
5.579,0.0901883,0.202271,0.122795
5.58,-0.0699426,0.456963,0.136617
5.581,-0.415688,0.571783,0.135318
5.582,-0.0892768,-0.455528,-0.032599
5.583,0.0326725,-0.415109,0.380078
5.584,0.0613688,0.339711,0.149152
5.585,-0.0843364,0.340176,0.0682405
5.586,-0.445826,0.283213,-0.0612286
5.587,-0.0681401,-0.620778,0.103727
5.588,0.0411461,-0.252288,0.321376
5.589,0.0139273,0.447927,0.165633
5.59,-0.186959,0.468512,0.106702
5.591,-0.510145,-0.000184119,-0.215435
5.592,0.0218177,-0.441662,0.135647
5.593,0.0680537,-0.0390312,0.200626
5.594,-0.0483537,0.558413,0.204814
5.595,-0.154253,0.226049,-0.0127496
5.596,-0.383798,-0.543272,-0.248028
5.597,0.049862,-0.439038,0.271952
5.598,0.054643,0.0677217,0.143573
5.599,-0.116075,0.614703,0.220831
5.6,-0.212964,0.144235,-0.0685341
5.601,-0.373228,-0.880931,-0.107597
5.602,0.0973644,-0.163747,0.144252
5.603,0.0468699,0.250977,0.122505
5.604,-0.206429,0.71256,0.273841
5.605,-0.186318,-0.0613637,-0.121705
5.606,-0.235526,-1.00645,0.249133
5.607,0.108822,-0.0513257,0.182538
5.608,0.0140383,0.252752,0.0934768
5.609,-0.264328,0.62801,0.199469
5.61,-0.224163,-0.281988,-0.168807
5.611,-0.143367,-0.931979,0.502782
5.612,0.10494,0.124352,0.129885
5.613,-0.0386957,0.43245,0.13636
5.614,-0.379288,0.673642,0.218413
5.615,-0.114786,-0.385268,-0.0798475
5.616,-0.0118584,-0.589461,0.453704
5.617,0.0825982,0.264749,0.136754
5.618,-0.0647309,0.358277,0.0859251
5.619,-0.401257,0.386378,0.00949619
5.62,-0.141653,-0.684666,0.0330912
5.621,0.016116,-0.394523,0.405945
5.622,0.0427112,0.378364,0.147461
5.623,-0.124723,0.404019,0.086825
5.624,-0.49646,0.229406,-0.101419
5.625,-0.00914182,-0.469107,0.0900024
5.626,0.0774462,-0.106055,0.231741
5.627,-0.00864247,0.494537,0.182632
5.628,-0.132374,0.271611,0.0160913
5.629,-0.424377,-0.28955,-0.267916
5.63,0.0220236,-0.517927,0.241752
5.631,0.0567348,-0.0135815,0.182327
5.632,-0.0720065,0.57163,0.20436
5.633,-0.198007,0.237162,-0.0229897
5.634,-0.43298,-0.659339,-0.255952
5.635,0.0819504,-0.256914,0.153273
5.636,0.064889,0.194124,0.132222
5.637,-0.151277,0.669225,0.251863
5.638,-0.192345,0.0552199,-0.0929143
5.639,-0.281044,-0.933663,0.0539418
5.64,0.106273,-0.131894,0.169796
5.641,0.0331417,0.22732,0.105944
5.642,-0.21684,0.640955,0.217492
5.643,-0.253389,-0.127422,-0.166751
5.644,-0.219314,-1.03378,0.368452
5.645,0.110622,0.0333941,0.135012
5.646,-0.00489838,0.367693,0.12239
5.647,-0.326615,0.719091,0.26127
5.648,-0.152991,-0.31269,-0.12155
5.649,-0.0804323,-0.793139,0.498867
5.65,0.0982983,0.168381,0.145397
5.651,-0.0332638,0.31292,0.0808047
5.652,-0.378274,0.541828,0.118469
5.653,-0.132769,-0.509264,-0.0587946
5.654,-0.0116133,-0.545075,0.471679
5.655,0.0664582,0.298595,0.130587
5.656,-0.111229,0.467246,0.127852
5.657,-0.463896,0.404597,0.0109034
5.658,-0.0501732,-0.507342,0.045351
5.659,0.0488382,-0.266245,0.321436
5.66,0.0245947,0.431268,0.165795
5.661,-0.11807,0.324974,0.0472681
5.662,-0.47241,0.0232586,-0.196208
5.663,-0.029564,-0.639904,0.234152
5.664,0.0529626,-0.10617,0.234465
5.665,-0.0321509,0.512381,0.181116
5.666,-0.220711,0.391533,0.0515445
5.667,-0.46735,-0.391182,-0.29672
5.668,0.060517,-0.331654,0.145006
5.669,0.0723869,0.101974,0.148647
5.67,-0.10592,0.632062,0.23579
5.671,-0.187254,0.152587,-0.0558275
5.672,-0.323684,-0.802086,-0.107799
5.673,0.0843314,-0.282696,0.242991
5.674,0.0444804,0.153323,0.113703
5.675,-0.170787,0.632743,0.22071
5.676,-0.270165,0.0311947,-0.131024
5.677,-0.301132,-1.04235,0.156618
5.678,0.107699,-0.0536118,0.135339
5.679,0.0198786,0.342084,0.127662
5.68,-0.27317,0.729277,0.276559
5.681,-0.167774,-0.202844,-0.131833
5.682,-0.12368,-0.887133,0.421546
5.683,0.109512,0.0887772,0.138575
5.684,-0.0131542,0.317844,0.0956196
5.685,-0.325944,0.592949,0.163607
5.686,-0.22794,-0.484698,-0.152129
5.687,-0.0594476,-0.7223,0.520352
5.688,0.0861355,0.220206,0.122975
5.689,-0.0676561,0.416234,0.114879
5.69,-0.432427,0.557762,0.122736
5.691,-0.0921398,-0.499146,-0.0169983
5.692,0.0427537,-0.369478,0.357477
5.693,0.0542937,0.354878,0.151123
5.694,-0.0868977,0.32195,0.0581811
5.695,-0.448217,0.216919,-0.0986945
5.696,-0.045411,-0.581906,0.112829
5.697,0.0437215,-0.219053,0.302385
5.698,0.00428816,0.460289,0.167233
5.699,-0.155953,0.361803,0.0534178
5.7,-0.486185,-0.108872,-0.248164
5.701,0.0332211,-0.399936,0.127912
5.702,0.0750478,0.00817489,0.181286
5.703,-0.0606362,0.577208,0.211918
5.704,-0.173879,0.233855,-0.0163233
5.705,-0.369184,-0.610247,-0.225454
5.706,0.0610187,-0.396059,0.260056
5.707,0.0578248,0.106737,0.135353
5.708,-0.125676,0.608306,0.213899
5.709,-0.271396,0.17802,-0.0733053
5.71,-0.352298,-0.92374,-0.0520943
5.711,0.100484,-0.139043,0.142201
5.712,0.0416466,0.270265,0.122041
5.713,-0.220028,0.715745,0.274014
5.714,-0.170069,-0.0927565,-0.119747
5.715,-0.189873,-0.961244,0.297343
5.716,0.112643,-0.00294064,0.149138
5.717,0.00851035,0.284761,0.0988304
5.718,-0.279548,0.628962,0.197668
5.719,-0.266626,-0.337411,-0.194096
5.72,-0.134528,-0.913184,0.532292
5.721,0.101411,0.147415,0.126971
5.722,-0.0360239,0.377998,0.109769
5.723,-0.389824,0.649948,0.198424
5.724,-0.119288,-0.428753,-0.0729307
5.725,-0.0155358,-0.581668,0.471044
5.726,0.0769256,0.279817,0.143838
5.727,-0.064482,0.329255,0.0717984
5.728,-0.403863,0.338244,-0.0207123
5.729,-0.127715,-0.691398,0.060918
5.73,0.0248883,-0.351758,0.380455
5.731,0.0355674,0.401165,0.15408
5.732,-0.161968,0.481532,0.121437
5.733,-0.505244,0.174328,-0.132959
5.734,-0.000748225,-0.469789,0.107519
5.735,0.0665997,-0.106435,0.234819
5.736,-0.0205675,0.518129,0.190878
5.737,-0.15528,0.295322,0.0192535
5.738,-0.401017,-0.378905,-0.265645
5.739,0.0379207,-0.466629,0.228347
5.74,0.0611895,0.026997,0.16572
5.741,-0.0868826,0.595584,0.215804
5.742,-0.253381,0.286394,-0.0153078
5.743,-0.413141,-0.734806,-0.218613
5.744,0.0872839,-0.224566,0.147528
5.745,0.0571263,0.193286,0.125775
5.746,-0.168506,0.681823,0.257427
5.747,-0.195877,0.0201302,-0.105207
5.748,-0.238161,-0.934795,0.129759
5.749,0.104078,-0.128889,0.202825
5.75,0.0261502,0.220424,0.0976015
5.751,-0.235069,0.6493,0.220398
5.752,-0.283601,-0.169573,-0.188267
5.753,-0.203503,-1.0259,0.425353
5.754,0.10797,0.0635792,0.127637
5.755,-0.0111412,0.358866,0.11469
5.756,-0.341558,0.702165,0.245755
5.757,-0.142278,-0.339885,-0.110776
5.758,-0.0513843,-0.717794,0.481657
5.759,0.0955624,0.205217,0.136706
5.76,-0.0405736,0.32082,0.0801555
5.761,-0.372783,0.469337,0.0686908
5.762,-0.169311,-0.624934,-0.0438357
5.763,-0.000937182,-0.499444,0.451581
5.764,0.0602621,0.317154,0.132802
5.765,-0.1115,0.437833,0.110498
5.766,-0.473403,0.356224,-0.0218471
5.767,-0.0424296,-0.519533,0.0663525
5.768,0.069504,-0.190036,0.27202
5.769,0.0154176,0.449148,0.169928
5.77,-0.116906,0.295154,0.0331086
5.771,-0.455194,-0.0836007,-0.230667
5.772,0.00823721,-0.517752,0.180299
5.773,0.0575621,-0.0701795,0.214294
5.774,-0.0441656,0.539643,0.193386
5.775,-0.197964,0.312451,0.0142294
5.776,-0.484236,-0.453027,-0.306917
5.777,0.0668777,-0.326699,0.161592
5.778,0.0642466,0.0982136,0.143338
5.779,-0.118142,0.63938,0.2381
5.78,-0.174283,0.106997,-0.0679805
5.781,-0.303764,-0.843125,-0.0582672
5.782,0.0893657,-0.250186,0.236812
5.783,0.040718,0.168998,0.108833
5.784,-0.187904,0.649134,0.229128
5.785,-0.265593,-0.016356,-0.14444
5.786,-0.284011,-1.0604,0.223314
5.787,0.110324,-0.0289907,0.139791
5.788,0.0146267,0.304207,0.110305
5.789,-0.287296,0.721614,0.268449
5.79,-0.170139,-0.23945,-0.134928
5.791,-0.124136,-0.892741,0.466209
5.792,0.105351,0.103584,0.152466
5.793,-0.0174387,0.298061,0.0845097
5.794,-0.348675,0.59894,0.164691
5.795,-0.157687,-0.450521,-0.102355
5.796,-0.0429032,-0.665804,0.51117
5.797,0.0805609,0.246501,0.12521
5.798,-0.0871183,0.458801,0.131201
5.799,-0.440807,0.510401,0.0870733
5.8,-0.0789314,-0.505428,0.00295577
5.801,0.0441083,-0.339866,0.350695
5.802,0.0456684,0.385258,0.154166
5.803,-0.103342,0.347661,0.0643407
5.804,-0.454783,0.160372,-0.12944
5.805,-0.0382418,-0.594542,0.142205
5.806,0.0472493,-0.183326,0.280886
5.807,-0.00585187,0.470741,0.168064
5.808,-0.198689,0.429895,0.080006
5.809,-0.482769,-0.187022,-0.269381
5.81,0.0413695,-0.382952,0.13457
5.811,0.0762798,0.0399182,0.169526
5.812,-0.0731301,0.595285,0.219935
5.813,-0.175671,0.209746,-0.0277134
5.814,-0.37941,-0.663771,-0.217885
5.815,0.0783118,-0.311327,0.199794
5.816,0.0548949,0.122709,0.129069
5.817,-0.141014,0.632807,0.227446
5.818,-0.219945,0.086633,-0.0930757
5.819,-0.33325,-0.960783,0.00567007
5.82,0.103043,-0.114531,0.139868
5.821,0.0360262,0.286437,0.12151
5.822,-0.234545,0.720617,0.275473
5.823,-0.1678,-0.122119,-0.123299
5.824,-0.172098,-0.949911,0.339834
5.825,0.112423,0.0234521,0.145522
5.826,0.00267093,0.294241,0.0976103
5.827,-0.294345,0.626562,0.193514
5.828,-0.250628,-0.379128,-0.182937
5.829,-0.100147,-0.837784,0.518769
5.83,0.0961795,0.165191,0.121308
5.831,-0.0486351,0.412691,0.12132
5.832,-0.399522,0.621182,0.174847
5.833,-0.12021,-0.468683,-0.0610557
5.834,0.0260402,-0.463027,0.389886
5.835,0.0713151,0.310558,0.144501
5.836,-0.0771486,0.351836,0.0771565
5.837,-0.442435,0.365266,-0.0109988
5.838,-0.112345,-0.695949,0.0923196
5.839,0.032324,-0.307798,0.354783
5.84,0.0265148,0.421956,0.159025
5.841,-0.171819,0.474159,0.114188
5.842,-0.505461,0.0972313,-0.17148
5.843,0.0120894,-0.435295,0.107532
5.844,0.0726734,-0.0630745,0.212957
5.845,-0.0327533,0.53946,0.19793
5.846,-0.160357,0.276523,0.00834797
5.847,-0.399576,-0.446624,-0.265384
5.848,0.0355955,-0.488059,0.276351
5.849,0.0562613,0.0380103,0.156865
5.85,-0.0978928,0.595868,0.212787
5.851,-0.215879,0.19413,-0.048462
5.852,-0.410136,-0.801422,-0.187852
5.853,0.0927194,-0.222585,0.169632
5.854,0.0554103,0.240646,0.12785
5.855,-0.185753,0.701463,0.269027
5.856,-0.186739,-0.0172581,-0.111462
5.857,-0.265145,-1.00066,0.168203
5.858,0.106762,-0.0943435,0.193185
5.859,0.021267,0.238042,0.0964404
5.86,-0.247904,0.643122,0.21354
5.861,-0.280395,-0.220665,-0.194354
5.862,-0.182145,-0.999382,0.468255
5.863,0.10729,0.0897088,0.129089
5.864,-0.0176093,0.35629,0.10966
5.865,-0.355383,0.685512,0.230733
5.866,-0.148523,-0.388312,-0.108359
5.867,-0.0123663,-0.612534,0.431644
5.868,0.0903338,0.230794,0.140691
5.869,-0.049195,0.329587,0.0795715
5.87,-0.385008,0.435357,0.0439501
5.871,-0.164445,-0.666246,-0.0124161
5.872,-0.000611854,-0.468333,0.448803
5.873,0.052707,0.341066,0.137151
5.874,-0.136502,0.484287,0.130351
5.875,-0.487955,0.314537,-0.0501507
5.876,-0.0240459,-0.481754,0.0716206
5.877,0.0697267,-0.163641,0.26094
5.878,0.00505734,0.477584,0.178529
5.879,-0.133763,0.312424,0.035264
5.88,-0.465624,-0.133236,-0.249174
5.881,-0.00285028,-0.588675,0.257011
5.882,0.0574496,-0.0459766,0.200491
5.883,-0.0534433,0.537779,0.188788
5.884,-0.241713,0.362243,0.0292337
5.885,-0.462078,-0.541006,-0.292873
5.886,0.0722971,-0.31815,0.174416
5.887,0.0710936,0.167685,0.137723
5.888,-0.13417,0.662977,0.251009
5.889,-0.177839,0.0832622,-0.0776682
5.89,-0.301244,-0.887492,-0.0194927
5.891,0.101159,-0.18201,0.187578
5.892,0.0371622,0.181832,0.105044
5.893,-0.205363,0.670851,0.241969
5.894,-0.228113,-0.0745624,-0.144106
5.895,-0.252758,-1.04949,0.286258
5.896,0.110765,-0.00482836,0.137611
5.897,0.00809439,0.323438,0.112522
5.898,-0.304105,0.726469,0.270103
5.899,-0.160078,-0.266951,-0.128562
5.9,-0.0999751,-0.842414,0.476278
5.901,0.104301,0.13471,0.146013
5.902,-0.024335,0.315295,0.0873032
5.903,-0.35845,0.581193,0.150094
5.904,-0.149416,-0.471217,-0.0889193
5.905,-0.0325109,-0.627014,0.501686
5.906,0.0765447,0.265131,0.127613
5.907,-0.0998356,0.481591,0.140227
5.908,-0.46029,0.503056,0.0792143
5.909,-0.066914,-0.502676,0.0177879
5.91,0.0387838,-0.330155,0.355906
5.911,0.0383737,0.398705,0.158691
5.912,-0.104573,0.327136,0.0535099
5.913,-0.447097,0.0851347,-0.163259
5.914,-0.0183205,-0.544256,0.136371
5.915,0.0567305,-0.140308,0.254344
5.916,-0.0149619,0.480938,0.169705
5.917,-0.190997,0.37981,0.0528691
5.918,-0.487897,-0.258637,-0.287277
5.919,0.0457235,-0.403238,0.167429
5.92,0.0804742,0.0858041,0.157268
5.921,-0.0871457,0.615222,0.229378
5.922,-0.16924,0.170243,-0.0419625
5.923,-0.369721,-0.726321,-0.188051
5.924,0.0853481,-0.274554,0.190116
5.925,0.0522121,0.144704,0.123057
5.926,-0.153146,0.630963,0.223321
5.927,-0.281861,0.106767,-0.107022
5.928,-0.320897,-0.999948,0.0658536
5.929,0.107225,-0.0980787,0.149988
5.93,0.0300508,0.291311,0.118175
5.931,-0.248225,0.717976,0.271198
5.932,-0.191722,-0.158566,-0.141224
5.933,-0.124434,-0.875007,0.359798
5.934,0.111855,0.0492395,0.149483
5.935,-0.00288489,0.286777,0.0905972
5.936,-0.310213,0.621894,0.187564
5.937,-0.211393,-0.403071,-0.154204
5.938,-0.0867759,-0.799533,0.532982
5.939,0.0950925,0.194325,0.128811
5.94,-0.06462,0.452709,0.136311
5.941,-0.408647,0.586653,0.147377
5.942,-0.0930605,-0.444319,-0.0410455
5.943,0.0340311,-0.423794,0.376173
5.944,0.0649465,0.329919,0.147714
5.945,-0.0767677,0.325296,0.064224
5.946,-0.438954,0.295872,-0.0525514
5.947,-0.061425,-0.580189,0.0799581
5.948,0.0414526,-0.264284,0.327011
5.949,0.0177811,0.425842,0.155599
5.95,-0.179184,0.465115,0.106621
5.951,-0.499567,0.0229982,-0.203218
5.952,0.0128293,-0.473679,0.143087
5.953,0.0834177,-0.00884738,0.189687
5.954,-0.0435005,0.558503,0.206058
5.955,-0.154437,0.240338,-0.00643785
5.956,-0.421367,-0.486871,-0.275151
5.957,0.0604075,-0.380727,0.201496
5.958,0.0607066,0.0743834,0.147113
5.959,-0.106448,0.593576,0.208832
5.96,-0.268979,0.237233,-0.0446237
5.961,-0.390358,-0.851871,-0.143159
5.962,0.096441,-0.19422,0.162143
5.963,0.0497973,0.236478,0.122732
5.964,-0.197097,0.706516,0.270787
5.965,-0.173219,-0.0458643,-0.111946
5.966,-0.208256,-0.95089,0.221114
5.967,0.110281,-0.0628857,0.177775
5.968,0.0177213,0.240099,0.093506
5.969,-0.265691,0.667207,0.228865
5.97,-0.203458,-0.243735,-0.155302
5.971,-0.147603,-0.938516,0.474387
5.972,0.103487,0.106599,0.122198
5.973,-0.0291741,0.403318,0.125888
5.974,-0.370449,0.688309,0.231174
5.975,-0.133954,-0.395511,-0.0946202
5.976,-0.0346069,-0.654065,0.488763
5.977,0.0855147,0.241361,0.142788
5.978,-0.0534484,0.32534,0.0753758
5.979,-0.398683,0.419574,0.0312689
5.98,-0.134724,-0.641333,0.0105865
5.981,0.005805,-0.434026,0.431577
5.982,0.047444,0.363898,0.143897
5.983,-0.113842,0.389623,0.082628
5.984,-0.481887,0.242443,-0.0913579
5.985,-0.0147199,-0.473884,0.0829286
5.986,0.0756331,-0.12552,0.24101
5.987,-0.00294299,0.484822,0.179797
5.988,-0.128142,0.276353,0.0199068
5.989,-0.449172,-0.221593,-0.265669
5.99,0.0278415,-0.476824,0.195316
5.991,0.059485,-0.0189501,0.186839
5.992,-0.0661929,0.570069,0.205241
5.993,-0.226565,0.301967,0.00035711
5.994,-0.454082,-0.611132,-0.279247
5.995,0.0785279,-0.283963,0.164484
5.996,0.0604625,0.140707,0.131744
5.997,-0.142488,0.659278,0.246553
5.998,-0.172008,0.0539652,-0.0847027
5.999,-0.290649,-0.920502,0.0257605
6,0.104803,-0.146576,0.172338
6.001,0.0355353,0.220237,0.10719
6.002,-0.209879,0.639853,0.217992
6.003,-0.2459,-0.108551,-0.159546
6.004,-0.223824,-1.03122,0.342394
6.005,0.111073,0.0212733,0.136991
6.006,-0.00293972,0.377232,0.127814
6.007,-0.310993,0.696216,0.244944
6.008,-0.144054,-0.287974,-0.116732
6.009,-0.0639195,-0.758643,0.461249
6.01,0.101506,0.167774,0.137334
6.011,-0.0302904,0.312119,0.082237
6.012,-0.362348,0.527253,0.110466
6.013,-0.19169,-0.589863,-0.0857078
6.014,-0.0169222,-0.570331,0.479436
6.015,0.0698508,0.286609,0.128967
6.016,-0.102284,0.453447,0.122714
6.017,-0.471119,0.457567,0.0456779
6.018,-0.0553071,-0.505679,0.03641
6.019,0.0450737,-0.288104,0.333874
6.02,0.0291329,0.419448,0.162867
6.021,-0.107372,0.306905,0.0424872
6.022,-0.456038,0.022012,-0.192404
6.023,-0.00847291,-0.54438,0.162375
6.024,0.0550095,-0.114155,0.239439
6.025,-0.0276982,0.518221,0.186562
6.026,-0.211071,0.387663,0.0518369
6.027,-0.49111,-0.330779,-0.300449
6.028,0.0562666,-0.348996,0.14723
6.029,0.0784922,0.108459,0.150934
6.03,-0.0993683,0.629185,0.235644
6.031,-0.177942,0.155959,-0.0509868
6.032,-0.383482,-0.780795,-0.175229
6.033,0.0814714,-0.299036,0.24648
6.034,0.0462668,0.146435,0.116295
6.035,-0.163561,0.627615,0.218588
6.036,-0.244798,0.0306368,-0.121741
6.037,-0.303107,-1.02806,0.132269
6.038,0.109553,-0.0725935,0.15026
6.039,0.0223499,0.334992,0.12673
6.04,-0.267551,0.728908,0.277073
6.041,-0.168423,-0.190913,-0.13138
6.042,-0.124419,-0.885907,0.406261
6.043,0.110532,0.0774588,0.143757
6.044,-0.00821087,0.287733,0.0869483
6.045,-0.322304,0.604758,0.172915
6.046,-0.213704,-0.451672,-0.148048
6.047,-0.0816072,-0.775858,0.550891
6.048,0.089385,0.213947,0.125611
6.049,-0.0616744,0.405835,0.111852
6.05,-0.431721,0.587585,0.145227
6.051,-0.0880622,-0.468862,-0.0257555
6.052,0.0208405,-0.432858,0.405346
6.053,0.0580004,0.350108,0.150579
6.054,-0.086793,0.336179,0.0652162
6.055,-0.436282,0.231255,-0.0884682
6.056,-0.0502269,-0.57524,0.0968317
6.057,0.0468908,-0.229095,0.305956
6.058,0.00964619,0.437869,0.15754
6.059,-0.170482,0.412428,0.0774203
6.06,-0.497432,-0.0538148,-0.232699
6.061,0.0221696,-0.458476,0.153238
6.062,0.082742,0.0173187,0.17973
6.063,-0.0547594,0.5735,0.211951
6.064,-0.151478,0.21097,-0.0182616
6.065,-0.410179,-0.558302,-0.261687
6.066,0.0681143,-0.352384,0.200504
6.067,0.059237,0.0966379,0.139221
6.068,-0.118382,0.600429,0.210325
6.069,-0.239437,0.157512,-0.0721417
6.07,-0.372678,-0.9092,-0.0867773
6.071,0.100692,-0.168445,0.162867
6.072,0.044907,0.277683,0.126237
6.073,-0.214862,0.716223,0.275233
6.074,-0.183722,-0.0799651,-0.124289
6.075,-0.222717,-1.00288,0.27955
6.076,0.109022,-0.0356428,0.179489
6.077,0.0110044,0.254265,0.0911613
6.078,-0.285432,0.66602,0.224905
6.079,-0.206413,-0.298638,-0.158135
6.08,-0.135089,-0.915238,0.517834
6.081,0.102048,0.136891,0.125544
6.082,-0.0310876,0.364786,0.105975
6.083,-0.376384,0.636164,0.189313
6.084,-0.110387,-0.398147,-0.0727127
6.085,0.000904845,-0.548831,0.433918
6.086,0.0797387,0.279448,0.140726
6.087,-0.0623588,0.330574,0.0734482
6.088,-0.397378,0.345799,-0.014911
6.089,-0.102936,-0.615046,0.0382014
6.09,0.0232188,-0.363337,0.386603
6.091,0.0380312,0.395477,0.152886
6.092,-0.158201,0.480269,0.121683
6.093,-0.500498,0.187417,-0.125094
6.094,-0.00103251,-0.45405,0.094694
6.095,0.0785026,-0.084053,0.221776
6.096,-0.0162224,0.507924,0.186918
6.097,-0.135404,0.260728,0.00990925
6.098,-0.441013,-0.31935,-0.278698
6.099,0.040803,-0.441981,0.198885
6.1,0.0617147,0.0192179,0.169566
6.101,-0.0818218,0.586672,0.211302
6.102,-0.219661,0.245962,-0.0257436
6.103,-0.440295,-0.707334,-0.247479
6.104,0.0854144,-0.23531,0.148781
6.105,0.0605229,0.198885,0.128794
6.106,-0.163921,0.685891,0.261533
6.107,-0.173371,0.0200497,-0.0953541
6.108,-0.25969,-0.941687,0.0986326
6.109,0.107859,-0.118011,0.175956
6.11,0.0282872,0.212188,0.0984192
6.111,-0.235131,0.673576,0.238752
6.112,-0.216958,-0.159298,-0.154559
6.113,-0.191919,-0.999147,0.394083
6.114,0.107034,0.053244,0.124279
6.115,-0.00843087,0.355239,0.114729
6.116,-0.335871,0.704888,0.248646
6.117,-0.14789,-0.333848,-0.115793
6.118,-0.0681968,-0.759527,0.501022
6.119,0.0954999,0.187335,0.144149
6.12,-0.0382261,0.316497,0.0795159
6.121,-0.386062,0.518937,0.100945
6.122,-0.124243,-0.522422,-0.043866
6.123,-0.00409832,-0.510729,0.458027
6.124,0.0620292,0.315891,0.1339
6.125,-0.12216,0.481497,0.132968
6.126,-0.473036,0.375563,-0.00944343
6.127,-0.048197,-0.529863,0.0639595
6.128,0.0710468,-0.193036,0.271768
6.129,0.017146,0.451664,0.171399
6.13,-0.116135,0.300485,0.0359667
6.131,-0.430361,-0.100241,-0.228053
6.132,-0.0200648,-0.623339,0.243462
6.133,0.0547618,-0.0847961,0.222036
6.134,-0.0389582,0.51741,0.181493
6.135,-0.219219,0.363583,0.0359106
6.136,-0.48527,-0.426732,-0.306599
6.137,0.0649441,-0.31925,0.148084
6.138,0.0741736,0.132026,0.143935
6.139,-0.112162,0.632382,0.234708
6.14,-0.167738,0.110739,-0.0639856
6.141,-0.339869,-0.842639,-0.0986249
6.142,0.0963076,-0.214506,0.186597
6.143,0.044843,0.183431,0.11359
6.144,-0.18118,0.639578,0.223486
6.145,-0.290173,0.0173875,-0.142896
6.146,-0.290079,-1.0578,0.204589
6.147,0.109786,-0.0358153,0.139001
6.148,0.0168627,0.28979,0.107217
6.149,-0.279468,0.71016,0.260402
6.15,-0.16093,-0.226231,-0.128741
6.151,-0.088957,-0.817404,0.416407
6.152,0.106544,0.0984814,0.152086
6.153,-0.0180944,0.322056,0.0941878
6.154,-0.341116,0.596368,0.163869
6.155,-0.166367,-0.448367,-0.110471
6.156,-0.0494171,-0.687081,0.517343
6.157,0.0831063,0.239495,0.125878
6.158,-0.0851438,0.465589,0.135872
6.159,-0.432474,0.516199,0.0923647
6.16,-0.0694283,-0.459196,-0.00749621
6.161,0.040165,-0.358071,0.360713
6.162,0.0484916,0.376528,0.15182
6.163,-0.104811,0.361785,0.0710792
6.164,-0.420324,0.111679,-0.144566
6.165,-0.0463917,-0.615299,0.145922
6.166,0.0502949,-0.183747,0.280184
6.167,-0.00407187,0.479499,0.174074
6.168,-0.19387,0.424753,0.0781978
6.169,-0.493986,-0.157273,-0.265056
6.17,0.0345742,-0.43184,0.162124
6.171,0.0821219,0.0535926,0.167183
6.172,-0.0713354,0.596498,0.221507
6.173,-0.172187,0.208681,-0.0269242
6.174,-0.405885,-0.644971,-0.241655
6.175,0.0696417,-0.359905,0.246065
6.176,0.0538507,0.112501,0.129977
6.177,-0.141651,0.648097,0.238323
6.178,-0.285292,0.164208,-0.0837032
6.179,-0.362295,-0.972631,-0.0214469
6.18,0.103297,-0.122218,0.144491
6.181,0.0372943,0.280603,0.121009
6.182,-0.232256,0.722686,0.277463
6.183,-0.182102,-0.117428,-0.13019
6.184,-0.199534,-0.992506,0.337544
6.185,0.109736,4.64501e-06,0.170678
6.186,0.00462418,0.271036,0.0909822
6.187,-0.286662,0.613223,0.184797
6.188,-0.213443,-0.351423,-0.160673
6.189,-0.110355,-0.859804,0.530421
6.19,0.0999006,0.166215,0.129472
6.191,-0.0552877,0.451749,0.139596
6.192,-0.404968,0.642722,0.190968
6.193,-0.111015,-0.445305,-0.0596303
6.194,-0.00524357,-0.539789,0.456409
6.195,0.0715513,0.300303,0.145164
6.196,-0.0711269,0.33178,0.0699187
6.197,-0.405352,0.288699,-0.0500926
6.198,-0.0840998,-0.612275,0.0666087
6.199,0.0289148,-0.317652,0.36236
6.2,0.0271885,0.408819,0.152295
6.201,-0.148613,0.41767,0.0869376
6.202,-0.495748,0.0924671,-0.171527
6.203,0.00247175,-0.489515,0.132292
6.204,0.0828857,-0.0387173,0.201641
6.205,-0.0317414,0.540916,0.199488
6.206,-0.150687,0.259816,0.00385472
6.207,-0.44513,-0.397853,-0.287159
6.208,0.0374398,-0.480479,0.266155
6.209,0.0619448,0.0512608,0.156343
6.21,-0.0941059,0.583737,0.205661
6.211,-0.269322,0.279392,-0.0232998
6.212,-0.425285,-0.792868,-0.204209
6.213,0.0920156,-0.212081,0.156422
6.214,0.0514712,0.190319,0.12048
6.215,-0.179115,0.684566,0.257516
6.216,-0.173814,-0.0184456,-0.105768
6.217,-0.227059,-0.949445,0.173501
6.218,0.108957,-0.0902518,0.183179
6.219,0.0222329,0.228947,0.0953164
6.22,-0.253525,0.672321,0.234738
6.221,-0.211314,-0.21007,-0.157464
6.222,-0.16432,-0.96468,0.444316
6.223,0.105204,0.0849886,0.122781
6.224,-0.0198996,0.380781,0.119762
6.225,-0.352106,0.682244,0.228517
6.226,-0.150205,-0.386825,-0.110006
6.227,-0.012499,-0.614018,0.430152
6.228,0.0908205,0.230655,0.138692
6.229,-0.0499698,0.335471,0.0819539
6.23,-0.405101,0.490895,0.0783665
6.231,-0.125727,-0.583198,-0.0145348
6.232,0.000943237,-0.466159,0.445771
6.233,0.0532277,0.340615,0.13738
6.234,-0.137577,0.490011,0.13358
6.235,-0.491821,0.324818,-0.0444838
6.236,-0.0239256,-0.481739,0.071822
6.237,0.0697006,-0.163368,0.260838
6.238,0.00492069,0.477835,0.178575
6.239,-0.133297,0.310942,0.034695
6.24,-0.46841,-0.129507,-0.248974
6.241,-0.00435378,-0.594349,0.262063
6.242,0.0561882,-0.0473243,0.200669
6.243,-0.055309,0.54496,0.192686
6.244,-0.226063,0.329675,0.0152775
6.245,-0.473601,-0.53788,-0.2992
6.246,0.0736623,-0.302479,0.163225
6.247,0.0620133,0.120953,0.136334
6.248,-0.131762,0.650475,0.242683
6.249,-0.170966,0.0746872,-0.0776462
6.25,-0.305268,-0.896171,-0.0171359
6.251,0.102209,-0.169507,0.176284
6.252,0.0391084,0.208825,0.109335
6.253,-0.19928,0.638064,0.218729
6.254,-0.240397,-0.0786306,-0.150511
6.255,-0.249204,-1.05077,0.300124
6.256,0.109917,0.00258884,0.133474
6.257,0.00727625,0.315994,0.109116
6.258,-0.301958,0.709547,0.256785
6.259,-0.169188,-0.280983,-0.134385
6.26,-0.0793052,-0.796793,0.455919
6.261,0.104303,0.145824,0.137211
6.262,-0.0266058,0.322672,0.0891406
6.263,-0.372305,0.608576,0.168676
6.264,-0.210803,-0.576022,-0.110041
6.265,-0.0416733,-0.640293,0.523419
6.266,0.0757789,0.274675,0.130689
6.267,-0.0797542,0.395552,0.0987498
6.268,-0.446952,0.452702,0.0457713
6.269,-0.0543462,-0.469701,0.0173824
6.27,0.0541557,-0.286077,0.322363
6.271,0.0357703,0.411887,0.161255
6.272,-0.110098,0.335438,0.0555368
6.273,-0.470894,0.109363,-0.157884
6.274,-0.0462868,-0.662928,0.211695
6.275,0.0503952,-0.143954,0.257118
6.276,-0.0182056,0.485679,0.171028
6.277,-0.186802,0.360262,0.0431689
6.278,-0.491506,-0.279004,-0.292429
6.279,0.0492146,-0.387941,0.162637
6.28,0.074125,0.069826,0.158462
6.281,-0.0891024,0.612185,0.226591
6.282,-0.185907,0.187314,-0.0410501
6.283,-0.33102,-0.740312,-0.148704
6.284,0.0853092,-0.28291,0.209447
6.285,0.0488298,0.138518,0.12006
6.286,-0.159339,0.643194,0.23077
6.287,-0.225067,0.0421924,-0.11032
6.288,-0.309816,-1.00439,0.0893147
6.289,0.106393,-0.0825933,0.139506
6.29,0.0278526,0.315287,0.123853
6.291,-0.248497,0.706513,0.26217
6.292,-0.164673,-0.164468,-0.126823
6.293,-0.132304,-0.894626,0.380343
6.294,0.110728,0.0501189,0.155947
6.295,-0.00355355,0.279976,0.0875582
6.296,-0.318627,0.634402,0.195771
6.297,-0.177259,-0.381113,-0.132128
6.298,-0.0784282,-0.778465,0.526913
6.299,0.091685,0.197038,0.123432
6.3,-0.0684024,0.460585,0.139287
6.301,-0.421946,0.603974,0.158908
6.302,-0.0873248,-0.438742,-0.0367886
6.303,0.023003,-0.443315,0.400882
6.304,0.0626565,0.335491,0.144574
6.305,-0.0885497,0.359616,0.0763292
6.306,-0.423208,0.239867,-0.0810418
6.307,-0.0923167,-0.688321,0.124187
6.308,0.0439326,-0.251812,0.319175
6.309,0.015172,0.426835,0.154621
6.31,-0.161408,0.40831,0.0776939
6.311,-0.496241,-0.0113805,-0.21634
6.312,0.0171805,-0.464256,0.145253
6.313,0.0830319,0.000758904,0.185962
6.314,-0.0476925,0.564391,0.208497
6.315,-0.155234,0.232528,-0.0102372
6.316,-0.406571,-0.519784,-0.264385
6.317,0.0630536,-0.371586,0.201773
6.318,0.0600439,0.0813115,0.14433
6.319,-0.110962,0.598902,0.211246
6.32,-0.276744,0.235581,-0.0476253
6.321,-0.401299,-0.876563,-0.138478
6.322,0.0974738,-0.175797,0.15243
6.323,0.046156,0.219154,0.11737
6.324,-0.20213,0.707244,0.270494
6.325,-0.174782,-0.0561876,-0.114969
6.326,-0.186797,-0.926772,0.236621
6.327,0.11176,-0.0453631,0.168396
6.328,0.0154654,0.26438,0.0981506
6.329,-0.276001,0.680914,0.237862
6.33,-0.258352,-0.278139,-0.188052
6.331,-0.143003,-0.930698,0.486914
6.332,0.104133,0.116031,0.125571
6.333,-0.0257652,0.366384,0.109667
6.334,-0.370862,0.670528,0.216937
6.335,-0.138185,-0.413801,-0.0942388
6.336,-0.00277202,-0.574135,0.429508
6.337,0.0841534,0.247863,0.142839
6.338,-0.0550623,0.325005,0.0743974
6.339,-0.406832,0.423352,0.0323659
6.34,-0.101684,-0.571184,0.0100876
6.341,0.0169243,-0.402963,0.407135
6.342,0.0455872,0.373298,0.147182
6.343,-0.136906,0.450262,0.109609
6.344,-0.498714,0.259095,-0.0849637
6.345,-0.0127222,-0.474732,0.0873076
6.346,0.0727912,-0.12621,0.242647
6.347,-0.00657378,0.498966,0.184997
6.348,-0.136194,0.288778,0.0228132
6.349,-0.45006,-0.233231,-0.268389
6.35,0.0280692,-0.481516,0.203541
6.351,0.0565183,-0.0217443,0.186575
6.352,-0.0687559,0.570513,0.204683
6.353,-0.20552,0.258492,-0.0152581
6.354,-0.452142,-0.627988,-0.274977
6.355,0.0799014,-0.273902,0.16037
6.356,0.0594466,0.142915,0.130515
6.357,-0.145279,0.660353,0.246707
6.358,-0.172908,0.0476795,-0.0870299
6.359,-0.275267,-0.917494,0.0456166
6.36,0.103964,-0.156581,0.192442
6.361,0.0338531,0.215111,0.104723
6.362,-0.224505,0.686623,0.250568
6.363,-0.288521,-0.0989582,-0.175813
6.364,-0.235317,-1.05299,0.355187
6.365,0.110296,0.02772,0.133678
6.366,0.000281092,0.328436,0.109054
6.367,-0.317488,0.704183,0.250433
6.368,-0.164787,-0.315104,-0.129827
6.369,-0.0525541,-0.731534,0.447361
6.37,0.0994047,0.161217,0.145862
6.371,-0.0312497,0.31146,0.0813651
6.372,-0.373853,0.547759,0.123401
6.373,-0.135585,-0.501714,-0.0647315
6.374,-0.0161751,-0.562153,0.479657
6.375,0.0689063,0.294275,0.131256
6.376,-0.108696,0.469924,0.130284
6.377,-0.456842,0.411846,0.0167761
6.378,-0.0443124,-0.469987,0.0318241
6.379,0.0528525,-0.264102,0.316541
6.38,0.0268718,0.430428,0.164409
6.381,-0.117955,0.332305,0.0510018
6.382,-0.468375,0.0354317,-0.190125
6.383,-0.0335607,-0.645954,0.229144
6.384,0.0524044,-0.115133,0.239803
6.385,-0.0286359,0.505277,0.178241
6.386,-0.227007,0.415689,0.0642494
6.387,-0.494121,-0.346995,-0.303722
6.388,0.0581669,-0.347917,0.152183
6.389,0.0730993,0.0948816,0.150841
6.39,-0.10181,0.628052,0.234079
6.391,-0.184169,0.15793,-0.0525425
6.392,-0.346667,-0.791327,-0.136665
6.393,0.0915474,-0.243111,0.189437
6.394,0.0490025,0.169298,0.118003
6.395,-0.16703,0.629829,0.219419
6.396,-0.254386,0.0284862,-0.126086
6.397,-0.296662,-1.03054,0.148164
6.398,0.109913,-0.0661801,0.149497
6.399,0.0206813,0.337991,0.126688
6.4,-0.270493,0.727168,0.275259
6.401,-0.159735,-0.193666,-0.126373
6.402,-0.130153,-0.899535,0.423072
6.403,0.109889,0.0858467,0.140533
6.404,-0.012518,0.318705,0.0964042
6.405,-0.32058,0.583073,0.157183
6.406,-0.225327,-0.47838,-0.151496
6.407,-0.0601122,-0.725162,0.519533
6.408,0.0865387,0.218572,0.12297
6.409,-0.0686694,0.423547,0.118444
6.41,-0.428073,0.551662,0.118774
6.411,-0.0923556,-0.497246,-0.0181648
6.412,0.0405365,-0.376313,0.362408
6.413,0.0549458,0.357155,0.151658
6.414,-0.0981904,0.36438,0.0749679
6.415,-0.417828,0.161992,-0.120143
6.416,-0.0577651,-0.623331,0.12826
6.417,0.0466623,-0.214552,0.298517
6.418,0.00452925,0.463858,0.169433
6.419,-0.186373,0.435395,0.0865774
6.42,-0.494655,-0.0912236,-0.244931
6.421,0.0274216,-0.443174,0.152436
6.422,0.0813969,0.0248233,0.176719
6.423,-0.0577222,0.570136,0.209038
6.424,-0.153314,0.202968,-0.0223655
6.425,-0.406392,-0.588145,-0.254474
6.426,0.0708791,-0.343446,0.203466
6.427,0.0564648,0.0980289,0.136127
6.428,-0.129994,0.639099,0.234598
6.429,-0.281976,0.196742,-0.0678314
6.43,-0.37971,-0.934535,-0.0750927
6.431,0.100932,-0.144984,0.147215
6.432,0.0420618,0.261344,0.120477
6.433,-0.218731,0.715185,0.273752
6.434,-0.17041,-0.0901534,-0.119459
6.435,-0.188888,-0.957686,0.292743
6.436,0.112733,-0.00624317,0.151052
6.437,0.00904823,0.28751,0.100203
6.438,-0.276389,0.622729,0.193534
6.439,-0.231671,-0.32396,-0.173417
6.44,-0.127049,-0.898288,0.520285
6.441,0.102435,0.145339,0.128998
6.442,-0.0457772,0.436861,0.135518
6.443,-0.384461,0.641017,0.192081
6.444,-0.125334,-0.437912,-0.0760818
6.445,0.00278493,-0.540036,0.432277
6.446,0.0782777,0.284728,0.140489
6.447,-0.0629966,0.326893,0.0713771
6.448,-0.415076,0.372172,-0.00190859
6.449,-0.0922614,-0.593174,0.0385816
6.45,0.0182406,-0.36859,0.394518
6.451,0.0358092,0.390829,0.148723
6.452,-0.130193,0.396563,0.0808426
6.453,-0.493659,0.164952,-0.135471
6.454,-0.00881444,-0.504974,0.120271
6.455,0.0810614,-0.0720934,0.215911
6.456,-0.0196937,0.520622,0.192402
6.457,-0.136377,0.258631,0.00858027
6.458,-0.438279,-0.333679,-0.279163
6.459,0.0430764,-0.432892,0.195427
6.46,0.06369,0.0294578,0.166458
6.461,-0.0812555,0.56742,0.19866
6.462,-0.232183,0.256693,-0.0243233
6.463,-0.42527,-0.728673,-0.229817
6.464,0.0872521,-0.252075,0.171819
6.465,0.060862,0.220051,0.130058
6.466,-0.169806,0.691022,0.264155
6.467,-0.18275,0.0139262,-0.10127
6.468,-0.272532,-0.969057,0.109917
6.469,0.108392,-0.110247,0.178824
6.47,0.0271396,0.231587,0.100794
6.471,-0.245389,0.69239,0.251552
6.472,-0.282876,-0.168744,-0.187794
6.473,-0.202695,-1.02411,0.423312
6.474,0.10684,0.0623653,0.124413
6.475,-0.0148109,0.390768,0.127329
6.476,-0.336863,0.692822,0.238866
6.477,-0.155504,-0.354655,-0.119129
6.478,-0.0330169,-0.67513,0.447851
6.479,0.0944625,0.194665,0.143697
6.48,-0.039956,0.317506,0.0789908
6.481,-0.389595,0.512801,0.096071
6.482,-0.121868,-0.528281,-0.0384874
6.483,-0.000361899,-0.496285,0.45041
6.484,0.0598226,0.318966,0.133213
6.485,-0.116674,0.453082,0.11767
6.486,-0.484319,0.379398,-0.00871686
6.487,-0.0341663,-0.485339,0.0568222
6.488,0.066102,-0.198598,0.278319
6.489,0.0148806,0.458077,0.17299
6.49,-0.127602,0.323325,0.0429378
6.491,-0.464091,-0.0654575,-0.227295
6.492,-0.008645,-0.589439,0.228682
6.493,0.0582396,-0.0704245,0.214633
6.494,-0.0439651,0.544393,0.196497
6.495,-0.237872,0.391703,0.0472765
6.496,-0.483492,-0.454377,-0.306595
6.497,0.0671386,-0.320242,0.156263
6.498,0.0681798,0.115291,0.142652
6.499,-0.11918,0.645168,0.241683
6.5,-0.190174,0.126628,-0.0670157
6.501,-0.306464,-0.843642,-0.0610242
6.502,0.0898012,-0.249009,0.234769
6.503,0.041039,0.1688,0.109205
6.504,-0.185055,0.641188,0.223867
6.505,-0.29116,0.00540543,-0.147226
6.506,-0.283916,-1.06035,0.223449
6.507,0.11027,-0.028827,0.139516
6.508,0.0147422,0.301309,0.109395
6.509,-0.284619,0.713118,0.262025
6.51,-0.173806,-0.24271,-0.137311
6.511,-0.108726,-0.860847,0.451076
6.512,0.107402,0.116766,0.13852
6.513,-0.0198103,0.321854,0.0930063
6.514,-0.351087,0.610027,0.172673
6.515,-0.174583,-0.473664,-0.111004
6.516,-0.0578166,-0.699163,0.539025
6.517,0.0817586,0.246726,0.126866
6.518,-0.0829347,0.446526,0.125681
6.519,-0.449627,0.53972,0.107228
6.52,-0.0766966,-0.495003,0.00046011
6.521,0.0305623,-0.373606,0.379388
6.522,0.0462036,0.377021,0.154548
6.523,-0.0943562,0.319111,0.053671
6.524,-0.442934,0.135486,-0.13893
6.525,-0.0301229,-0.561491,0.126232
6.526,0.054216,-0.169263,0.270929
6.527,-0.00617519,0.46591,0.165132
6.528,-0.176547,0.374904,0.0542978
6.529,-0.499771,-0.17693,-0.272307
6.53,0.0408509,-0.396331,0.145029
6.531,0.0727278,0.0293888,0.171822
6.532,-0.0744042,0.599418,0.222406
6.533,-0.158968,0.182029,-0.0332393
6.534,-0.37069,-0.669743,-0.209592
6.535,0.0748117,-0.335698,0.22694
6.536,0.0536865,0.119826,0.128328
6.537,-0.145664,0.65211,0.240322
6.538,-0.284009,0.15017,-0.0895066
6.539,-0.357215,-0.982934,-0.00497751
6.54,0.104111,-0.116143,0.144787
6.541,0.0354953,0.271542,0.117319
6.542,-0.233274,0.711217,0.268224
6.543,-0.190551,-0.127193,-0.136143
6.544,-0.153864,-0.918827,0.336913
6.545,0.110632,0.0107293,0.166058
6.546,0.00220806,0.299875,0.0993437
6.547,-0.290884,0.612022,0.183222
6.548,-0.226193,-0.371878,-0.167639
6.549,-0.110109,-0.857498,0.538967
6.55,0.0968155,0.168692,0.123481
6.551,-0.0523193,0.430546,0.12921
6.552,-0.403945,0.63481,0.184898
6.553,-0.099978,-0.420932,-0.0561687
6.554,0.0170042,-0.486479,0.409343
6.555,0.0721321,0.305825,0.145032
6.556,-0.0696249,0.326832,0.0682166
6.557,-0.425533,0.33474,-0.0268849
6.558,-0.0725155,-0.572897,0.0550482
6.559,0.0369456,-0.302999,0.34822
6.56,0.0267304,0.40358,0.149242
6.561,-0.159891,0.445989,0.100269
6.562,-0.507813,0.114151,-0.163891
6.563,0.00798988,-0.457564,0.11649
6.564,0.0697466,-0.0757135,0.219105
6.565,-0.0309036,0.539223,0.199025
6.566,-0.145809,0.252252,0.00214468
6.567,-0.398579,-0.432886,-0.265165
6.568,0.0361604,-0.484636,0.266776
6.569,0.0616856,0.0476645,0.157522
6.57,-0.0937399,0.588674,0.209095
6.571,-0.238151,0.235753,-0.0363222
6.572,-0.414513,-0.784116,-0.199471
6.573,0.0914302,-0.230159,0.17051
6.574,0.0567294,0.235091,0.128217
6.575,-0.181574,0.698514,0.267574
6.576,-0.180867,-0.0113583,-0.107252
6.577,-0.240582,-0.96143,0.161945
6.578,0.110471,-0.0785992,0.162657
6.579,0.0236837,0.255306,0.10299
6.58,-0.242017,0.63685,0.209883
6.581,-0.236152,-0.211567,-0.170966
6.582,-0.173918,-0.982202,0.449578
6.583,0.108706,0.0825319,0.132651
6.584,-0.0243714,0.417401,0.135423
6.585,-0.356641,0.699265,0.241608
6.586,-0.133599,-0.360183,-0.100935
6.587,-0.0264516,-0.64906,0.455555
6.588,0.0916925,0.226127,0.138972
6.589,-0.049954,0.341332,0.0847598
6.59,-0.412106,0.520485,0.0982567
6.591,-0.16559,-0.661502,-0.0170495
6.592,-0.000485233,-0.472472,0.449163
6.593,0.0540402,0.337418,0.136569
6.594,-0.134925,0.485419,0.131514
6.595,-0.488675,0.328963,-0.041402
6.596,-0.0226861,-0.466805,0.063948
6.597,0.0637836,-0.181123,0.272464
6.598,0.00610067,0.47232,0.175484
6.599,-0.139626,0.329965,0.0420582
6.6,-0.417015,-0.198079,-0.24876
6.601,0.00930835,-0.540425,0.219254
6.602,0.0595119,-0.041955,0.199179
6.603,-0.0557761,0.560711,0.202692
6.604,-0.246104,0.370237,0.0327032
6.605,-0.472652,-0.538461,-0.29866
6.606,0.0737478,-0.294439,0.155898
6.607,0.067208,0.146542,0.136815
6.608,-0.132952,0.657903,0.247539
6.609,-0.191147,0.0974189,-0.0781266
6.61,-0.299248,-0.886285,-0.0179541
6.611,0.100664,-0.18638,0.192928
6.612,0.0381281,0.191453,0.10671
6.613,-0.205071,0.671428,0.242458
6.614,-0.231026,-0.0723325,-0.144896
6.615,-0.260041,-1.05873,0.284045
6.616,0.108452,-0.00199362,0.128995
6.617,0.00610841,0.352428,0.122693
6.618,-0.302925,0.725105,0.269162
6.619,-0.151797,-0.257637,-0.123123
6.62,-0.0706502,-0.777697,0.434207
6.621,0.103331,0.127622,0.149194
6.622,-0.0229445,0.304286,0.0834552
6.623,-0.356545,0.573255,0.144524
6.624,-0.1523,-0.477829,-0.0895727
6.625,-0.0299924,-0.621255,0.496742
6.626,0.0758409,0.264584,0.126558
6.627,-0.0908262,0.444388,0.121537
6.628,-0.457321,0.491691,0.0714968
6.629,-0.0592779,-0.475752,0.0137623
6.63,0.0601468,-0.280047,0.312329
6.631,0.0382013,0.406022,0.16005
6.632,-0.109175,0.340189,0.058296
6.633,-0.465971,0.11862,-0.152362
6.634,-0.050266,-0.667252,0.205359
6.635,0.0499335,-0.15288,0.262484
6.636,-0.0150866,0.481648,0.170063
6.637,-0.198395,0.396161,0.0601698
6.638,-0.50318,-0.235477,-0.28781
6.639,0.047208,-0.388278,0.156376
6.64,0.0687021,0.0407872,0.165191
6.641,-0.0836424,0.601524,0.22144
6.642,-0.162594,0.161825,-0.0427613
6.643,-0.354643,-0.726752,-0.175448
6.644,0.0799578,-0.311945,0.230144
6.645,0.0488494,0.125965,0.121868
6.646,-0.151912,0.629062,0.222239
6.647,-0.286811,0.115209,-0.105181
6.648,-0.339245,-1.01348,0.0529075
6.649,0.106511,-0.0946649,0.144887
6.65,0.0299565,0.260166,0.109826
6.651,-0.244488,0.706645,0.262907
6.652,-0.164605,-0.155232,-0.1258
6.653,-0.151335,-0.928293,0.381276
6.654,0.111566,0.0525539,0.142189
6.655,-0.00421862,0.306189,0.0970498
6.656,-0.306433,0.607152,0.177139
6.657,-0.25094,-0.433859,-0.177783
6.658,-0.0965998,-0.819248,0.551723
6.659,0.0934436,0.194649,0.12565
6.66,-0.0505268,0.382043,0.104575
6.661,-0.407772,0.577528,0.140635
6.662,-0.0889054,-0.439146,-0.0383807
6.663,0.0287078,-0.432453,0.388339
6.664,0.0639242,0.333538,0.148096
6.665,-0.0784205,0.327245,0.0644347
6.666,-0.42331,0.252156,-0.0743225
6.667,-0.0908394,-0.677179,0.115098
6.668,0.0414446,-0.262452,0.326146
6.669,0.0172385,0.429343,0.157184
6.67,-0.162262,0.419229,0.0837623
6.671,-0.496999,0.0115829,-0.207308
6.672,0.0138114,-0.472225,0.144236
6.673,0.0834031,-0.0059634,0.18857
6.674,-0.0447161,0.560352,0.206807
6.675,-0.156692,0.241719,-0.00663199
6.676,-0.435322,-0.48303,-0.282656
6.677,0.0477596,-0.446306,0.267317
6.678,0.0590133,0.071588,0.146492
6.679,-0.112382,0.622006,0.226921
6.68,-0.270822,0.235545,-0.0459777
6.681,-0.394154,-0.859514,-0.142159
6.682,0.0969527,-0.194811,0.165508
6.683,0.0504683,0.259862,0.126932
6.684,-0.200109,0.709107,0.272259
6.685,-0.181873,-0.0493241,-0.116907
6.686,-0.229178,-0.98554,0.227565
6.687,0.111955,-0.0477359,0.164966
6.688,0.0165568,0.249932,0.0950073
6.689,-0.262069,0.644952,0.212529
6.69,-0.26825,-0.265822,-0.192607
6.691,-0.147284,-0.938363,0.479718
6.692,0.104299,0.109789,0.124683
6.693,-0.0283394,0.395116,0.122218
6.694,-0.36802,0.675993,0.221611
6.695,-0.135912,-0.400543,-0.0952405
6.696,-0.0261401,-0.633685,0.473113
6.697,0.0865148,0.250974,0.139537
6.698,-0.0566232,0.340947,0.0812364
6.699,-0.420411,0.477959,0.0670832
6.7,-0.153611,-0.682563,0.0139245
6.701,0.00640596,-0.430594,0.429826
6.702,0.0469121,0.366804,0.144931
6.703,-0.116909,0.396394,0.0852618
6.704,-0.4796,0.233076,-0.0961608
6.705,-0.0114408,-0.459894,0.0790896
6.706,0.0667281,-0.143833,0.253414
6.707,-0.0057268,0.495835,0.183304
6.708,-0.134551,0.287587,0.0228426
6.709,-0.438045,-0.241758,-0.265526
6.71,0.0302206,-0.465269,0.188202
6.711,0.0641529,-0.00453213,0.182173
6.712,-0.0653078,0.550497,0.192788
6.713,-0.23233,0.305718,0.000696503
6.714,-0.461088,-0.618129,-0.282153
6.715,0.0797609,-0.274399,0.160272
6.716,0.0595739,0.142716,0.130659
6.717,-0.144894,0.660006,0.246541
6.718,-0.173067,0.0485138,-0.086844
6.719,-0.273081,-0.914311,0.0456274
6.72,0.10248,-0.16492,0.201342
6.721,0.0328541,0.197801,0.10145
6.722,-0.219721,0.67057,0.239147
6.723,-0.216843,-0.118303,-0.14783
6.724,-0.214037,-1.01745,0.344915
6.725,0.107931,0.027673,0.126037
6.726,-0.000831896,0.344114,0.114753
6.727,-0.319707,0.711329,0.255862
6.728,-0.161934,-0.311206,-0.128069
6.729,-0.0685974,-0.7686,0.472188
6.73,0.100672,0.170886,0.134337
6.731,-0.0358604,0.343214,0.0931426
6.732,-0.360259,0.511456,0.0996868
6.733,-0.195463,-0.604723,-0.08282
6.734,-0.0244051,-0.580816,0.496403
6.735,0.0701147,0.295192,0.133002
6.736,-0.0874113,0.396001,0.0959331
6.737,-0.456028,0.411571,0.0167196
6.738,-0.0445675,-0.47045,0.031709
6.739,0.0543959,-0.260966,0.313736
6.74,0.0270845,0.428162,0.163118
6.741,-0.122733,0.345574,0.0560478
6.742,-0.422472,-0.0464782,-0.208292
6.743,-0.0162132,-0.584722,0.191903
6.744,0.0569991,-0.103763,0.233547
6.745,-0.0306475,0.525797,0.190045
6.746,-0.226713,0.411134,0.0615916
6.747,-0.494286,-0.353311,-0.30454
6.748,0.0583745,-0.354239,0.158981
6.749,0.0663794,0.0715267,0.152731
6.75,-0.102321,0.623774,0.231306
6.751,-0.171195,0.136366,-0.05597
6.752,-0.324018,-0.792746,-0.11378
6.753,0.0825948,-0.291252,0.247147
6.754,0.0447097,0.149708,0.114218
6.755,-0.17175,0.643086,0.228016
6.756,-0.264853,0.0335621,-0.128282
6.757,-0.310349,-1.04624,0.144231
6.758,0.10918,-0.0603087,0.143328
6.759,0.0220599,0.286482,0.110365
6.76,-0.267813,0.717989,0.268315
6.761,-0.188103,-0.205701,-0.144013
6.762,-0.102317,-0.841955,0.397022
6.763,0.109174,0.0796161,0.15186
6.764,-0.0101276,0.290813,0.0867408
6.765,-0.323712,0.592685,0.163755
6.766,-0.235215,-0.485097,-0.157627
6.767,-0.0734504,-0.753599,0.54422
6.768,0.0870908,0.217608,0.123421
6.769,-0.0758205,0.457967,0.134924
6.77,-0.421033,0.543685,0.11384
6.771,-0.0783567,-0.45254,-0.0211925
6.772,0.0382746,-0.383983,0.367475
6.773,0.0557545,0.358404,0.151631
6.774,-0.0865538,0.326278,0.0604379
6.775,-0.42122,0.176758,-0.113614
6.776,-0.0804836,-0.688578,0.151252
6.777,0.0454132,-0.222577,0.303431
6.778,0.00651057,0.461351,0.169075
6.779,-0.192972,0.458089,0.0986858
6.78,-0.507746,-0.0600017,-0.237771
6.781,0.0307361,-0.40701,0.127638
6.782,0.080587,0.0177304,0.179132
6.783,-0.0558436,0.568133,0.208383
6.784,-0.15389,0.20852,-0.0202248
6.785,-0.38123,-0.586272,-0.23886
6.786,0.0570608,-0.411759,0.265055
6.787,0.0563804,0.091074,0.13792
6.788,-0.126883,0.637283,0.234059
6.789,-0.279284,0.202954,-0.0641266
6.79,-0.385649,-0.922159,-0.0911889
6.791,0.100675,-0.155289,0.152565
6.792,0.0413795,0.223586,0.113397
6.793,-0.212128,0.701287,0.264135
6.794,-0.175853,-0.0849014,-0.121287
6.795,-0.173317,-0.926942,0.279002
6.796,0.109552,-0.0321549,0.177465
6.797,0.0107273,0.26622,0.094587
6.798,-0.286489,0.67145,0.228944
6.799,-0.226906,-0.307912,-0.170689
6.8,-0.128096,-0.901127,0.509359
6.801,0.103104,0.138525,0.128703
6.802,-0.0410023,0.421964,0.12974
6.803,-0.382603,0.653468,0.202054
6.804,-0.132887,-0.439389,-0.0828142
6.805,0.0121477,-0.522687,0.40907
6.806,0.0797589,0.279437,0.141089
6.807,-0.0643919,0.339298,0.0767022
6.808,-0.421337,0.403536,0.0170154
6.809,-0.0885555,-0.572041,0.0294347
6.81,0.0279043,-0.355374,0.37802
6.811,0.0369614,0.379271,0.14364
6.812,-0.136022,0.417337,0.0906693
6.813,-0.498282,0.182892,-0.127053
6.814,-0.00451651,-0.475353,0.104107
6.815,0.0645318,-0.120619,0.242441
6.816,-0.016509,0.508186,0.186956
6.817,-0.136026,0.26112,0.00985558
6.818,-0.430235,-0.333102,-0.275646
6.819,0.0416391,-0.437125,0.195283
6.82,0.0636686,0.0254975,0.168139
6.821,-0.0793288,0.564968,0.197648
6.822,-0.224213,0.249409,-0.0254807
6.823,-0.429821,-0.718129,-0.2367
6.824,0.0864241,-0.257055,0.173022
6.825,0.0613224,0.215477,0.130119
6.826,-0.1671,0.68847,0.26282
6.827,-0.1754,0.0149939,-0.0976853
6.828,-0.235212,-0.920794,0.117231
6.829,0.1064,-0.124703,0.191456
6.83,0.0273681,0.21474,0.0978637
6.831,-0.238625,0.67582,0.239878
6.832,-0.222653,-0.167733,-0.158655
6.833,-0.202806,-1.02093,0.410298
6.834,0.108798,0.0558512,0.129521
6.835,-0.00666942,0.333734,0.106583
6.836,-0.330448,0.685328,0.233729
6.837,-0.135089,-0.322507,-0.107224
6.838,-0.0488461,-0.71364,0.473161
6.839,0.0959006,0.200593,0.134109
6.84,-0.0444421,0.348139,0.0908687
6.841,-0.377292,0.4875,0.0803419
6.842,-0.173226,-0.625308,-0.0481724
6.843,-0.00119777,-0.503434,0.452011
6.844,0.0610825,0.315416,0.132784
6.845,-0.117309,0.461209,0.122277
6.846,-0.480817,0.386252,-0.00371933
6.847,-0.0331244,-0.469716,0.0486982
6.848,0.0583633,-0.221799,0.294373
6.849,0.016363,0.453268,0.17056
6.85,-0.122118,0.313963,0.0402805
6.851,-0.463129,-0.0523543,-0.222473
6.852,-0.0084047,-0.583361,0.218626
6.853,0.053966,-0.0851043,0.222003
6.854,-0.0416055,0.534946,0.191391
6.855,-0.189112,0.302674,0.0118962
6.856,-0.467946,-0.451104,-0.299298
6.857,0.0648555,-0.338093,0.165756
6.858,0.0676116,0.105491,0.144333
6.859,-0.117198,0.647583,0.243999
6.86,-0.182205,0.123114,-0.0652601
6.861,-0.360125,-0.853162,-0.112677
6.862,0.0889439,-0.254335,0.236361
6.863,0.0414354,0.165745,0.109689
6.864,-0.185178,0.648466,0.229184
6.865,-0.264064,-0.00867936,-0.141539
6.866,-0.287943,-1.05841,0.210531
6.867,0.109714,-0.033206,0.138109
6.868,0.0163258,0.291605,0.107379
6.869,-0.280094,0.708226,0.258776
6.87,-0.155924,-0.226037,-0.125555
6.871,-0.0988799,-0.839506,0.433984
6.872,0.107956,0.111176,0.142574
6.873,-0.0172932,0.306289,0.088021
6.874,-0.340487,0.587872,0.157664
6.875,-0.180293,-0.473068,-0.116117
6.876,-0.0563861,-0.699608,0.533144
6.877,0.0832589,0.243161,0.127531
6.878,-0.0708709,0.403598,0.106723
6.879,-0.444012,0.537943,0.106634
6.88,-0.0716308,-0.468548,-0.00597049
6.881,0.0519107,-0.329937,0.335664
6.882,0.0484124,0.379441,0.155073
6.883,-0.0971669,0.336126,0.0609325
6.884,-0.457176,0.188187,-0.115766
6.885,-0.0539793,-0.639264,0.15562
6.886,0.0436873,-0.20011,0.291703
6.887,-0.00278896,0.467213,0.167542
6.888,-0.180667,0.398057,0.0662026
6.889,-0.494119,-0.151942,-0.263585
6.89,0.0339811,-0.433049,0.161565
6.891,0.0822504,0.051959,0.167741
6.892,-0.0705096,0.595437,0.221037
6.893,-0.171224,0.208995,-0.0264388
6.894,-0.410876,-0.638469,-0.246602
6.895,0.0656101,-0.376378,0.261407
6.896,0.0528471,0.107738,0.129944
6.897,-0.13637,0.623291,0.221776
6.898,-0.258999,0.136118,-0.0875647
6.899,-0.366362,-0.966658,-0.0320752
6.9,0.103496,-0.129217,0.149135
6.901,0.0367422,0.239729,0.111606
6.902,-0.225711,0.703989,0.2639
6.903,-0.168417,-0.115248,-0.122598
6.904,-0.175724,-0.952195,0.330093
6.905,0.112521,0.0172944,0.14631
6.906,0.00406625,0.291873,0.0978224
6.907,-0.291267,0.628616,0.195539
6.908,-0.253383,-0.369138,-0.18525
6.909,-0.105654,-0.85081,0.518961
6.91,0.0976895,0.160823,0.122856
6.911,-0.0528833,0.445699,0.137253
6.912,-0.398071,0.635778,0.186351
6.913,-0.115704,-0.445857,-0.064196
6.914,-0.00295004,-0.539641,0.450097
6.915,0.0736834,0.297917,0.144721
6.916,-0.0728363,0.348365,0.0773112
6.917,-0.442497,0.397455,0.00959127
6.918,-0.120937,-0.699455,0.0800643
6.919,0.0251084,-0.334158,0.373247
6.92,0.0295865,0.396254,0.147284
6.921,-0.143743,0.41193,0.0851452
6.922,-0.501693,0.122737,-0.15838
6.923,0.00522338,-0.459776,0.112193
6.924,0.0712181,-0.0801737,0.221246
6.925,-0.0273045,0.532478,0.195872
6.926,-0.142865,0.254739,0.00437192
6.927,-0.395783,-0.414623,-0.263852
6.928,0.0452881,-0.439372,0.218239
6.929,0.0583325,0.031236,0.161612
6.93,-0.0903247,0.585728,0.208107
6.931,-0.23279,0.237891,-0.0336666
6.932,-0.414644,-0.766705,-0.207122
6.933,0.0901812,-0.233254,0.167049
6.934,0.0572382,0.219316,0.127123
6.935,-0.173518,0.684557,0.258617
6.936,-0.193667,0.00720677,-0.107971
6.937,-0.247683,-0.958596,0.143249
6.938,0.109881,-0.0880128,0.163945
6.939,0.0254726,0.251456,0.103663
6.94,-0.238123,0.639498,0.21254
6.941,-0.252907,-0.196733,-0.177793
6.942,-0.192892,-1.01271,0.442792
6.943,0.106168,0.0733821,0.12374
6.944,-0.0182968,0.393889,0.126929
6.945,-0.346041,0.695155,0.239588
6.946,-0.150277,-0.36464,-0.113683
6.947,-0.035881,-0.677275,0.463153
6.948,0.0937587,0.214763,0.136273
6.949,-0.0451814,0.333325,0.0834441
6.95,-0.3989,0.516771,0.0975048
6.951,-0.141583,-0.588257,-0.031291
6.952,-7.0679e-05,-0.486241,0.44962
6.953,0.0591083,0.336484,0.140849
6.954,-0.123592,0.465458,0.122814
6.955,-0.479162,0.34687,-0.0286762
6.956,-0.0405701,-0.524777,0.0734602
6.957,0.0742786,-0.169536,0.260008
6.958,0.0109894,0.465749,0.174842
6.959,-0.12415,0.3043,0.0347773
6.96,-0.441428,-0.12649,-0.239376
6.961,0.0112064,-0.513059,0.184116
6.962,0.0572384,-0.0634691,0.210342
6.963,-0.0465504,0.535028,0.189568
6.964,-0.207463,0.321599,0.0162251
6.965,-0.465865,-0.49026,-0.297854
6.966,0.067748,-0.335606,0.174756
6.967,0.0732769,0.153132,0.140522
6.968,-0.125154,0.654926,0.247304
6.969,-0.178536,0.102484,-0.0713006
6.97,-0.331879,-0.873305,-0.0681237
6.971,0.0985711,-0.201699,0.191844
6.972,0.0395077,0.172569,0.107453
6.973,-0.195817,0.66514,0.239474
6.974,-0.220391,-0.0533937,-0.13566
6.975,-0.250356,-1.0288,0.251243
6.976,0.108246,-0.0146164,0.129733
6.977,0.0105954,0.332464,0.117724
6.978,-0.292323,0.714537,0.262057
6.979,-0.178981,-0.261984,-0.140892
6.98,-0.0723713,-0.781688,0.422594
6.981,0.10621,0.128689,0.141865
6.982,-0.0227189,0.318974,0.0899186
6.983,-0.364927,0.620843,0.178993
6.984,-0.216974,-0.555038,-0.123297
6.985,-0.0489365,-0.668345,0.530756
6.986,0.0782996,0.258164,0.126943
6.987,-0.0966962,0.480563,0.140672
6.988,-0.456733,0.515086,0.0883433
6.989,-0.0686606,-0.495351,0.0113475
6.99,0.0338108,-0.349872,0.368483
6.991,0.0408473,0.392314,0.157434
6.992,-0.101379,0.325035,0.0537305
6.993,-0.429781,0.0725509,-0.164359
6.994,-0.0577217,-0.679312,0.200454
6.995,0.0470221,-0.168271,0.272072
6.996,-0.0126358,0.488835,0.175431
6.997,-0.165601,0.334824,0.0359618
6.998,-0.483448,-0.239839,-0.281864
6.999,0.0463258,-0.376927,0.142923
7,0.0804732,0.0743307,0.160362
7.001,-0.0814592,0.60658,0.225356
7.002,-0.164694,0.175725,-0.0380066
7.003,-0.34701,-0.701104,-0.179774
7.004,0.0741475,-0.339031,0.246656
7.005,0.0541395,0.137698,0.125929
7.006,-0.144847,0.618165,0.216125
7.007,-0.244012,0.0851508,-0.102454
7.008,-0.332161,-0.991915,0.0395002
7.009,0.106804,-0.111846,0.155801
7.01,0.0320404,0.31128,0.125613
7.011,-0.245051,0.723774,0.276325
7.012,-0.165541,-0.143037,-0.124892
7.013,-0.163918,-0.946337,0.369834
7.014,0.112203,0.0408049,0.146826
7.015,-0.000634848,0.286966,0.0923965
7.016,-0.314809,0.658907,0.215124
7.017,-0.228328,-0.398509,-0.166585
7.018,-0.105883,-0.844161,0.55027
7.019,0.095995,0.184095,0.126875
7.02,-0.0482731,0.387726,0.108545
7.021,-0.408961,0.610867,0.165763
7.022,-0.112991,-0.476415,-0.0506161
7.023,0.0313027,-0.438432,0.380993
7.024,0.06751,0.323247,0.146224
7.025,-0.0814563,0.352039,0.0754129
7.026,-0.445867,0.335558,-0.0300481
7.027,-0.101139,-0.688702,0.106473
7.028,0.0407475,-0.275654,0.332851
7.029,0.0207017,0.415371,0.151723
7.03,-0.152682,0.40465,0.0782304
7.031,-0.503605,0.0484304,-0.193296
7.032,0.0151686,-0.44558,0.122807
7.033,0.07283,-0.0483658,0.205983
7.034,-0.0390888,0.550067,0.202192
7.035,-0.152947,0.247659,-0.00256846
7.036,-0.430235,-0.454304,-0.280933
7.037,0.0543652,-0.410314,0.218763
7.038,0.0571523,0.052803,0.151588
7.039,-0.101705,0.59168,0.208859
7.04,-0.272581,0.260451,-0.0339712
7.041,-0.415368,-0.831081,-0.177421
7.042,0.0946664,-0.197769,0.156549
7.043,0.0485426,0.196717,0.117864
7.044,-0.188269,0.689939,0.259805
7.045,-0.174761,-0.0363547,-0.110525
7.046,-0.202577,-0.933231,0.205678
7.047,0.108897,-0.0758851,0.18443
7.048,0.0196049,0.26157,0.100999
7.049,-0.253854,0.641845,0.211569
7.05,-0.279029,-0.242014,-0.196086
7.051,-0.172825,-0.98526,0.483385
7.052,0.106177,0.100399,0.12778
7.053,-0.0195749,0.350771,0.105984
7.054,-0.3564,0.663627,0.213272
7.055,-0.121758,-0.365026,-0.090145
7.056,-0.027437,-0.640892,0.471265
7.057,0.0877509,0.24458,0.137292
7.058,-0.0535081,0.335288,0.0800646
7.059,-0.404463,0.455013,0.0538404
7.06,-0.10324,-0.54947,-0.00486301
7.061,0.0141282,-0.424189,0.41629
7.062,0.0489532,0.353542,0.14001
7.063,-0.140677,0.480319,0.126681
7.064,-0.48377,0.269746,-0.0760948
7.065,-0.0255541,-0.512462,0.0917376
7.066,0.0751837,-0.134802,0.245235
7.067,0.000186334,0.478589,0.177881
7.068,-0.127262,0.281443,0.0226346
7.069,-0.430754,-0.224741,-0.25946
7.07,0.0156248,-0.527733,0.226002
7.071,0.0591413,-0.0277076,0.191289
7.072,-0.0621305,0.563233,0.202122
7.073,-0.207832,0.280516,-0.00510413
7.074,-0.467222,-0.579997,-0.291459
7.075,0.0769192,-0.287053,0.160973
7.076,0.0607354,0.131851,0.133274
7.077,-0.13858,0.655675,0.244837
7.078,-0.171201,0.0606079,-0.0822743
7.079,-0.305291,-0.920246,0.00483489
7.08,0.103818,-0.158753,0.180149
7.081,0.0353829,0.200304,0.104492
7.082,-0.212708,0.667849,0.238352
7.083,-0.216409,-0.10053,-0.144241
7.084,-0.226982,-1.02771,0.321573
7.085,0.1089,0.0150277,0.129231
7.086,-0.000600601,0.379765,0.130321
7.087,-0.314262,0.723301,0.266237
7.088,-0.154059,-0.284959,-0.12395
7.089,-0.0767673,-0.789707,0.467289
7.09,0.102544,0.157286,0.134568
7.091,-0.0317039,0.338123,0.0931163
7.092,-0.358218,0.537131,0.11813
7.093,-0.195764,-0.577882,-0.0949021
7.094,-0.0214262,-0.588526,0.48586
7.095,0.0721069,0.278888,0.128169
7.096,-0.100331,0.458611,0.12641
7.097,-0.464554,0.46837,0.0540979
7.098,-0.0508148,-0.469408,0.0221562
7.099,0.0518689,-0.283015,0.324313
7.1,0.0326664,0.415249,0.159891
7.101,-0.116854,0.345851,0.0583263
7.102,-0.433353,0.0131509,-0.189713
7.103,-0.0394252,-0.648771,0.212109
7.104,0.0573833,-0.121988,0.243979
7.105,-0.0219056,0.499091,0.177374
7.106,-0.194102,0.368209,0.0454669
7.107,-0.483243,-0.307102,-0.293988
7.108,0.0510101,-0.385581,0.166309
7.109,0.0772168,0.0904935,0.154425
7.11,-0.0911427,0.611646,0.226084
7.111,-0.167316,0.154591,-0.0474435
7.112,-0.329615,-0.749512,-0.142869
7.113,0.0846787,-0.287655,0.21952
7.114,0.0494752,0.147668,0.119799
7.115,-0.16647,0.665752,0.245817
7.116,-0.288305,0.089262,-0.116075
7.117,-0.325979,-1.03067,0.094961
7.118,0.107809,-0.0786929,0.143891
7.119,0.0264288,0.267516,0.10861
7.12,-0.255131,0.711049,0.264711
7.121,-0.168418,-0.175912,-0.130104
7.122,-0.12107,-0.874885,0.383252
7.123,0.10842,0.0499117,0.161371
7.124,-0.00577558,0.284244,0.0874428
7.125,-0.317527,0.612001,0.179041
7.126,-0.212733,-0.431983,-0.150865
7.127,-0.0830932,-0.784459,0.543442
7.128,0.0914302,0.204743,0.125674
7.129,-0.0553119,0.390167,0.106492
7.13,-0.416773,0.574859,0.13748
7.131,-0.0952286,-0.471123,-0.0330813
7.132,0.0120052,-0.463252,0.424427
7.133,0.060584,0.336929,0.148806
7.134,-0.0824801,0.32994,0.0639764
7.135,-0.413954,0.20556,-0.0972636
7.136,-0.0633774,-0.611426,0.104256
7.137,0.0391889,-0.251836,0.322434
7.138,0.012559,0.442728,0.161864
7.139,-0.146638,0.364258,0.0577421
7.14,-0.490902,-0.0383648,-0.225235
7.141,0.0246255,-0.423325,0.126406
7.142,0.08262,0.00564505,0.184058
7.143,-0.0496376,0.565027,0.208371
7.144,-0.157662,0.232682,-0.0110576
7.145,-0.42271,-0.519627,-0.273443
7.146,0.0605023,-0.39204,0.226143
7.147,0.0582986,0.0807137,0.142874
7.148,-0.118083,0.627372,0.22922
7.149,-0.274105,0.222655,-0.0532093
7.15,-0.391516,-0.885066,-0.12342
7.151,0.0976763,-0.169894,0.14927
7.152,0.0474888,0.248863,0.122661
7.153,-0.204667,0.711721,0.273497
7.154,-0.186549,-0.057529,-0.120979
7.155,-0.237944,-1.00647,0.242572
7.156,0.108665,-0.0550345,0.18351
7.157,0.0146534,0.250729,0.0934667
7.158,-0.262833,0.6287,0.200235
7.159,-0.224312,-0.277188,-0.168774
7.16,-0.146232,-0.937503,0.500819
7.161,0.104999,0.121454,0.129247
7.162,-0.0347211,0.414382,0.128773
7.163,-0.373973,0.668804,0.215197
7.164,-0.133175,-0.412411,-0.0901136
7.165,-0.0162192,-0.603392,0.459713
7.166,0.0838538,0.260196,0.136882
7.167,-0.0645163,0.364585,0.0891969
7.168,-0.393678,0.379332,0.00643268
7.169,-0.128779,-0.649536,0.0250555
7.17,0.0108153,-0.410026,0.417868
7.171,0.0432907,0.368821,0.143053
7.172,-0.145245,0.469918,0.118972
7.173,-0.480913,0.212287,-0.107841
7.174,-0.00823141,-0.457512,0.0833521
7.175,0.0681101,-0.131662,0.247019
7.176,-0.00915625,0.501162,0.184767
7.177,-0.144329,0.30111,0.0259084
7.178,-0.444989,-0.258101,-0.271172
7.179,0.0335317,-0.458711,0.192178
7.18,0.0636236,0.00360465,0.178007
7.181,-0.0692621,0.554171,0.193844
7.182,-0.221669,0.274789,-0.0121654
7.183,-0.439043,-0.6574,-0.26036
7.184,0.0817335,-0.27758,0.172231
7.185,0.0651714,0.19815,0.132466
7.186,-0.1549,0.680281,0.259208
7.187,-0.183404,0.0452626,-0.0922983
7.188,-0.301689,-0.953721,0.0438427
7.189,0.101685,-0.161147,0.208441
7.19,0.0328733,0.227089,0.105638
7.191,-0.218233,0.644248,0.219672
7.192,-0.278996,-0.118956,-0.176356
7.193,-0.20714,-1.01333,0.362965
7.194,0.10772,0.0363018,0.125485
7.195,-0.00370047,0.351719,0.116143
7.196,-0.323216,0.703554,0.249167
7.197,-0.166354,-0.329344,-0.129863
7.198,-0.0403686,-0.700507,0.436757
7.199,0.0994521,0.181081,0.139718
7.2,-0.0377085,0.337035,0.089234
7.201,-0.387588,0.563077,0.13261
7.202,-0.183517,-0.607708,-0.0688249
7.203,-0.00940619,-0.53914,0.467278
7.204,0.0658881,0.30001,0.130629
7.205,-0.108821,0.455976,0.121973
7.206,-0.477123,0.428272,0.0247634
7.207,-0.0489261,-0.508044,0.0477695
7.208,0.0501499,-0.259753,0.317533
7.209,0.0233464,0.435558,0.167025
7.21,-0.126841,0.346232,0.0549231
7.211,-0.422528,-0.0732478,-0.217148
7.212,-0.0135984,-0.58641,0.203573
7.213,0.0548398,-0.098596,0.230243
7.214,-0.033091,0.512127,0.18058
7.215,-0.230072,0.407417,0.0585337
7.216,-0.492098,-0.379564,-0.306368
7.217,0.0605393,-0.349818,0.162068
7.218,0.0665413,0.0816208,0.149755
7.219,-0.105801,0.625395,0.23151
7.22,-0.16752,0.122537,-0.0596442
7.221,-0.330456,-0.815323,-0.10652
7.222,0.0924274,-0.243237,0.205344
7.223,0.0453207,0.167131,0.114075
7.224,-0.183391,0.67545,0.24963
7.225,-0.287793,0.0350671,-0.135991
7.226,-0.295184,-1.0473,0.176355
7.227,0.107718,-0.0452615,0.13338
7.228,0.0180142,0.337545,0.12472
7.229,-0.269799,0.706813,0.259158
7.23,-0.15904,-0.208034,-0.126798
7.231,-0.106161,-0.852622,0.417609
7.232,0.108684,0.0900454,0.149894
7.233,-0.0121697,0.291473,0.0855274
7.234,-0.340043,0.6205,0.182144
7.235,-0.174082,-0.438926,-0.119201
7.236,-0.0634381,-0.725578,0.53479
7.237,0.0875056,0.233105,0.130084
7.238,-0.0796057,0.459188,0.134197
7.239,-0.42595,0.530087,0.103274
7.24,-0.0740608,-0.455774,-0.0146954
7.241,0.0387076,-0.372838,0.365539
7.242,0.0523182,0.368393,0.151499
7.243,-0.0896947,0.325415,0.05869
7.244,-0.421077,0.148717,-0.127373
7.245,-0.0670501,-0.663785,0.153182
7.246,0.046866,-0.208207,0.295
7.247,0.00241108,0.470204,0.171999
7.248,-0.198398,0.456624,0.0963955
7.249,-0.509249,-0.0928091,-0.249658
7.25,0.0321492,-0.424887,0.147573
7.251,0.0702331,-0.00123516,0.183517
7.252,-0.0624476,0.577937,0.212456
7.253,-0.16383,0.211712,-0.022559
7.254,-0.414037,-0.601687,-0.256674
7.255,0.0648136,-0.380443,0.248798
7.256,0.0551862,0.100035,0.134298
7.257,-0.133077,0.64096,0.235189
7.258,-0.282469,0.187509,-0.0722748
7.259,-0.376123,-0.945527,-0.0621018
7.26,0.10219,-0.142381,0.151124
7.261,0.0390612,0.231383,0.112343
7.262,-0.219285,0.703775,0.264822
7.263,-0.174892,-0.100087,-0.123537
7.264,-0.163787,-0.920575,0.299193
7.265,0.109854,-0.0174105,0.173965
7.266,0.00794226,0.273554,0.0945919
7.267,-0.296393,0.678631,0.233083
7.268,-0.265619,-0.345314,-0.193429
7.269,-0.131381,-0.906235,0.535069
7.27,0.100892,0.151351,0.126906
7.271,-0.0373014,0.379083,0.109645
7.272,-0.391865,0.646057,0.195126
7.273,-0.119334,-0.43525,-0.0710747
7.274,-0.0106469,-0.567029,0.462519
7.275,0.0760893,0.283323,0.144025
7.276,-0.0659541,0.33152,0.0721926
7.277,-0.400598,0.323114,-0.0291216
7.278,-0.0937132,-0.610167,0.0489875
7.279,0.0238758,-0.348297,0.380305
7.28,0.0334686,0.395544,0.149528
7.281,-0.136415,0.406053,0.0841277
7.282,-0.50617,0.168935,-0.135966
7.283,-0.00179242,-0.48115,0.114783
7.284,0.0674629,-0.100995,0.231943
7.285,-0.0222189,0.522933,0.192902
7.286,-0.150464,0.282185,0.0145243
7.287,-0.448972,-0.335855,-0.283934
7.288,0.0324303,-0.492043,0.25185
7.289,0.0591664,0.0207236,0.167012
7.29,-0.085541,0.589236,0.2119
7.291,-0.210924,0.222271,-0.0341275
7.292,-0.426229,-0.731081,-0.229665
7.293,0.0874105,-0.252227,0.172848
7.294,0.060374,0.218406,0.129566
7.295,-0.16903,0.687801,0.261941
7.296,-0.177088,0.0115705,-0.0993963
7.297,-0.230708,-0.920204,0.125062
7.298,0.108124,-0.112349,0.18128
7.299,0.0273486,0.235577,0.101827
7.3,-0.243541,0.684959,0.246094
7.301,-0.269043,-0.171132,-0.181822
7.302,-0.188894,-0.998885,0.411261
7.303,0.108301,0.0606842,0.128366
7.304,-0.00906069,0.346193,0.110378
7.305,-0.339982,0.704748,0.248039
7.306,-0.138869,-0.330428,-0.109261
7.307,-0.0296045,-0.66809,0.438589
7.308,0.0958626,0.198899,0.141499
7.309,-0.0390407,0.316678,0.0791335
7.31,-0.390215,0.522174,0.102627
7.311,-0.128086,-0.537362,-0.0413562
7.312,-0.00374258,-0.507149,0.457395
7.313,0.0617836,0.320893,0.135968
7.314,-0.101656,0.409055,0.0976818
7.315,-0.478229,0.379248,-0.00787499
7.316,-0.0386873,-0.495198,0.0558528
7.317,0.0528975,-0.23577,0.304884
7.318,0.0171416,0.446773,0.16952
7.319,-0.120044,0.309004,0.0386173
7.32,-0.439301,-0.0893467,-0.227562
7.321,-0.000626459,-0.549647,0.194286
7.322,0.0582449,-0.0755304,0.217543
7.323,-0.0417754,0.542183,0.195929
7.324,-0.234883,0.392377,0.0484212
7.325,-0.485663,-0.436649,-0.307155
7.326,0.0656558,-0.326952,0.157447
7.327,0.066766,0.102331,0.144404
7.328,-0.116794,0.64536,0.242609
7.329,-0.168539,0.108907,-0.0649642
7.33,-0.326582,-0.842286,-0.084619
7.331,0.096615,-0.21275,0.18688
7.332,0.0442949,0.182706,0.112987
7.333,-0.185001,0.652125,0.231918
7.334,-0.239545,-0.0208273,-0.135311
7.335,-0.285713,-1.05411,0.208367
7.336,0.107817,-0.0320381,0.131036
7.337,0.015836,0.311851,0.113878
7.338,-0.284267,0.723589,0.27043
7.339,-0.16376,-0.227488,-0.130565
7.34,-0.106262,-0.854836,0.436534
7.341,0.108002,0.109115,0.137993
7.342,-0.0190445,0.330379,0.0972049
7.343,-0.330904,0.563455,0.141299
7.344,-0.202773,-0.500193,-0.127931
7.345,-0.0623511,-0.713562,0.543306
7.346,0.0840181,0.245043,0.129433
7.347,-0.0706699,0.402558,0.106251
7.348,-0.44281,0.53452,0.10428
7.349,-0.0775863,-0.48794,-0.00423512
7.35,0.0269527,-0.388054,0.388234
7.351,0.0480199,0.373472,0.154078
7.352,-0.094797,0.327465,0.0575862
7.353,-0.422682,0.116837,-0.142793
7.354,-0.0598005,-0.659346,0.16604
7.355,0.0498018,-0.187496,0.282436
7.356,-0.00304884,0.478109,0.173775
7.357,-0.196593,0.434514,0.083339
7.358,-0.483461,-0.165201,-0.263883
7.359,0.0390316,-0.389073,0.133612
7.36,0.0786283,0.0396369,0.17058
7.361,-0.0695121,0.592921,0.219825
7.362,-0.156492,0.188394,-0.0296718
7.363,-0.396078,-0.640612,-0.236152
7.364,0.0763479,-0.320207,0.20099
7.365,0.0553428,0.115855,0.130851
7.366,-0.138578,0.637442,0.231345
7.367,-0.228394,0.10455,-0.0895703
7.368,-0.362822,-0.963857,-0.0301828
7.369,0.101928,-0.123667,0.139952
7.37,0.0376579,0.260589,0.116615
7.371,-0.228204,0.713133,0.270559
7.372,-0.196016,-0.112146,-0.136436
7.373,-0.149485,-0.903768,0.315963
7.374,0.112634,0.011473,0.156287
7.375,0.00456263,0.281962,0.0946918
7.376,-0.30582,0.678946,0.231994
7.377,-0.257859,-0.372621,-0.187845
7.378,-0.116248,-0.872392,0.536589
7.379,0.0975125,0.16097,0.122562
7.38,-0.0539687,0.450453,0.139427
7.381,-0.40312,0.645882,0.193665
7.382,-0.112772,-0.443859,-0.0618876
7.383,-0.00634332,-0.545212,0.457886
7.384,0.0723787,0.296462,0.144876
7.385,-0.0688946,0.326116,0.0682114
7.386,-0.430817,0.352029,-0.0172477
7.387,-0.0749297,-0.578304,0.0551471
7.388,0.0354307,-0.308115,0.351858
7.389,0.0275636,0.401317,0.148596
7.39,-0.153756,0.432197,0.0938572
7.391,-0.499441,0.101924,-0.167912
7.392,0.0032383,-0.482967,0.127957
7.393,0.0796316,-0.0501566,0.206794
7.394,-0.0288556,0.529747,0.194499
7.395,-0.147077,0.256845,0.00378947
7.396,-0.418285,-0.412006,-0.274982
7.397,0.0484784,-0.42552,0.210868
7.398,0.0563597,0.0294432,0.160741
7.399,-0.0944963,0.597528,0.214892
7.4,-0.209497,0.196532,-0.0452628
7.401,-0.401063,-0.781483,-0.189686
7.402,0.0906412,-0.206986,0.147184
7.403,0.0550969,0.216637,0.125128
7.404,-0.180958,0.697863,0.267158
7.405,-0.177729,-0.0116146,-0.105871
7.406,-0.217541,-0.929868,0.165401
7.407,0.108125,-0.0977658,0.187052
7.408,0.0233215,0.232031,0.0970875
7.409,-0.241014,0.640173,0.212533
7.41,-0.261851,-0.20423,-0.183195
7.411,-0.184897,-1.00005,0.445629
7.412,0.107662,0.0767634,0.128214
7.413,-0.0125541,0.341517,0.106146
7.414,-0.34294,0.677019,0.22554
7.415,-0.128982,-0.34274,-0.0998305
7.416,-0.0402343,-0.684172,0.477094
7.417,0.0924136,0.221434,0.135986
7.418,-0.049248,0.34559,0.0871662
7.419,-0.40326,0.50979,0.0919138
7.42,-0.145511,-0.610182,-0.023645
7.421,-0.00298412,-0.4848,0.455107
7.422,0.0560353,0.332744,0.136122
7.423,-0.133451,0.489925,0.134736
7.424,-0.489168,0.34724,-0.0300575
7.425,-0.0285996,-0.486744,0.0671241
7.426,0.0636103,-0.1885,0.275901
7.427,0.00879486,0.466193,0.173372
7.428,-0.136368,0.328722,0.0425554
7.429,-0.418755,-0.177969,-0.244885
7.43,0.00386721,-0.556404,0.223512
7.431,0.0561563,-0.05758,0.206542
7.432,-0.049648,0.531967,0.186501
7.433,-0.230404,0.35181,0.0262988
7.434,-0.461737,-0.516513,-0.294533
7.435,0.0701111,-0.325717,0.173497
7.436,0.0720997,0.1592,0.139114
7.437,-0.129298,0.659055,0.249344
7.438,-0.185264,0.100667,-0.0746399
7.439,-0.341317,-0.893318,-0.0636449
7.44,0.0928572,-0.226385,0.230517
7.441,0.0381584,0.179691,0.106089
7.442,-0.197587,0.652425,0.229653
7.443,-0.261408,-0.0488485,-0.151973
7.444,-0.26551,-1.05921,0.2692
7.445,0.108462,-0.00804491,0.129635
7.446,0.00766242,0.352498,0.123721
7.447,-0.296328,0.717419,0.263851
7.448,-0.176057,-0.266743,-0.139042
7.449,-0.071068,-0.778764,0.426467
7.45,0.105436,0.129479,0.145101
7.451,-0.0215873,0.304327,0.0843561
7.452,-0.345409,0.555916,0.133587
7.453,-0.217256,-0.557941,-0.12255
7.454,-0.0490029,-0.667168,0.531731
7.455,0.0788992,0.263983,0.130131
7.456,-0.0746349,0.390994,0.0984373
7.457,-0.444842,0.480039,0.0650009
7.458,-0.0625495,-0.477539,0.0102508
7.459,0.0559938,-0.296315,0.322462
7.46,0.0407954,0.391544,0.157191
7.461,-0.0984839,0.315338,0.050142
7.462,-0.451269,0.107333,-0.154189
7.463,-0.0213124,-0.549791,0.134891
7.464,0.0568799,-0.145542,0.257222
7.465,-0.0131152,0.478461,0.169104
7.466,-0.196835,0.399128,0.0623152
7.467,-0.504156,-0.219131,-0.284395
7.468,0.0455455,-0.393052,0.155933
7.469,0.0691797,0.0370656,0.166917
7.47,-0.0812503,0.599316,0.220666
7.471,-0.160716,0.164886,-0.0408181
7.472,-0.380946,-0.714041,-0.201807
7.473,0.083381,-0.289219,0.200778
7.474,0.050453,0.128651,0.12326
7.475,-0.15214,0.640472,0.230398
7.476,-0.220061,0.0580949,-0.103081
7.477,-0.316887,-0.98695,0.0571951
7.478,0.104711,-0.0931516,0.137187
7.479,0.0308732,0.284899,0.117019
7.48,-0.245138,0.713706,0.268296
7.481,-0.188422,-0.154411,-0.138912
7.482,-0.137572,-0.899511,0.36379
7.483,0.109783,0.0316835,0.163264
7.484,-0.0023353,0.298654,0.0954982
7.485,-0.315016,0.648272,0.206895
7.486,-0.193769,-0.379262,-0.14453
7.487,-0.100389,-0.830492,0.548683
7.488,0.0933645,0.184645,0.122216
7.489,-0.0623834,0.450733,0.136102
7.49,-0.405521,0.592238,0.151992
7.491,-0.0941288,-0.438274,-0.0443591
7.492,0.033136,-0.430636,0.377489
7.493,0.0663599,0.327256,0.146127
7.494,-0.0803312,0.3431,0.0714076
7.495,-0.447455,0.329548,-0.0339997
7.496,-0.101099,-0.694226,0.11241
7.497,0.0384023,-0.275972,0.334959
7.498,0.0199235,0.432791,0.160735
7.499,-0.165826,0.436252,0.092761
7.5,-0.509739,0.0559156,-0.191438
7.501,0.0146781,-0.454312,0.129322
7.502,0.0673782,-0.0601635,0.211104
7.503,-0.0396197,0.545523,0.199976
7.504,-0.148337,0.23431,-0.0068889
7.505,-0.386683,-0.497328,-0.255267
7.506,0.0505695,-0.432711,0.245457
7.507,0.0554694,0.0516876,0.15044
7.508,-0.107478,0.611017,0.220552
7.509,-0.217521,0.173748,-0.0578725
7.51,-0.39477,-0.842007,-0.153045
7.511,0.0957641,-0.201654,0.165419
7.512,0.0518897,0.252016,0.126721
7.513,-0.194541,0.704112,0.269447
7.514,-0.172478,-0.0412554,-0.110548
7.515,-0.224419,-0.96976,0.212221
7.516,0.111693,-0.05051,0.156253
7.517,0.01838,0.264821,0.100839
7.518,-0.256164,0.63835,0.20856
7.519,-0.270977,-0.254076,-0.193114
7.52,-0.155424,-0.953207,0.476609
7.521,0.10673,0.104279,0.130314
7.522,-0.0298164,0.414194,0.13108
7.523,-0.357547,0.660669,0.210803
7.524,-0.121343,-0.368813,-0.0890763
7.525,-0.0189582,-0.619275,0.456362
7.526,0.0870689,0.246525,0.13636
7.527,-0.0596376,0.361491,0.0898975
7.528,-0.386984,0.399526,0.0203979
7.529,-0.119211,-0.60117,0.00502013
7.53,0.0118383,-0.422643,0.41962
7.531,0.0486213,0.36853,0.147335
7.532,-0.145366,0.485734,0.128679
7.533,-0.496933,0.275904,-0.0748454
7.534,-0.0150246,-0.473803,0.0823041
7.535,0.0759232,-0.125739,0.240956
7.536,-0.00255178,0.483638,0.179356
7.537,-0.128855,0.278414,0.020605
7.538,-0.429438,-0.244415,-0.262702
7.539,0.0186417,-0.520638,0.227743
7.54,0.0593252,-0.0205058,0.187565
7.541,-0.0654284,0.567782,0.20399
7.542,-0.213442,0.281121,-0.00650542
7.543,-0.455977,-0.607258,-0.281023
7.544,0.0783605,-0.278932,0.158971
7.545,0.0612811,0.143146,0.132181
7.546,-0.143561,0.666698,0.251699
7.547,-0.192963,0.0758236,-0.0863564
7.548,-0.281433,-0.90678,0.0254938
7.549,0.102124,-0.171584,0.198677
7.55,0.0349366,0.201512,0.104138
7.551,-0.213604,0.666155,0.23691
7.552,-0.216503,-0.104155,-0.144999
7.553,-0.22418,-1.02555,0.326487
7.554,0.108532,0.017786,0.12799
7.555,-0.00129369,0.378846,0.129504
7.556,-0.312788,0.71408,0.258986
7.557,-0.165144,-0.297264,-0.131088
7.558,-0.0746811,-0.784673,0.467032
7.559,0.102259,0.159434,0.134518
7.56,-0.032347,0.338894,0.0931047
7.561,-0.358618,0.533323,0.115356
7.562,-0.198923,-0.586425,-0.0944268
7.563,-0.0247088,-0.593208,0.493521
7.564,0.073433,0.286996,0.133246
7.565,-0.0874721,0.410071,0.103556
7.566,-0.465482,0.466274,0.0525082
7.567,-0.0499426,-0.468776,0.0230503
7.568,0.0494434,-0.286767,0.328477
7.569,0.0319651,0.419034,0.161694
7.57,-0.112594,0.332207,0.0529591
7.571,-0.471922,0.0833902,-0.170122
7.572,-0.0403367,-0.654304,0.218192
7.573,0.0524559,-0.129487,0.248419
7.574,-0.0224484,0.496416,0.175535
7.575,-0.220892,0.423586,0.0705315
7.576,-0.499404,-0.294211,-0.298018
7.577,0.0526959,-0.374841,0.160647
7.578,0.069221,0.0625425,0.157715
7.579,-0.0940423,0.619074,0.23029
7.58,-0.185569,0.176891,-0.0453096
7.581,-0.329425,-0.757162,-0.138782
7.582,0.0827862,-0.29673,0.233212
7.583,0.0478216,0.141039,0.118622
7.584,-0.159796,0.632722,0.223093
7.585,-0.289391,0.0911915,-0.115673
7.586,-0.326216,-1.03072,0.0946283
7.587,0.107945,-0.0792713,0.144745
7.588,0.0264242,0.269621,0.109168
7.589,-0.253819,0.707279,0.261943
7.59,-0.162752,-0.174782,-0.126692
7.591,-0.134046,-0.901866,0.397838
7.592,0.110936,0.0686109,0.142077
7.593,-0.00830014,0.314108,0.0973561
7.594,-0.31108,0.588892,0.162945
7.595,-0.202845,-0.428286,-0.14408
7.596,-0.0745096,-0.764208,0.532294
7.597,0.0918682,0.211174,0.128947
7.598,-0.0691534,0.447305,0.131451
7.599,-0.421005,0.576213,0.137959
7.6,-0.103085,-0.49722,-0.0309431
7.601,0.0410875,-0.390225,0.361661
7.602,0.0595745,0.348226,0.149614
7.603,-0.0897626,0.350594,0.0712256
7.604,-0.45314,0.276783,-0.0663368
7.605,-0.0849297,-0.685404,0.137053
7.606,0.0466973,-0.232723,0.307902
7.607,0.0106557,0.435428,0.156756
7.608,-0.162029,0.394575,0.0696743
7.609,-0.504048,-0.0355376,-0.227722
7.61,0.0257677,-0.425715,0.131297
7.611,0.0764902,-0.00773819,0.188335
7.612,-0.0518223,0.566428,0.207939
7.613,-0.172808,0.253738,-0.00676481
7.614,-0.375441,-0.564487,-0.239326
7.615,0.0592914,-0.401471,0.24448
7.616,0.0541312,0.0729599,0.141227
7.617,-0.120669,0.622994,0.225463
7.618,-0.222634,0.145494,-0.0714287
7.619,-0.382545,-0.898538,-0.105065
7.62,0.0995801,-0.172351,0.159909
7.621,0.0457614,0.253432,0.122019
7.622,-0.209544,0.714191,0.274563
7.623,-0.188885,-0.0673821,-0.124237
7.624,-0.222951,-0.994597,0.261834
7.625,0.110205,-0.0413174,0.17675
7.626,0.0130823,0.277807,0.100266
7.627,-0.266948,0.626927,0.198224
7.628,-0.225373,-0.290815,-0.169683
7.629,-0.137028,-0.919453,0.504186
7.63,0.104638,0.129437,0.130479
7.631,-0.0409641,0.43589,0.137159
7.632,-0.383714,0.672508,0.216993
7.633,-0.121753,-0.408962,-0.0805801
7.634,-0.0191326,-0.602468,0.471312
7.635,0.0812281,0.266668,0.142959
7.636,-0.0673965,0.364636,0.0879209
7.637,-0.395421,0.359841,-0.00597588
7.638,-0.110448,-0.621824,0.0317888
7.639,0.0221587,-0.374145,0.391535
7.64,0.0403507,0.38711,0.150196
7.641,-0.147931,0.461798,0.11325
7.642,-0.492127,0.199159,-0.117155
7.643,-0.0143703,-0.510999,0.113411
7.644,0.0800163,-0.0887356,0.223303
7.645,-0.0139575,0.510113,0.188755
7.646,-0.136566,0.272411,0.0149007
7.647,-0.406447,-0.327801,-0.264678
7.648,0.0305271,-0.487177,0.226218
7.649,0.061419,0.0092336,0.173978
7.65,-0.0779261,0.586005,0.212064
7.651,-0.251991,0.311619,-0.00154298
7.652,-0.425842,-0.68546,-0.244104
7.653,0.0837144,-0.243086,0.148637
7.654,0.061154,0.186949,0.129226
7.655,-0.159473,0.682064,0.259512
7.656,-0.172466,0.028127,-0.0926444
7.657,-0.278898,-0.949519,0.0751599
7.658,0.107439,-0.120383,0.169545
7.659,0.0311889,0.235748,0.105592
7.66,-0.222966,0.640979,0.216375
7.661,-0.25358,-0.147042,-0.170489
7.662,-0.211913,-1.02975,0.39122
7.663,0.109078,0.0456225,0.129793
7.664,-0.00426504,0.334592,0.108526
7.665,-0.326039,0.694918,0.241923
7.666,-0.146991,-0.321096,-0.116413
7.667,-0.0616032,-0.74773,0.481096
7.668,0.0983749,0.188326,0.136411
7.669,-0.0368737,0.323619,0.0835201
7.67,-0.371387,0.506659,0.0945641
7.671,-0.178223,-0.605906,-0.0639873
7.672,-0.00986719,-0.536804,0.468767
7.673,0.0654566,0.303272,0.131624
7.674,-0.118556,0.487141,0.137538
7.675,-0.478311,0.422084,0.0204134
7.676,-0.0476877,-0.508676,0.0501548
7.677,0.0514625,-0.25329,0.313643
7.678,0.0220781,0.439973,0.168294
7.679,-0.121705,0.32898,0.0479374
7.68,-0.467467,-0.00269427,-0.205283
7.681,-0.0249142,-0.629065,0.233091
7.682,0.0575868,-0.0913802,0.226488
7.683,-0.0354521,0.533277,0.192777
7.684,-0.228853,0.400038,0.0544556
7.685,-0.485362,-0.394017,-0.304721
7.686,0.0617165,-0.332251,0.149236
7.687,0.0766459,0.126695,0.146374
7.688,-0.10952,0.639732,0.240355
7.689,-0.177324,0.133695,-0.059382
7.69,-0.364051,-0.822396,-0.13554
7.691,0.0863815,-0.272111,0.238222
7.692,0.0455111,0.167793,0.114272
7.693,-0.183165,0.675115,0.249423
7.694,-0.288809,0.0366359,-0.135797
7.695,-0.298314,-1.05054,0.174834
7.696,0.107812,-0.0450026,0.133646
7.697,0.017705,0.342523,0.126379
7.698,-0.274246,0.719229,0.268373
7.699,-0.185572,-0.219109,-0.143453
7.7,-0.0938786,-0.826034,0.403089
7.701,0.109129,0.0948759,0.145764
7.702,-0.0148882,0.314185,0.0929315
7.703,-0.345726,0.634414,0.191964
7.704,-0.224192,-0.500026,-0.145572
7.705,-0.053942,-0.704139,0.518093
7.706,0.0843798,0.228649,0.123567
7.707,-0.0727935,0.425942,0.118079
7.708,-0.433327,0.536327,0.106829
7.709,-0.0875165,-0.502236,-0.00975451
7.71,0.0440276,-0.357093,0.353749
7.711,0.0514536,0.367198,0.153229
7.712,-0.101435,0.362268,0.0726163
7.713,-0.418542,0.134729,-0.133429
7.714,-0.047357,-0.603766,0.13079
7.715,0.0455145,-0.204634,0.293607
7.716,0.000387218,0.467577,0.169376
7.717,-0.159428,0.358401,0.0504782
7.718,-0.486095,-0.138406,-0.25715
7.719,0.0364783,-0.392875,0.130231
7.72,0.0738964,0.015294,0.17795
7.721,-0.065863,0.586184,0.216174
7.722,-0.17267,0.221437,-0.0214839
7.723,-0.390709,-0.624901,-0.236481
7.724,0.0749991,-0.322695,0.195465
7.725,0.0573035,0.116096,0.1328
7.726,-0.130164,0.608643,0.213004
7.727,-0.23741,0.120782,-0.0864916
7.728,-0.362878,-0.955069,-0.038114
7.729,0.102473,-0.133193,0.146913
7.73,0.0389494,0.257404,0.117041
7.731,-0.224482,0.711227,0.269678
7.732,-0.197527,-0.103991,-0.135728
7.733,-0.155904,-0.911634,0.30882
7.734,0.111523,-0.00228786,0.16579
7.735,0.00676068,0.265192,0.0908451
7.736,-0.283854,0.62237,0.192049
7.737,-0.254191,-0.354223,-0.186382
7.738,-0.109064,-0.859649,0.512087
7.739,0.0978636,0.152927,0.121047
7.74,-0.041634,0.394614,0.115269
7.741,-0.396349,0.64305,0.192232
7.742,-0.109908,-0.425138,-0.0648426
7.743,0.00579732,-0.52388,0.429909
7.744,0.0751806,0.294445,0.139914
7.745,-0.0759483,0.367202,0.0854823
7.746,-0.404407,0.314408,-0.0350052
7.747,-0.107009,-0.657676,0.0660459
7.748,0.0220129,-0.345941,0.381395
7.749,0.0313664,0.404687,0.152906
7.75,-0.132722,0.387447,0.0749585
7.751,-0.486578,0.109659,-0.16134
7.752,0.00676615,-0.442062,0.101503
7.753,0.071251,-0.0820946,0.222179
7.754,-0.0264105,0.530724,0.195134
7.755,-0.145654,0.262383,0.00687475
7.756,-0.425436,-0.384107,-0.277404
7.757,0.0480431,-0.418438,0.196693
7.758,0.0633582,0.0427659,0.160753
7.759,-0.0879806,0.574789,0.201486
7.76,-0.243463,0.254671,-0.0286552
7.761,-0.433034,-0.760282,-0.22385
7.762,0.0897702,-0.223957,0.156639
7.763,0.0538253,0.185046,0.122658
7.764,-0.174326,0.689006,0.261798
7.765,-0.194643,0.00952657,-0.10774
7.766,-0.241329,-0.949207,0.143001
7.767,0.109087,-0.0997647,0.178053
7.768,0.0253392,0.240212,0.100892
7.769,-0.249973,0.687765,0.247226
7.77,-0.280025,-0.187665,-0.189587
7.771,-0.191178,-1.00861,0.436722
7.772,0.107248,0.0707762,0.126303
7.773,-0.0162487,0.38587,0.124204
7.774,-0.347893,0.707633,0.249407
7.775,-0.147643,-0.358147,-0.112547
7.776,-0.0523578,-0.716373,0.491104
7.777,0.0937178,0.208712,0.141928
7.778,-0.045021,0.335874,0.0847293
7.779,-0.403572,0.535605,0.110341
7.78,-0.177949,-0.654405,-0.0368842
7.781,-0.0089963,-0.505809,0.468133
7.782,0.0583892,0.329602,0.136791
7.783,-0.113351,0.434039,0.107685
7.784,-0.475908,0.339326,-0.0328606
7.785,-0.0391244,-0.519574,0.0721396
7.786,0.0717206,-0.175981,0.264629
7.787,0.0122148,0.4557,0.171631
7.788,-0.118977,0.29211,0.0308562
7.789,-0.454641,-0.107785,-0.238112
7.79,0.0117483,-0.511608,0.184026
7.791,0.0576497,-0.0615437,0.209386
7.792,-0.0475108,0.540438,0.192633
7.793,-0.186654,0.281807,0.00217619
7.794,-0.458198,-0.500127,-0.293611
7.795,0.0695754,-0.30613,0.151789
7.796,0.0730497,0.152719,0.140413
7.797,-0.125286,0.655348,0.247622
7.798,-0.184513,0.108429,-0.0715575
7.799,-0.347122,-0.880714,-0.0797627
7.8,0.0914479,-0.236246,0.233154
7.801,0.0392426,0.175336,0.107198
7.802,-0.193464,0.650756,0.229223
7.803,-0.265582,-0.0339066,-0.149534
7.804,-0.274904,-1.0622,0.249528
7.805,0.110501,-0.0182772,0.138476
7.806,0.0120725,0.308149,0.109765
7.807,-0.292216,0.716797,0.263911
7.808,-0.179951,-0.260352,-0.141491
7.809,-0.0742308,-0.78589,0.423348
7.81,0.106147,0.124853,0.14472
7.811,-0.0215058,0.312832,0.0880333
7.812,-0.354545,0.594862,0.160806
7.813,-0.157041,-0.465737,-0.0975926
7.814,-0.0362786,-0.644413,0.50341
7.815,0.0783912,0.254493,0.125604
7.816,-0.0856999,0.439756,0.120791
7.817,-0.449997,0.503613,0.0809735
7.818,-0.0745402,-0.509487,0.0110532
7.819,0.0484676,-0.31871,0.339163
7.82,0.0421764,0.395685,0.157197
7.821,-0.0973755,0.317183,0.0514918
7.822,-0.443209,0.106207,-0.152753
7.823,-0.0259533,-0.561306,0.135793
7.824,0.0537018,-0.158737,0.265239
7.825,-0.0107265,0.484692,0.173874
7.826,-0.164782,0.338377,0.0380931
7.827,-0.482554,-0.226947,-0.278773
7.828,0.0454346,-0.373467,0.137421
7.829,0.0762167,0.0545264,0.16446
7.83,-0.0798313,0.604955,0.224453
7.831,-0.162659,0.176196,-0.0370351
7.832,-0.344394,-0.694256,-0.180349
7.833,0.0795826,-0.311772,0.215198
7.834,0.0518977,0.125988,0.125292
7.835,-0.151455,0.654,0.240397
7.836,-0.285563,0.133095,-0.0973248
7.837,-0.348486,-0.999135,0.0235082
7.838,0.105469,-0.105932,0.145566
7.839,0.0324695,0.257169,0.11134
7.84,-0.238263,0.707771,0.264785
7.841,-0.168202,-0.140635,-0.126072
7.842,-0.13833,-0.896172,0.348402
7.843,0.109797,0.0216974,0.165621
7.844,8.08199e-05,0.287604,0.093184
7.845,-0.315611,0.669002,0.222857
7.846,-0.256143,-0.409031,-0.184072
7.847,-0.105643,-0.844002,0.548762
7.848,0.0950663,0.180892,0.124001
7.849,-0.0541071,0.420177,0.122835
7.85,-0.408568,0.613454,0.167793
7.851,-0.111942,-0.47149,-0.0513606
7.852,0.0262341,-0.452372,0.391932
7.853,0.0678297,0.312183,0.146143
7.854,-0.0738686,0.326,0.0658692
7.855,-0.434119,0.313236,-0.0413935
7.856,-0.0639013,-0.570603,0.0677952
7.857,0.0403425,-0.278009,0.334263
7.858,0.0212054,0.414321,0.15147
7.859,-0.152157,0.405011,0.0785967
7.86,-0.503636,0.0528336,-0.191366
7.861,0.0147461,-0.445539,0.121782
7.862,0.0738434,-0.0471279,0.205488
7.863,-0.0380576,0.546295,0.200111
7.864,-0.166097,0.274109,0.00521668
7.865,-0.387257,-0.487487,-0.256452
7.866,0.0513284,-0.427456,0.23638
7.867,0.0583251,0.0581391,0.150626
7.868,-0.106606,0.616202,0.2244
7.869,-0.266096,0.246224,-0.0393508
7.87,-0.391751,-0.831909,-0.155986
7.871,0.0943467,-0.190923,0.150095
7.872,0.0525306,0.243228,0.125915
7.873,-0.187052,0.687314,0.258049
7.874,-0.173093,-0.0367327,-0.10981
7.875,-0.219741,-0.958644,0.205143
7.876,0.111442,-0.0615078,0.166719
7.877,0.0190844,0.240407,0.0949005
7.878,-0.251644,0.634153,0.206201
7.879,-0.234657,-0.242454,-0.172889
7.88,-0.158302,-0.958003,0.472354
7.881,0.107038,0.100707,0.130506
7.882,-0.0285603,0.412592,0.130887
7.883,-0.355575,0.662915,0.212817
7.884,-0.122392,-0.365485,-0.090604
7.885,-0.0215857,-0.627635,0.459221
7.886,0.0877282,0.242988,0.135801
7.887,-0.0588388,0.362042,0.0905486
7.888,-0.386975,0.406816,0.0250577
7.889,-0.132546,-0.62676,0.0036174
7.89,0.00655252,-0.437865,0.431294
7.891,0.0485888,0.351913,0.138927
7.892,-0.140485,0.47824,0.125458
7.893,-0.48032,0.259754,-0.0812286
7.894,-0.0175816,-0.475632,0.078908
7.895,0.0751102,-0.134553,0.245171
7.896,2.22083e-05,0.478975,0.178008
7.897,-0.127054,0.280645,0.022337
7.898,-0.436956,-0.218112,-0.260436
7.899,0.0245693,-0.484984,0.194121
7.9,0.0587134,-0.0284744,0.191476
7.901,-0.0615141,0.557436,0.198555
7.902,-0.195513,0.259938,-0.0113647
7.903,-0.439906,-0.596265,-0.273392
7.904,0.0771613,-0.272464,0.149044
7.905,0.0659761,0.16436,0.134109
7.906,-0.142577,0.670594,0.25469
7.907,-0.185507,0.0727721,-0.0843471
7.908,-0.326246,-0.931852,-0.0124643
7.909,0.0977858,-0.191456,0.219079
7.91,0.0349242,0.197106,0.103667
7.911,-0.206344,0.641847,0.220139
7.912,-0.268968,-0.0853374,-0.164399
7.913,-0.241925,-1.04984,0.322281
7.914,0.109137,0.0130976,0.130077
7.915,0.000928802,0.368716,0.126361
7.916,-0.304416,0.700192,0.248994
7.917,-0.146098,-0.273796,-0.118828
7.918,-0.0819971,-0.80147,0.473786
7.919,0.102961,0.156592,0.13688
7.92,-0.0291458,0.322795,0.0876621
7.921,-0.374655,0.590347,0.154626
7.922,-0.198107,-0.578351,-0.0969976
7.923,-0.0228049,-0.592666,0.488249
7.924,0.0723588,0.276777,0.127573
7.925,-0.0903875,0.423304,0.109771
7.926,-0.462645,0.46286,0.0505255
7.927,-0.0566469,-0.492323,0.0265042
7.928,0.0446091,-0.300886,0.339045
7.929,0.0330824,0.415825,0.162641
7.93,-0.108119,0.322817,0.0499822
7.931,-0.442768,0.038756,-0.182033
7.932,-0.0172811,-0.56141,0.158092
7.933,0.0500253,-0.140615,0.255122
7.934,-0.0206397,0.496346,0.176281
7.935,-0.200129,0.38495,0.0532433
7.936,-0.49777,-0.278289,-0.294594
7.937,0.052319,-0.355231,0.141046
7.938,0.0737977,0.0723544,0.157503
7.939,-0.0906696,0.613665,0.227155
7.94,-0.185168,0.182417,-0.0428522
7.941,-0.331095,-0.746652,-0.145656
7.942,0.0835985,-0.293408,0.223912
7.943,0.0485714,0.140088,0.119582
7.944,-0.160542,0.643885,0.231009
7.945,-0.225042,0.0389916,-0.111352
7.946,-0.307673,-1.00617,0.0951682
7.947,0.106443,-0.0799369,0.138747
7.948,0.0271132,0.322119,0.125569
7.949,-0.254715,0.720991,0.272646
7.95,-0.182093,-0.170253,-0.13732
7.951,-0.155682,-0.940058,0.397961
7.952,0.11122,0.0546943,0.152329
7.953,-0.00534111,0.298297,0.0931526
7.954,-0.328678,0.663158,0.216509
7.955,-0.244081,-0.446277,-0.171256
7.956,-0.0881864,-0.797957,0.54637
7.957,0.0911388,0.197451,0.122689
7.958,-0.0684062,0.458035,0.13783
7.959,-0.417447,0.589058,0.148089
7.96,-0.107264,-0.492671,-0.0377248
7.961,0.0374427,-0.407159,0.369394
7.962,0.0622511,0.338661,0.148799
7.963,-0.0796904,0.325663,0.063106
7.964,-0.433162,0.257918,-0.0731383
7.965,-0.057262,-0.580346,0.0877968
7.966,0.0428222,-0.251507,0.319826
7.967,0.0145659,0.436222,0.1594
7.968,-0.153764,0.388561,0.06882
7.969,-0.510073,0.0133791,-0.209843
7.97,0.0202488,-0.443796,0.13361
7.971,0.0678959,-0.0441742,0.203142
7.972,-0.0462299,0.55542,0.203694
7.973,-0.153386,0.229212,-0.0110302
7.974,-0.385865,-0.531144,-0.250979
7.975,0.0481639,-0.445214,0.272525
7.976,0.0548842,0.0638992,0.145194
7.977,-0.113828,0.61315,0.220338
7.978,-0.211961,0.149001,-0.0662505
7.979,-0.377823,-0.872252,-0.118125
7.98,0.0969877,-0.170421,0.146869
7.981,0.0489902,0.264976,0.126732
7.982,-0.204092,0.710874,0.27292
7.983,-0.179054,-0.0584016,-0.117539
7.984,-0.203871,-0.956085,0.242456
7.985,0.112085,-0.0418051,0.165076
7.986,0.0152633,0.258893,0.0963588
7.987,-0.277686,0.685605,0.241265
7.988,-0.2745,-0.281282,-0.196925
7.989,-0.156879,-0.958065,0.507005
7.99,0.104508,0.119747,0.127403
7.991,-0.0262173,0.362887,0.107763
7.992,-0.36784,0.65329,0.203725
7.993,-0.117488,-0.384542,-0.0824492
7.994,-0.00104124,-0.566866,0.428597
7.995,0.0831441,0.252301,0.142912
7.996,-0.0565294,0.326073,0.0741631
7.997,-0.403951,0.404698,0.0207193
7.998,-0.120506,-0.627804,0.0212678
7.999,0.015996,-0.39955,0.407567
8,0.0443912,0.37891,0.149147
8.001,-0.151814,0.488061,0.12831
8.002,-0.500093,0.242515,-0.0947131
8.003,-0.00998006,-0.472037,0.0905665
8.004,0.0741722,-0.115643,0.237299
8.005,-0.00929015,0.503891,0.186851
8.006,-0.142143,0.29542,0.023889
8.007,-0.462885,-0.235368,-0.273537
8.008,0.0122732,-0.555053,0.271814
8.009,0.0570323,-0.0115504,0.181449
8.01,-0.0713227,0.564032,0.199584
8.011,-0.236251,0.299044,-0.00392096
8.012,-0.456782,-0.646397,-0.274042
8.013,0.081875,-0.269921,0.164777
8.014,0.0591815,0.155285,0.128957
8.015,-0.152147,0.672229,0.25388
8.016,-0.19922,0.0612649,-0.0937562
8.017,-0.251364,-0.906082,0.0712882
8.018,0.104544,-0.148757,0.193801
8.019,0.0316956,0.211155,0.101892
8.02,-0.222069,0.660843,0.231378
8.021,-0.232381,-0.129815,-0.157397
8.022,-0.229756,-1.04926,0.367881
8.023,0.109768,0.0339928,0.131769
8.024,-0.00055189,0.322373,0.106049
8.025,-0.319573,0.697254,0.244628
8.026,-0.146144,-0.305567,-0.117099
8.027,-0.0469331,-0.71693,0.444603
8.028,0.0984895,0.167204,0.145467
8.029,-0.032876,0.312374,0.0807929
8.03,-0.379616,0.54854,0.123125
8.031,-0.138098,-0.518519,-0.0606728
8.032,-0.0134592,-0.550685,0.475221
8.033,0.0674636,0.299509,0.132026
8.034,-0.109252,0.464164,0.126669
8.035,-0.467252,0.420333,0.0208577
8.036,-0.0568689,-0.526851,0.0476136
8.037,0.0682628,-0.222479,0.285004
8.038,0.0248938,0.436638,0.16696
8.039,-0.114251,0.315701,0.0441047
8.04,-0.439264,-0.0310304,-0.207937
8.041,-0.0132896,-0.576637,0.189932
8.042,0.0580296,-0.0982082,0.230462
8.043,-0.0318965,0.524826,0.188913
8.044,-0.216523,0.386034,0.0494484
8.045,-0.47881,-0.372512,-0.300165
8.046,0.0570178,-0.371173,0.172309
8.047,0.0774691,0.119759,0.148103
8.048,-0.105459,0.635296,0.238273
8.049,-0.172484,0.136377,-0.0564728
8.05,-0.333908,-0.798939,-0.11997
8.051,0.0894305,-0.261259,0.215629
8.052,0.0464725,0.161054,0.115555
8.053,-0.178456,0.672814,0.24863
8.054,-0.288121,0.0510469,-0.130419
8.055,-0.304719,-1.04459,0.152803
8.056,0.107113,-0.0531075,0.133178
8.057,0.0210919,0.305704,0.115718
8.058,-0.269169,0.71629,0.266723
8.059,-0.184878,-0.209407,-0.142413
8.06,-0.0992309,-0.836019,0.397999
8.061,0.109525,0.0860507,0.148161
8.062,-0.0126506,0.308429,0.0920468
8.063,-0.344458,0.647891,0.202524
8.064,-0.232834,-0.494718,-0.153653
8.065,-0.0698327,-0.742095,0.542945
8.066,0.0859742,0.222694,0.123631
8.067,-0.0772293,0.455684,0.133077
8.068,-0.42545,0.540623,0.111013
8.069,-0.0768892,-0.455907,-0.0180405
8.07,0.0432261,-0.367688,0.356398
8.071,0.0540651,0.355252,0.151154
8.072,-0.0874318,0.322759,0.0583475
8.073,-0.440092,0.197632,-0.107167
8.074,-0.0414049,-0.566756,0.10687
8.075,0.0507465,-0.203694,0.290749
8.076,0.00337944,0.450239,0.161056
8.077,-0.185081,0.427212,0.0820295
8.078,-0.505652,-0.0860248,-0.246334
8.079,0.0333817,-0.3996,0.128033
8.08,0.0750062,0.00857013,0.181109
8.081,-0.0608772,0.577563,0.212072
8.082,-0.17421,0.233893,-0.0164221
8.083,-0.367527,-0.611872,-0.223914
8.084,0.063153,-0.387356,0.252088
8.085,0.057028,0.103849,0.135241
8.086,-0.12913,0.626329,0.225697
8.087,-0.214943,0.113545,-0.0812563
8.088,-0.356504,-0.928323,-0.0532961
8.089,0.101027,-0.141914,0.145842
8.09,0.0420529,0.275768,0.123601
8.091,-0.214937,0.699997,0.262649
8.092,-0.169559,-0.0937159,-0.11965
8.093,-0.196574,-0.97298,0.30049
8.094,0.112837,-0.00374478,0.15302
8.095,0.008833,0.270529,0.094347
8.096,-0.292364,0.673253,0.229476
8.097,-0.243742,-0.330329,-0.180643
8.098,-0.133897,-0.912162,0.528342
8.099,0.0995659,0.14215,0.121568
8.1,-0.0429762,0.422047,0.128866
8.101,-0.389123,0.655803,0.203116
8.102,-0.111695,-0.407741,-0.0714681
8.103,0.0140575,-0.514458,0.407023
8.104,0.078611,0.283797,0.141977
8.105,-0.0684614,0.350845,0.0805115
8.106,-0.433214,0.419225,0.0253473
8.107,-0.130944,-0.69398,0.0578609
8.108,0.0207844,-0.362939,0.389416
8.109,0.0357109,0.385092,0.145702
8.11,-0.160869,0.484366,0.123506
8.111,-0.504949,0.185801,-0.126836
8.112,-0.00344491,-0.47831,0.10879
8.113,0.0638937,-0.117009,0.240667
8.114,-0.0190413,0.51363,0.188984
8.115,-0.139798,0.264503,0.0100127
8.116,-0.401838,-0.369422,-0.265595
8.117,0.0372503,-0.467131,0.225121
8.118,0.061265,0.0238025,0.167188
8.119,-0.0852031,0.593728,0.215046
8.12,-0.252324,0.289756,-0.0132583
8.121,-0.415565,-0.725733,-0.223738
8.122,0.0866094,-0.227759,0.147448
8.123,0.057155,0.186707,0.125741
8.124,-0.167516,0.684275,0.259486
8.125,-0.196403,0.0254897,-0.103842
8.126,-0.237638,-0.928704,0.122784
8.127,0.103423,-0.134416,0.205031
8.128,0.0266146,0.216949,0.0974524
8.129,-0.240848,0.675323,0.239126
8.13,-0.22039,-0.174264,-0.158373
8.131,-0.194909,-1.00967,0.415423
8.132,0.110184,0.0592425,0.134974
8.133,-0.0163006,0.40411,0.132962
8.134,-0.342663,0.708516,0.250751
8.135,-0.136925,-0.331447,-0.107631
8.136,-0.0264452,-0.659419,0.435248
8.137,0.0956035,0.205271,0.138315
8.138,-0.0423354,0.329695,0.0832776
8.139,-0.388547,0.510089,0.0943163
8.14,-0.121306,-0.526741,-0.0385575
8.141,-0.0014806,-0.498633,0.452746
8.142,0.0603666,0.321682,0.134959
8.143,-0.12176,0.471833,0.127227
8.144,-0.46739,0.347124,-0.0265785
8.145,-0.0312693,-0.469426,0.0514713
8.146,0.0594502,-0.214309,0.290283
8.147,0.0145728,0.456603,0.171348
8.148,-0.126742,0.321065,0.0421148
8.149,-0.469636,-0.0556718,-0.225522
8.15,-0.0172126,-0.6203,0.251002
8.151,0.0547539,-0.0758078,0.216698
8.152,-0.0441778,0.532783,0.189046
8.153,-0.198266,0.311415,0.0135989
8.154,-0.483777,-0.45721,-0.306766
8.155,0.0672142,-0.325736,0.161871
8.156,0.0641564,0.0994054,0.142962
8.157,-0.118789,0.639857,0.238277
8.158,-0.173538,0.104736,-0.0684804
8.159,-0.296721,-0.841504,-0.0511876
8.16,0.0934006,-0.233148,0.220431
8.161,0.0418493,0.177126,0.11019
8.162,-0.192386,0.669667,0.24353
8.163,-0.245877,-0.0282461,-0.139988
8.164,-0.268872,-1.04303,0.229431
8.165,0.111218,-0.0317183,0.144949
8.166,0.0113863,0.357189,0.128013
8.167,-0.289972,0.726458,0.271979
8.168,-0.154154,-0.231599,-0.124554
8.169,-0.10505,-0.853221,0.450008
8.17,0.107028,0.119013,0.136891
8.171,-0.0216951,0.33295,0.0967001
8.172,-0.334733,0.553614,0.133609
8.173,-0.18669,-0.498437,-0.114569
8.174,-0.0457556,-0.669706,0.518634
8.175,0.0825311,0.256158,0.13201
8.176,-0.0926217,0.477021,0.139957
8.177,-0.452404,0.52888,0.0989274
8.178,-0.070874,-0.487049,0.00403023
8.179,0.0336829,-0.360075,0.371413
8.18,0.0442752,0.38394,0.155933
8.181,-0.100788,0.334478,0.0586651
8.182,-0.460188,0.160308,-0.130672
8.183,-0.0513807,-0.647254,0.172782
8.184,0.0478133,-0.179064,0.278267
8.185,-0.00705922,0.473819,0.16926
8.186,-0.191511,0.409306,0.0697028
8.187,-0.507005,-0.162693,-0.270671
8.188,0.0396132,-0.409058,0.153749
8.189,0.0708999,0.0242033,0.172976
8.19,-0.0741156,0.597083,0.22122
8.191,-0.168529,0.196862,-0.0306664
8.192,-0.409837,-0.656116,-0.241401
8.193,0.0667046,-0.370806,0.264115
8.194,0.0509096,0.108907,0.127527
8.195,-0.141825,0.629328,0.224768
8.196,-0.241166,0.102439,-0.0949377
8.197,-0.346029,-0.976074,0.00332495
8.198,0.105331,-0.12553,0.156236
8.199,0.0356814,0.303168,0.125851
8.2,-0.237556,0.724447,0.278015
8.201,-0.18369,-0.128976,-0.132825
8.202,-0.189547,-0.982538,0.353208
8.203,0.109307,0.00852405,0.169713
8.204,0.00260863,0.271154,0.0893518
8.205,-0.298718,0.63001,0.195428
8.206,-0.225579,-0.375246,-0.166961
8.207,-0.108682,-0.85389,0.539719
8.208,0.0965056,0.170529,0.123448
8.209,-0.0534272,0.43309,0.130108
8.21,-0.402917,0.627413,0.179265
8.211,-0.112305,-0.452717,-0.0584655
8.212,0.00131772,-0.522053,0.443313
8.213,0.0713945,0.306615,0.145428
8.214,-0.0736433,0.34096,0.0732777
8.215,-0.43435,0.353838,-0.0167495
8.216,-0.0813831,-0.60355,0.0641052
8.217,0.025823,-0.324373,0.368297
8.218,0.0270244,0.410812,0.153251
8.219,-0.138837,0.390399,0.0745818
8.22,-0.496593,0.094,-0.171002
8.221,0.00209365,-0.491509,0.133288
8.222,0.0822356,-0.0403869,0.202402
8.223,-0.0312465,0.538937,0.198811
8.224,-0.141852,0.243957,-0.000143172
8.225,-0.430192,-0.411575,-0.280702
8.226,0.0522052,-0.406284,0.198389
8.227,0.0627673,0.053825,0.156038
8.228,-0.0937204,0.579689,0.203057
8.229,-0.236532,0.226276,-0.040352
8.23,-0.40761,-0.797235,-0.187747
8.231,0.0924553,-0.222059,0.167608
8.232,0.0557274,0.238041,0.127776
8.233,-0.183746,0.698399,0.267082
8.234,-0.172475,-0.0196995,-0.105447
8.235,-0.247814,-0.977389,0.170167
8.236,0.11082,-0.0744343,0.165025
8.237,0.0220925,0.238744,0.0974105
8.238,-0.251667,0.664035,0.228705
8.239,-0.210755,-0.210766,-0.157216
8.24,-0.16356,-0.963445,0.444846
8.241,0.105238,0.0856801,0.122954
8.242,-0.0214927,0.39159,0.124095
8.243,-0.357643,0.699294,0.241513
8.244,-0.137005,-0.367696,-0.102497
8.245,-0.0453226,-0.691938,0.492673
8.246,0.0900673,0.220922,0.142752
8.247,-0.0481468,0.328631,0.0796713
8.248,-0.382422,0.436872,0.0453917
8.249,-0.158329,-0.648982,-0.0158919
8.25,0.0100587,-0.450949,0.427471
8.251,0.0533714,0.338053,0.136296
8.252,-0.128303,0.461305,0.118852
8.253,-0.488865,0.325467,-0.0435949
8.254,-0.0222691,-0.467141,0.0648746
8.255,0.0656863,-0.175247,0.268619
8.256,0.00573142,0.471891,0.174967
8.257,-0.137186,0.322164,0.0389361
8.258,-0.428312,-0.185431,-0.250088
8.259,-0.00175094,-0.583396,0.250787
8.26,0.0623923,-0.0364531,0.197435
8.261,-0.05323,0.540618,0.190663
8.262,-0.23902,0.359936,0.028615
8.263,-0.453024,-0.540511,-0.288062
8.264,0.0728113,-0.295785,0.153773
8.265,0.0702336,0.157449,0.137951
8.266,-0.127997,0.646155,0.240495
8.267,-0.171314,0.0812851,-0.0756137
8.268,-0.297297,-0.879696,-0.0211146
8.269,0.098316,-0.201512,0.207166
8.27,0.0379897,0.182922,0.10604
8.271,-0.195074,0.638646,0.219988
8.272,-0.255804,-0.0572653,-0.151879
8.273,-0.253631,-1.04729,0.278999
8.274,0.11135,-0.00935273,0.140974
8.275,0.00536012,0.36897,0.129166
8.276,-0.302479,0.725748,0.26974
8.277,-0.154069,-0.258467,-0.124642
8.278,-0.0667543,-0.768799,0.426554
8.279,0.105236,0.137619,0.141336
8.28,-0.0252016,0.322505,0.089925
8.281,-0.369686,0.614484,0.173513
8.282,-0.211392,-0.565778,-0.114448
8.283,-0.0416587,-0.645676,0.520625
8.284,0.0765866,0.264881,0.127562
8.285,-0.0998369,0.481898,0.140411
8.286,-0.460096,0.502915,0.0791387
8.287,-0.0656796,-0.498049,0.0169243
8.288,0.0361756,-0.336462,0.361279
8.289,0.0382585,0.398531,0.158605
8.29,-0.1023,0.319626,0.0506992
8.291,-0.421403,0.0366817,-0.177063
8.292,-0.0266312,-0.583335,0.158931
8.293,0.0508106,-0.150886,0.261206
8.294,-0.0155548,0.488975,0.174165
8.295,-0.189493,0.377796,0.0521598
8.296,-0.486962,-0.257037,-0.286625
8.297,0.045912,-0.399763,0.164209
8.298,0.0786276,0.0767867,0.158823
8.299,-0.083027,0.601037,0.221293
8.3,-0.161651,0.16209,-0.0422884
8.301,-0.369695,-0.723957,-0.188997
8.302,0.0850921,-0.275958,0.19046
8.303,0.0524553,0.144503,0.123337
8.304,-0.151899,0.627351,0.221018
8.305,-0.288583,0.115504,-0.105623
8.306,-0.33772,-1.0151,0.0571129
8.307,0.106435,-0.0923795,0.143556
8.308,0.0297819,0.268593,0.111775
8.309,-0.248815,0.719569,0.272415
8.31,-0.186199,-0.157997,-0.13816
8.311,-0.146504,-0.918169,0.374736
8.312,0.111882,0.0493443,0.145155
8.313,-0.00298044,0.297476,0.0945705
8.314,-0.320846,0.660445,0.215472
8.315,-0.245311,-0.425429,-0.175024
8.316,-0.0889294,-0.804957,0.534237
8.317,0.0956652,0.192793,0.129485
8.318,-0.066063,0.461551,0.140758
8.319,-0.419402,0.614456,0.167274
8.32,-0.0960639,-0.452326,-0.0413766
8.321,0.018494,-0.460849,0.410142
8.322,0.0648216,0.329137,0.143867
8.323,-0.0877262,0.365717,0.0798102
8.324,-0.411577,0.233246,-0.0821269
8.325,-0.070418,-0.614174,0.093032
8.326,0.0367071,-0.271149,0.333947
8.327,0.0173754,0.435613,0.160732
8.328,-0.149104,0.385088,0.0683464
8.329,-0.503556,0.0237603,-0.203887
8.33,0.0178442,-0.443523,0.127407
8.331,0.0702197,-0.04683,0.204912
8.332,-0.0425624,0.55427,0.204146
8.333,-0.161036,0.254763,-0.00218957
8.334,-0.430448,-0.476198,-0.280423
8.335,0.0538631,-0.418632,0.235726
8.336,0.0581512,0.0647107,0.148067
8.337,-0.110496,0.621409,0.227002
8.338,-0.274717,0.247578,-0.04108
8.339,-0.408315,-0.855213,-0.157891
8.34,0.0962456,-0.187096,0.15531
8.341,0.0469292,0.203992,0.116727
8.342,-0.193693,0.691878,0.260256
8.343,-0.172198,-0.0490788,-0.112158
8.344,-0.219592,-0.970575,0.226003
8.345,0.111945,-0.0430337,0.154961
8.346,0.0168976,0.267206,0.10024
8.347,-0.261171,0.642154,0.210573
8.348,-0.275985,-0.265803,-0.196654
8.349,-0.163349,-0.969608,0.498249
8.35,0.105382,0.11213,0.128022
8.351,-0.0246619,0.365913,0.110061
8.352,-0.369627,0.676067,0.221486
8.353,-0.131071,-0.395332,-0.0921432
8.354,-0.0346646,-0.652233,0.490799
8.355,0.0850099,0.245901,0.14271
8.356,-0.0554009,0.332027,0.0775575
8.357,-0.392789,0.401696,0.0207448
8.358,-0.151439,-0.680299,0.0153113
8.359,0.00827873,-0.425955,0.425853
8.36,0.046096,0.356778,0.139305
8.361,-0.128222,0.429949,0.10042
8.362,-0.48665,0.244379,-0.091165
8.363,-0.0215482,-0.512536,0.0997204
8.364,0.0786863,-0.113752,0.234452
8.365,-0.00578168,0.497231,0.184736
8.366,-0.133692,0.285128,0.0219822
8.367,-0.425301,-0.258413,-0.263519
8.368,0.0139232,-0.542771,0.249124
8.369,0.0620688,-0.0112913,0.184358
8.37,-0.0663685,0.566183,0.202624
8.371,-0.197686,0.251644,-0.0160481
8.372,-0.43492,-0.624791,-0.265057
8.373,0.0793257,-0.263418,0.149194
8.374,0.0648469,0.173786,0.132636
8.375,-0.147862,0.674963,0.256771
8.376,-0.186736,0.0626745,-0.0881786
8.377,-0.317925,-0.944101,0.0104187
8.378,0.0988681,-0.180451,0.217191
8.379,0.0328495,0.19787,0.101452
8.38,-0.219575,0.669936,0.238692
8.381,-0.216054,-0.118405,-0.147466
8.382,-0.215233,-1.01949,0.345523
8.383,0.108049,0.0273857,0.126374
8.384,-0.0019949,0.358483,0.120126
8.385,-0.319569,0.712863,0.257116
8.386,-0.157136,-0.304975,-0.125067
8.387,-0.0869229,-0.809597,0.498211
8.388,0.0995832,0.16097,0.145763
8.389,-0.0315217,0.314912,0.0827289
8.39,-0.35728,0.506352,0.0966143
8.391,-0.169638,-0.563454,-0.0747071
8.392,-0.0245063,-0.581377,0.496527
8.393,0.0702532,0.295126,0.133131
8.394,-0.0868378,0.394271,0.0952285
8.395,-0.457507,0.415392,0.0190266
8.396,-0.0455931,-0.473531,0.0319331
8.397,0.0624931,-0.243004,0.298443
8.398,0.0280995,0.423365,0.163958
8.399,-0.114971,0.326544,0.0492172
8.4,-0.470743,0.0478712,-0.18547
8.401,-0.0362965,-0.652543,0.230426
8.402,0.0519071,-0.117895,0.241423
8.403,-0.028516,0.50987,0.18108
8.404,-0.192853,0.345872,0.033528
8.405,-0.48669,-0.349124,-0.300993
8.406,0.0564175,-0.363664,0.161836
8.407,0.0682623,0.0726746,0.153764
8.408,-0.0997615,0.623361,0.231692
8.409,-0.187696,0.165259,-0.0508819
8.41,-0.319977,-0.780283,-0.117046
8.411,0.0876165,-0.271464,0.220434
8.412,0.046224,0.150883,0.11588
8.413,-0.167775,0.639236,0.226061
8.414,-0.278803,0.056792,-0.125119
8.415,-0.289444,-1.01389,0.138461
8.416,0.106909,-0.0609358,0.134511
8.417,0.0226399,0.318832,0.121271
8.418,-0.267159,0.727987,0.276392
8.419,-0.163067,-0.187926,-0.127967
8.42,-0.109177,-0.854286,0.391604
8.421,0.108834,0.0672174,0.156215
8.422,-0.0108991,0.319871,0.0979717
8.423,-0.316283,0.584399,0.15883
8.424,-0.210307,-0.452629,-0.145256
8.425,-0.0777425,-0.766159,0.546595
8.426,0.087813,0.212119,0.122563
8.427,-0.0647297,0.415653,0.115798
8.428,-0.427141,0.56701,0.13029
8.429,-0.0987593,-0.50232,-0.0235113
8.43,0.0444316,-0.373064,0.354223
8.431,0.0565897,0.357174,0.150823
8.432,-0.0927401,0.349716,0.0695711
8.433,-0.455392,0.254362,-0.0795526
8.434,-0.0790792,-0.682736,0.147396
8.435,0.048638,-0.217751,0.299146
8.436,0.00692008,0.442514,0.158627
8.437,-0.165414,0.390614,0.0664198
8.438,-0.5035,-0.0671355,-0.239156
8.439,0.0292584,-0.419826,0.134982
8.44,0.0753048,-0.000238814,0.184866
8.441,-0.0565386,0.571619,0.209645
8.442,-0.171171,0.238626,-0.013199
8.443,-0.381338,-0.585967,-0.238992
8.444,0.0570698,-0.411726,0.264891
8.445,0.0565294,0.0914946,0.137953
8.446,-0.126917,0.637687,0.23434
8.447,-0.277465,0.200374,-0.0648129
8.448,-0.380943,-0.919591,-0.0880039
8.449,0.0993243,-0.149185,0.143286
8.45,0.0439847,0.266336,0.123072
8.451,-0.211802,0.705662,0.267575
8.452,-0.198286,-0.075433,-0.130464
8.453,-0.169955,-0.919378,0.274304
8.454,0.112451,-0.0195524,0.162647
8.455,0.0106099,0.274016,0.0969768
8.456,-0.288699,0.678305,0.233944
8.457,-0.259778,-0.319974,-0.190115
8.458,-0.122999,-0.890785,0.501714
8.459,0.100141,0.135906,0.121215
8.46,-0.0365349,0.3947,0.117835
8.461,-0.382609,0.64767,0.197495
8.462,-0.131776,-0.441779,-0.0810868
8.463,0.0133908,-0.517693,0.407545
8.464,0.0790969,0.282033,0.141234
8.465,-0.0648405,0.337953,0.0758356
8.466,-0.416731,0.385224,0.00604284
8.467,-0.0864618,-0.569842,0.031068
8.468,0.0292221,-0.349824,0.37451
8.469,0.0360661,0.38247,0.144622
8.47,-0.149908,0.454009,0.107969
8.471,-0.502642,0.188709,-0.124831
8.472,-0.000292491,-0.452241,0.0948219
8.473,0.0764369,-0.0878115,0.224
8.474,-0.0179952,0.51817,0.191608
8.475,-0.137471,0.264682,0.0109607
8.476,-0.405434,-0.354181,-0.266363
8.477,0.0297149,-0.497868,0.245758
8.478,0.0569664,0.00510517,0.172845
8.479,-0.0800838,0.576276,0.204882
8.48,-0.218163,0.245142,-0.0256713
8.481,-0.443568,-0.702931,-0.25105
8.482,0.0852744,-0.236384,0.149091
8.483,0.0610956,0.201635,0.129333
8.484,-0.161173,0.677212,0.255653
8.485,-0.19755,0.0381345,-0.100476
8.486,-0.238696,-0.916881,0.105883
8.487,0.106487,-0.128043,0.189007
8.488,0.0287348,0.220811,0.100351
8.489,-0.232473,0.665662,0.233185
8.49,-0.215922,-0.157363,-0.153752
8.491,-0.191867,-0.998374,0.391666
8.492,0.107253,0.0524893,0.124815
8.493,-0.010664,0.378352,0.123833
8.494,-0.337261,0.71417,0.25598
8.495,-0.151741,-0.336935,-0.11837
8.496,-0.0669161,-0.756997,0.497995
8.497,0.0957339,0.186371,0.144155
8.498,-0.0377695,0.315774,0.0794509
8.499,-0.388778,0.529562,0.108114
8.5,-0.132857,-0.539856,-0.0456013
8.501,-0.0113534,-0.527937,0.473034
8.502,0.0639969,0.320275,0.137977
8.503,-0.108568,0.438675,0.111983
8.504,-0.470942,0.374551,-0.00976602
8.505,-0.0467021,-0.522045,0.0608875
8.506,0.0697449,-0.198359,0.274977
8.507,0.018355,0.44497,0.169177
8.508,-0.124454,0.324523,0.0446848
8.509,-0.469238,-0.0310056,-0.21652
8.51,-0.0215267,-0.627574,0.245382
8.511,0.0538234,-0.0871947,0.223218
8.512,-0.0408518,0.534201,0.191213
8.513,-0.190434,0.307273,0.0138455
8.514,-0.476149,-0.438492,-0.302886
8.515,0.0637255,-0.346747,0.170816
8.516,0.0738227,0.131878,0.143727
8.517,-0.112448,0.631879,0.234285
8.518,-0.169007,0.110554,-0.0645702
8.519,-0.317687,-0.835724,-0.0794121
8.52,0.0926027,-0.240653,0.217317
8.521,0.0418955,0.16219,0.110296
8.522,-0.185813,0.659206,0.237002
8.523,-0.218845,-0.0291656,-0.128842
8.524,-0.26897,-1.03231,0.210401
8.525,0.108736,-0.033703,0.134476
8.526,0.0147237,0.34315,0.124633
8.527,-0.276968,0.706852,0.258138
8.528,-0.155887,-0.220969,-0.125373
8.529,-0.111373,-0.865662,0.442769
8.53,0.107885,0.109726,0.137421
8.531,-0.0191217,0.329485,0.0967646
8.532,-0.33004,0.559932,0.138896
8.533,-0.182542,-0.476643,-0.117097
8.534,-0.0533588,-0.692828,0.527607
8.535,0.0845758,0.248054,0.131677
8.536,-0.0896359,0.477593,0.141341
8.537,-0.448306,0.540127,0.107693
8.538,-0.0715731,-0.475351,-0.00267709
8.539,0.0455955,-0.341113,0.348497
8.54,0.0474594,0.382301,0.155454
8.541,-0.100831,0.344483,0.0636966
8.542,-0.463916,0.192693,-0.114839
8.543,-0.0682859,-0.689739,0.184587
8.544,0.044489,-0.19237,0.286939
8.545,-0.00519004,0.473414,0.169938
8.546,-0.16759,0.360611,0.0491301
8.547,-0.500365,-0.159189,-0.267605
8.548,0.0388491,-0.402073,0.144701
8.549,0.07139,0.0190177,0.175335
8.55,-0.0713812,0.595241,0.220782
8.551,-0.157043,0.185395,-0.0311188
8.552,-0.394931,-0.650274,-0.232788
8.553,0.0771045,-0.317966,0.202864
8.554,0.0535907,0.112637,0.129669
8.555,-0.141818,0.646542,0.237156
8.556,-0.280683,0.157287,-0.0853728
8.557,-0.354662,-0.966997,-0.0168855
8.558,0.10398,-0.128735,0.151119
8.559,0.0364145,0.244202,0.112147
8.56,-0.22648,0.703141,0.263112
8.561,-0.16804,-0.117991,-0.122814
8.562,-0.176344,-0.954974,0.334896
8.563,0.112519,0.0197304,0.146381
8.564,0.0033627,0.296,0.0987832
8.565,-0.287975,0.61249,0.18404
8.566,-0.215116,-0.356692,-0.161425
8.567,-0.10646,-0.851041,0.528148
8.568,0.0994903,0.168688,0.129326
8.569,-0.0563584,0.453234,0.13998
8.57,-0.405979,0.63908,0.187995
8.571,-0.104436,-0.433733,-0.0566822
8.572,0.0146,-0.491896,0.414662
8.573,0.0720219,0.308071,0.143442
8.574,-0.0712014,0.33179,0.0698891
8.575,-0.405413,0.288205,-0.0503875
8.576,-0.0839544,-0.612254,0.0668409
8.577,0.0289665,-0.317264,0.36214
8.578,0.0270973,0.408904,0.152281
8.579,-0.149551,0.419909,0.0879455
8.58,-0.494686,0.0897572,-0.172546
8.581,0.00352842,-0.48413,0.129741
8.582,0.0813539,-0.0433624,0.203734
8.583,-0.0299346,0.531909,0.195353
8.584,-0.151589,0.26377,0.00537586
8.585,-0.452047,-0.385192,-0.289564
8.586,0.0345093,-0.491253,0.274646
8.587,0.0562587,0.0337211,0.158739
8.588,-0.0966673,0.598947,0.215239
8.589,-0.208114,0.188796,-0.0481823
8.59,-0.399211,-0.793467,-0.182501
8.591,0.0913314,-0.201702,0.146084
8.592,0.0526427,0.204792,0.122168
8.593,-0.183335,0.696323,0.265505
8.594,-0.181247,-0.0158221,-0.108573
8.595,-0.241122,-0.967233,0.169386
8.596,0.110672,-0.0725974,0.159603
8.597,0.0226333,0.253737,0.101628
8.598,-0.247291,0.647744,0.217112
8.599,-0.27875,-0.213819,-0.192691
8.6,-0.182384,-0.998382,0.459631
8.601,0.105205,0.0837953,0.122627
8.602,-0.0180032,0.368236,0.114928
8.603,-0.354815,0.692276,0.236203
8.604,-0.134914,-0.362018,-0.101717
8.605,-0.0341945,-0.667286,0.470367
8.606,0.0911626,0.226022,0.134743
8.607,-0.0525831,0.354578,0.089866
8.608,-0.383126,0.44028,0.0475195
8.609,-0.16506,-0.660124,-0.0172747
8.61,0.000749628,-0.470329,0.446679
8.611,0.0548554,0.342929,0.139928
8.612,-0.106081,0.393969,0.0877829
8.613,-0.473865,0.296764,-0.0584274
8.614,-0.022074,-0.466456,0.0647604
8.615,0.0637651,-0.179558,0.271759
8.616,0.00546298,0.473906,0.176084
8.617,-0.138585,0.325817,0.0403011
8.618,-0.417114,-0.200217,-0.249256
8.619,0.00886589,-0.54312,0.222129
8.62,0.0583852,-0.0440792,0.199853
8.621,-0.0547917,0.550461,0.196394
8.622,-0.190181,0.268978,-0.00526061
8.623,-0.451729,-0.54941,-0.286475
8.624,0.0735184,-0.293115,0.153895
8.625,0.0698009,0.159638,0.137433
8.626,-0.129564,0.647611,0.241158
8.627,-0.171152,0.0780873,-0.0766065
8.628,-0.300776,-0.887448,-0.018925
8.629,0.101104,-0.182597,0.188471
8.63,0.0371648,0.182276,0.105069
8.631,-0.204196,0.665978,0.238515
8.632,-0.217573,-0.0775533,-0.139979
8.633,-0.240094,-1.0322,0.288026
8.634,0.108962,-0.000189937,0.130445
8.635,0.00411422,0.372225,0.12981
8.636,-0.305519,0.726904,0.270276
8.637,-0.166145,-0.274997,-0.132479
8.638,-0.0991452,-0.840431,0.479097
8.639,0.10365,0.135921,0.146798
8.64,-0.0280452,0.338572,0.0954364
8.641,-0.344568,0.531452,0.116257
8.642,-0.166692,-0.510529,-0.0924007
8.643,-0.0385631,-0.635262,0.516414
8.644,0.0760829,0.270643,0.129339
8.645,-0.0876703,0.430116,0.114608
8.646,-0.451991,0.472407,0.0586584
8.647,-0.0702716,-0.519109,0.0225422
8.648,0.0597539,-0.276981,0.312134
8.649,0.0371711,0.404806,0.160208
8.65,-0.113065,0.350042,0.0618874
8.651,-0.42962,0.0433909,-0.17659
8.652,-0.0517305,-0.673278,0.210249
8.653,0.0488946,-0.152575,0.262405
8.654,-0.0167962,0.490154,0.174301
8.655,-0.197933,0.392337,0.0580878
8.656,-0.501398,-0.244957,-0.28926
8.657,0.0490623,-0.371123,0.145609
8.658,0.0787156,0.0787489,0.15832
8.659,-0.0836534,0.601525,0.221438
8.66,-0.162645,0.161859,-0.0427682
8.661,-0.353855,-0.726754,-0.174787
8.662,0.0792888,-0.315144,0.233579
8.663,0.0485944,0.124265,0.121856
8.664,-0.155874,0.646768,0.234134
8.665,-0.221272,0.0516512,-0.105713
8.666,-0.311966,-0.991829,0.0706189
8.667,0.105245,-0.0881006,0.137244
8.668,0.0296075,0.302999,0.12129
8.669,-0.250425,0.724724,0.276259
8.67,-0.164423,-0.153852,-0.125542
8.671,-0.157094,-0.938635,0.383076
8.672,0.111873,0.0503232,0.145873
8.673,-0.00261776,0.287668,0.091134
8.674,-0.313491,0.635345,0.197241
8.675,-0.180248,-0.371221,-0.135648
8.676,-0.0827879,-0.791507,0.525031
8.677,0.0924797,0.189012,0.122126
8.678,-0.0623322,0.442772,0.131672
8.679,-0.41101,0.595121,0.153487
8.68,-0.108312,-0.480282,-0.0440158
8.681,0.032541,-0.427802,0.379437
8.682,0.0649518,0.324853,0.147456
8.683,-0.0854405,0.358901,0.0772361
8.684,-0.42509,0.26794,-0.0658795
8.685,-0.0810628,-0.641654,0.0984716
8.686,0.036523,-0.275981,0.336456
8.687,0.0188793,0.436193,0.161994
8.688,-0.176874,0.461042,0.104722
8.689,-0.490234,0.0125567,-0.205185
8.69,0.0189397,-0.429048,0.11775
8.691,0.0823738,-0.0142202,0.191766
8.692,-0.0413404,0.551849,0.203113
8.693,-0.165499,0.2658,0.00144545
8.694,-0.38631,-0.502207,-0.254586
8.695,0.0503989,-0.434144,0.248901
8.696,0.0558513,0.0544755,0.149707
8.697,-0.10497,0.594683,0.209994
8.698,-0.273833,0.251758,-0.0387303
8.699,-0.411029,-0.846962,-0.165021
8.7,0.0958191,-0.192157,0.157327
8.701,0.0474777,0.201786,0.117111
8.702,-0.191822,0.690953,0.259903
8.703,-0.172305,-0.0452539,-0.111363
8.704,-0.222549,-0.971087,0.219234
8.705,0.111822,-0.0465793,0.155456
8.706,0.0176071,0.265248,0.100284
8.707,-0.260178,0.645365,0.213153
8.708,-0.269952,-0.259345,-0.193013
8.709,-0.152136,-0.947322,0.478491
8.71,0.105979,0.106966,0.128583
8.711,-0.0240893,0.371381,0.112969
8.712,-0.370072,0.688449,0.231329
8.713,-0.132897,-0.392817,-0.0942729
8.714,-0.0366277,-0.659145,0.492187
8.715,0.0857544,0.242265,0.142681
8.716,-0.0540753,0.330143,0.0773281
8.717,-0.388165,0.398853,0.0197569
8.718,-0.126086,-0.619981,0.0079484
8.719,0.0126066,-0.419875,0.417794
8.72,0.0482764,0.36961,0.147598
8.721,-0.145175,0.483519,0.12736
8.722,-0.493688,0.266375,-0.0798421
8.723,-0.0144109,-0.470539,0.081103
8.724,0.0785215,-0.118754,0.236626
8.725,-0.00415645,0.494762,0.183896
8.726,-0.139887,0.303173,0.0284957
8.727,-0.46058,-0.204551,-0.266016
8.728,0.0106755,-0.554023,0.256089
8.729,0.0639424,-0.00790773,0.183692
8.73,-0.0637955,0.547829,0.191584
8.731,-0.217568,0.283828,-0.00637317
8.732,-0.44713,-0.621434,-0.27321
8.733,0.0787662,-0.292879,0.175273
8.734,0.0669268,0.18809,0.13381
8.735,-0.14804,0.67396,0.256016
8.736,-0.17295,0.0511828,-0.0859723
8.737,-0.275164,-0.912106,0.040165
8.738,0.102253,-0.167494,0.201439
8.739,0.033223,0.196237,0.101694
8.74,-0.219403,0.67409,0.241876
8.741,-0.226684,-0.113557,-0.151658
8.742,-0.232334,-1.04396,0.342736
8.743,0.109857,0.0216964,0.132164
8.744,0.00254088,0.320042,0.10729
8.745,-0.310429,0.696141,0.24496
8.746,-0.144697,-0.287718,-0.117207
8.747,-0.0595194,-0.748744,0.453046
8.748,0.101302,0.162329,0.143206
8.749,-0.0296194,0.31021,0.0818074
8.75,-0.370255,0.552411,0.1273
8.751,-0.138584,-0.496905,-0.0696304
8.752,-0.0186121,-0.573363,0.483127
8.753,0.0701119,0.287404,0.129583
8.754,-0.110419,0.483665,0.137998
8.755,-0.470445,0.455802,0.0445495
8.756,-0.0505918,-0.486816,0.0321713
8.757,0.0567948,-0.26177,0.311356
8.758,0.0294416,0.425385,0.163499
8.759,-0.109178,0.315003,0.0457197
8.76,-0.422561,-0.023564,-0.200316
8.761,-0.0197888,-0.588063,0.185042
8.762,0.0567356,-0.113272,0.239008
8.763,-0.0267789,0.518267,0.186985
8.764,-0.221945,0.413877,0.0644287
8.765,-0.491167,-0.327571,-0.300033
8.766,0.0558951,-0.35109,0.147973
8.767,0.0780848,0.105097,0.151438
8.768,-0.0975569,0.624626,0.233114
8.769,-0.171118,0.150838,-0.0503847
8.77,-0.348015,-0.77046,-0.14905
8.771,0.0883902,-0.265307,0.202844
8.772,0.0463311,0.139152,0.117111
8.773,-0.166369,0.649437,0.233803
8.774,-0.219472,0.0212746,-0.114713
8.775,-0.297716,-1.01346,0.12231
8.776,0.106686,-0.0679949,0.135752
8.777,0.0241724,0.32584,0.124765
8.778,-0.257393,0.709561,0.263192
8.779,-0.162747,-0.180218,-0.127161
8.78,-0.123284,-0.881715,0.395733
8.781,0.110307,0.0655857,0.152666
8.782,-0.00685522,0.286415,0.087453
8.783,-0.316685,0.600639,0.170716
8.784,-0.242065,-0.463416,-0.166973
8.785,-0.0845976,-0.785154,0.550817
8.786,0.0899068,0.20816,0.12437
8.787,-0.0691605,0.447278,0.131432
8.788,-0.421078,0.5763,0.138015
8.789,-0.103154,-0.49745,-0.030921
8.79,0.0409852,-0.390418,0.36189
8.791,0.0595745,0.348042,0.149726
8.792,-0.088726,0.34706,0.0698607
8.793,-0.458063,0.28914,-0.060072
8.794,-0.0894649,-0.698852,0.142757
8.795,0.0377075,-0.24916,0.321932
8.796,0.0105041,0.437958,0.15806
8.797,-0.1873,0.458581,0.100456
8.798,-0.500265,-0.0376057,-0.227488
8.799,0.0214054,-0.45606,0.14855
8.8,0.0826338,0.0114769,0.181868
8.801,-0.052154,0.568882,0.209938
8.802,-0.155291,0.223054,-0.0144528
8.803,-0.383173,-0.554901,-0.245832
8.804,0.050932,-0.435085,0.273477
8.805,0.0544962,0.0724668,0.141773
8.806,-0.117334,0.610172,0.217344
8.807,-0.243893,0.175107,-0.0660088
8.808,-0.378113,-0.892479,-0.104687
8.809,0.0994612,-0.176569,0.162904
8.81,0.0468518,0.270819,0.126248
8.811,-0.209637,0.714221,0.274574
8.812,-0.188697,-0.067632,-0.124199
8.813,-0.223652,-0.995751,0.262077
8.814,0.109842,-0.0425378,0.178167
8.815,0.0129608,0.279581,0.100736
8.816,-0.267526,0.627259,0.198375
8.817,-0.230055,-0.293815,-0.172499
8.818,-0.134758,-0.914902,0.502656
8.819,0.104107,0.130102,0.129044
8.82,-0.0383756,0.421122,0.130529
8.821,-0.374882,0.651587,0.201518
8.822,-0.126296,-0.41468,-0.0833192
8.823,-0.0238307,-0.614479,0.479962
8.824,0.0809766,0.262044,0.143137
8.825,-0.0589902,0.325488,0.0726616
8.826,-0.416026,0.409203,0.0215827
8.827,-0.0890719,-0.560552,0.0211423
8.828,0.0241377,-0.370779,0.387854
8.829,0.0396956,0.377613,0.144767
8.83,-0.150565,0.470848,0.118008
8.831,-0.481957,0.181592,-0.124411
8.832,-0.00410758,-0.45616,0.0902199
8.833,0.0759394,-0.0997264,0.229501
8.834,-0.0135696,0.509974,0.188782
8.835,-0.133413,0.266408,0.0132807
8.836,-0.437534,-0.29575,-0.274187
8.837,0.0386406,-0.44115,0.188241
8.838,0.0627938,0.0125444,0.173335
8.839,-0.075296,0.567339,0.200477
8.84,-0.248301,0.306916,-0.00307508
8.841,-0.425025,-0.681962,-0.244558
8.842,0.0834629,-0.243277,0.147901
8.843,0.0594963,0.173887,0.128079
8.844,-0.158587,0.678593,0.257081
8.845,-0.192255,0.042537,-0.0968906
8.846,-0.27702,-0.946476,0.0747418
8.847,0.107355,-0.119973,0.167721
8.848,0.0311354,0.232885,0.104985
8.849,-0.22265,0.642033,0.217214
8.85,-0.262848,-0.142383,-0.173923
8.851,-0.220067,-1.0416,0.389071
8.852,0.108773,0.0445735,0.128782
8.853,-0.00590736,0.355108,0.11623
8.854,-0.327663,0.701254,0.246756
8.855,-0.164399,-0.338708,-0.127595
8.856,-0.0361913,-0.688398,0.43732
8.857,0.0982721,0.188179,0.13996
8.858,-0.0397971,0.338576,0.0888078
8.859,-0.391079,0.555126,0.126291
8.86,-0.179937,-0.615694,-0.0608889
8.861,-0.00617111,-0.525098,0.461536
8.862,0.0639983,0.305942,0.131358
8.863,-0.110189,0.451265,0.11875
8.864,-0.478158,0.409014,0.0116828
8.865,-0.0378096,-0.473198,0.0434679
8.866,0.0648544,-0.217448,0.286822
8.867,0.0208895,0.443367,0.169219
8.868,-0.115878,0.309909,0.0406405
8.869,-0.426232,-0.0781081,-0.219874
8.87,-0.0244918,-0.629372,0.235507
8.871,0.0562386,-0.0922802,0.226776
8.872,-0.0356552,0.52724,0.18889
8.873,-0.190409,0.32168,0.0213426
8.874,-0.489971,-0.390139,-0.306382
8.875,0.0618996,-0.334924,0.152236
8.876,0.0738916,0.115111,0.146795
8.877,-0.108245,0.635869,0.238099
8.878,-0.173655,0.131755,-0.0586763
8.879,-0.336022,-0.811115,-0.11478
8.88,0.0930791,-0.237027,0.194894
8.881,0.0443496,0.155492,0.113423
8.882,-0.171153,0.630574,0.219064
8.883,-0.242966,0.00669003,-0.128607
8.884,-0.294,-1.04064,0.168544
8.885,0.109622,-0.0542061,0.143372
8.886,0.0203147,0.299426,0.113063
8.887,-0.275185,0.72865,0.275769
8.888,-0.162745,-0.204811,-0.128901
8.889,-0.0967762,-0.831306,0.399159
8.89,0.109525,0.0906813,0.145435
8.891,-0.0132911,0.308448,0.0916178
8.892,-0.345935,0.646176,0.200999
8.893,-0.231844,-0.499296,-0.151807
8.894,-0.068436,-0.737258,0.542786
8.895,0.0853093,0.224781,0.123448
8.896,-0.0734837,0.435327,0.12301
8.897,-0.435992,0.556526,0.121368
8.898,-0.0823288,-0.477315,-0.0151938
8.899,0.0245518,-0.409098,0.395968
8.9,0.053092,0.35988,0.151963
8.901,-0.0925403,0.337755,0.0636201
8.902,-0.452765,0.221799,-0.0970066
8.903,-0.0563425,-0.624653,0.132919
8.904,0.0471759,-0.209048,0.295313
8.905,0.00292353,0.467741,0.170826
8.906,-0.194598,0.449809,0.0931679
8.907,-0.496966,-0.102797,-0.249418
8.908,0.0282243,-0.446541,0.158404
8.909,0.0822522,0.0343356,0.173577
8.91,-0.0622922,0.582736,0.215479
8.911,-0.157634,0.205249,-0.0230338
8.912,-0.363883,-0.611626,-0.221454
8.913,0.0695376,-0.356086,0.220809
8.914,0.0555254,0.0999852,0.134663
8.915,-0.132782,0.642233,0.236177
8.916,-0.280694,0.186384,-0.0722719
8.917,-0.376489,-0.942902,-0.0646848
8.918,0.10161,-0.141208,0.147845
8.919,0.0405275,0.251421,0.117203
8.92,-0.220334,0.711079,0.270257
8.921,-0.195769,-0.0936326,-0.132911
8.922,-0.160349,-0.913136,0.294896
8.923,0.112562,-0.00529867,0.160284
8.924,0.00769187,0.279828,0.0964883
8.925,-0.295492,0.674023,0.22962
8.926,-0.251634,-0.341902,-0.185178
8.927,-0.113846,-0.870637,0.509285
8.928,0.0986691,0.147198,0.121091
8.929,-0.0400758,0.39565,0.11656
8.93,-0.390893,0.642441,0.192404
8.931,-0.126445,-0.450476,-0.0733636
8.932,0.0180057,-0.497938,0.401905
8.933,0.0763362,0.292412,0.142793
8.934,-0.0714483,0.352147,0.0798177
8.935,-0.434713,0.398265,0.0113845
8.936,-0.117883,-0.677981,0.065482
8.937,0.0318084,-0.331634,0.364976
8.938,0.0323657,0.390035,0.145932
8.939,-0.141607,0.416119,0.08821
8.94,-0.498504,0.141343,-0.148484
8.941,-0.00177216,-0.486377,0.119408
8.942,0.0747231,-0.0788192,0.22023
8.943,-0.0236727,0.525392,0.192939
8.944,-0.154028,0.285891,0.0150697
8.945,-0.421201,-0.375443,-0.274977
8.946,0.0425489,-0.446438,0.215553
8.947,0.0577528,0.0210608,0.165749
8.948,-0.0844646,0.570385,0.199629
8.949,-0.228604,0.241372,-0.0307122
8.95,-0.420068,-0.748219,-0.218748
8.951,0.0887685,-0.243008,0.16991
8.952,0.0594797,0.224534,0.129331
8.953,-0.173633,0.693928,0.26562
8.954,-0.188282,0.00924335,-0.105035
8.955,-0.281071,-0.988132,0.119134
8.956,0.104452,-0.122275,0.201699
8.957,0.0248983,0.221715,0.0965475
8.958,-0.246267,0.675633,0.238465
8.959,-0.220587,-0.189312,-0.160333
8.96,-0.191202,-1.00794,0.433511
8.961,0.108163,0.069275,0.128809
8.962,-0.0103374,0.337882,0.105973
8.963,-0.339177,0.681931,0.22991
8.964,-0.132419,-0.337074,-0.103374
8.965,-0.0309723,-0.666452,0.452414
8.966,0.0938114,0.208578,0.141847
8.967,-0.0442402,0.331946,0.0832993
8.968,-0.395081,0.513146,0.0954959
8.969,-0.127358,-0.55182,-0.0334774
8.97,-0.00706127,-0.504646,0.464263
8.971,0.0592654,0.325597,0.135735
8.972,-0.120223,0.461315,0.121404
8.973,-0.483204,0.370744,-0.0141385
8.974,-0.0301605,-0.469111,0.0530582
8.975,0.0597433,-0.210701,0.288488
8.976,0.0134851,0.459118,0.172176
8.977,-0.124355,0.311997,0.038479
8.978,-0.46498,-0.0704202,-0.229244
8.979,-0.00973872,-0.595624,0.235703
8.98,0.0624932,-0.0579488,0.208913
8.981,-0.0432365,0.521946,0.182647
8.982,-0.202802,0.317415,0.0153834
8.983,-0.475116,-0.471816,-0.302724
8.984,0.0676715,-0.32072,0.158602
8.985,0.0653789,0.105819,0.142451
8.986,-0.119346,0.64225,0.239821
8.987,-0.188045,0.121268,-0.0682153
8.988,-0.324565,-0.857132,-0.0718129
8.989,0.0982055,-0.199679,0.180929
8.99,0.043417,0.191943,0.112422
8.991,-0.185505,0.635508,0.219628
8.992,-0.245979,-0.034034,-0.141626
8.993,-0.265456,-1.04324,0.238464
8.994,0.111297,-0.0277449,0.144365
8.995,0.0102559,0.359935,0.128417
8.996,-0.292841,0.727882,0.272741
8.997,-0.159525,-0.241264,-0.128198
8.998,-0.0857216,-0.811434,0.43027
8.999,0.105302,0.10957,0.15109
9,-0.0193905,0.309263,0.0878837
9.001,-0.346496,0.588072,0.156923
9.002,-0.162223,-0.46067,-0.103662
9.003,-0.0432504,-0.665719,0.512551
9.004,0.0808713,0.248886,0.126538
9.005,-0.0897778,0.469341,0.136409
9.006,-0.439077,0.504933,0.0833965
9.007,-0.070699,-0.48034,0.0008853
9.008,0.0405689,-0.348121,0.35808
9.009,0.0455191,0.384074,0.153195
9.01,-0.106864,0.357831,0.0682433
9.011,-0.420951,0.0898734,-0.154506
9.012,-0.0409437,-0.60838,0.15142
9.013,0.0515925,-0.1714,0.272884
9.014,-0.00774874,0.486179,0.176204
9.015,-0.199178,0.425041,0.0769652
9.016,-0.484437,-0.197747,-0.272616
9.017,0.0424997,-0.381096,0.136
9.018,0.0780782,0.0502453,0.166733
9.019,-0.0750276,0.600316,0.223015
9.02,-0.160834,0.18351,-0.033349
9.021,-0.351106,-0.673046,-0.193578
9.022,0.0751578,-0.334297,0.227719
9.023,0.0532232,0.119995,0.127799
9.024,-0.14666,0.653004,0.240748
9.025,-0.283441,0.146371,-0.0909814
9.026,-0.353878,-0.984112,0.000655988
9.027,0.103252,-0.111077,0.139125
9.028,0.0350986,0.278983,0.118845
9.029,-0.235965,0.716935,0.272297
9.03,-0.188523,-0.12892,-0.135356
9.031,-0.16471,-0.939423,0.344341
9.032,0.11247,0.0269188,0.146553
9.033,0.00158501,0.30072,0.0991939
9.034,-0.291922,0.610191,0.181699
9.035,-0.220069,-0.372642,-0.163495
9.036,-0.102025,-0.839686,0.531045
9.037,0.0985848,0.175243,0.12952
9.038,-0.0587117,0.454179,0.139538
9.039,-0.410032,0.634586,0.184009
9.04,-0.109509,-0.456466,-0.0542622
9.041,0.00294432,-0.51276,0.441106
9.042,0.0695228,0.310248,0.14597
9.043,-0.0821364,0.366512,0.0825164
9.044,-0.40797,0.271353,-0.0604499
9.045,-0.0827011,-0.623144,0.0783302
9.046,0.0349515,-0.295036,0.34669
9.047,0.0240197,0.426728,0.160003
9.048,-0.176273,0.477432,0.115051
9.049,-0.508444,0.0799494,-0.180231
9.05,0.0131657,-0.445941,0.11847
9.051,0.0768729,-0.0442125,0.204296
9.052,-0.0359307,0.546231,0.201039
9.053,-0.144242,0.238261,-0.00359387
9.054,-0.419119,-0.448043,-0.275426
9.055,0.0559754,-0.392539,0.196221
9.056,0.0621407,0.0627281,0.152298
9.057,-0.0985456,0.583643,0.204318
9.058,-0.230279,0.202812,-0.0492752
9.059,-0.407051,-0.822747,-0.174553
9.06,0.0941863,-0.208549,0.163533
9.061,0.0523058,0.22575,0.123579
9.062,-0.188932,0.700915,0.267969
9.063,-0.173147,-0.0299089,-0.108237
9.064,-0.225984,-0.960297,0.192818
9.065,0.111268,-0.0659388,0.164784
9.066,0.020267,0.235927,0.0949563
9.067,-0.251443,0.644941,0.2143
9.068,-0.280305,-0.230421,-0.195468
9.069,-0.177502,-0.992446,0.475474
9.07,0.106516,0.0946634,0.127668
9.071,-0.0176504,0.347031,0.105449
9.072,-0.35459,0.670791,0.219144
9.073,-0.129141,-0.368536,-0.0957921
9.074,-0.0141307,-0.613989,0.439195
9.075,0.0883976,0.227397,0.14282
9.076,-0.0492935,0.323015,0.0764412
9.077,-0.398373,0.453891,0.0540633
9.078,-0.11396,-0.567107,-0.00873782
9.079,0.00483479,-0.450909,0.436652
9.08,0.0519142,0.351796,0.141661
9.081,-0.108962,0.391365,0.0853217
9.082,-0.478573,0.277476,-0.070649
9.083,-0.020588,-0.477255,0.074625
9.084,0.0744727,-0.144203,0.249639
9.085,0.00305137,0.47319,0.176332
9.086,-0.125639,0.284705,0.0247924
9.087,-0.430476,-0.205945,-0.255461
9.088,0.00935971,-0.547712,0.233537
9.089,0.0559743,-0.0434996,0.198385
9.09,-0.0587506,0.557642,0.199643
9.091,-0.197532,0.271679,-0.00628965
9.092,-0.449479,-0.571212,-0.282659
9.093,0.0752188,-0.290797,0.157969
9.094,0.0638986,0.137944,0.135195
9.095,-0.137658,0.666254,0.252608
9.096,-0.181983,0.0798993,-0.0805105
9.097,-0.326647,-0.915072,-0.0280008
9.098,0.096519,-0.203189,0.221096
9.099,0.0373611,0.198692,0.10647
9.1,-0.212309,0.685953,0.252189
9.101,-0.290383,-0.0565236,-0.165628
9.102,-0.254602,-1.0609,0.305648
9.103,0.110624,0.00537863,0.135954
9.104,0.00607717,0.319507,0.109589
9.105,-0.305896,0.713317,0.259277
9.106,-0.174623,-0.290611,-0.13776
9.107,-0.0594292,-0.751028,0.432286
9.108,0.103575,0.148899,0.142513
9.109,-0.0281214,0.322855,0.0883044
9.11,-0.374198,0.599311,0.161419
9.111,-0.209468,-0.585674,-0.104963
9.112,-0.0383966,-0.627709,0.519337
9.113,0.0743947,0.280556,0.131542
9.114,-0.0810972,0.393005,0.0968445
9.115,-0.451828,0.446819,0.0410368
9.116,-0.0533521,-0.475637,0.0219234
9.117,0.0632323,-0.259028,0.302449
9.118,0.0335202,0.417231,0.16253
9.119,-0.112684,0.336118,0.0549021
9.12,-0.469034,0.0869149,-0.167829
9.121,-0.0446873,-0.66437,0.21978
9.122,0.0503226,-0.136748,0.252778
9.123,-0.022062,0.499587,0.177604
9.124,-0.191986,0.363277,0.0433285
9.125,-0.483804,-0.307615,-0.294283
9.126,0.0508563,-0.387868,0.168314
9.127,0.0788495,0.0981063,0.153438
9.128,-0.0938871,0.621618,0.232025
9.129,-0.163438,0.148687,-0.0482104
9.13,-0.364274,-0.75876,-0.169214
9.131,0.0884564,-0.259084,0.189403
9.132,0.050925,0.157668,0.120568
9.133,-0.158677,0.625139,0.217901
9.134,-0.241181,0.0418834,-0.116646
9.135,-0.316958,-1.02629,0.104845
9.136,0.107269,-0.0756353,0.140445
9.137,0.026238,0.293642,0.115869
9.138,-0.256899,0.715962,0.268278
9.139,-0.188434,-0.181191,-0.142014
9.14,-0.113418,-0.859522,0.378379
9.141,0.11093,0.0648506,0.149829
9.142,-0.00779863,0.305242,0.0941257
9.143,-0.330147,0.647847,0.204434
9.144,-0.225819,-0.448145,-0.157782
9.145,-0.0789042,-0.774781,0.537731
9.146,0.0927095,0.209552,0.129996
9.147,-0.0728082,0.465921,0.140654
9.148,-0.428865,0.596345,0.152243
9.149,-0.0953315,-0.478913,-0.0299366
9.15,0.017988,-0.444935,0.411657
9.151,0.059606,0.343543,0.149723
9.152,-0.0929137,0.364196,0.0769415
9.153,-0.414639,0.196157,-0.102268
9.154,-0.0608462,-0.609561,0.107583
9.155,0.0396742,-0.246167,0.319168
9.156,0.0109863,0.442714,0.160961
9.157,-0.160682,0.394347,0.069952
9.158,-0.505444,-0.0252266,-0.224149
9.159,0.0259646,-0.417547,0.124785
9.16,0.0828306,0.00956168,0.182612
9.161,-0.0514031,0.568903,0.210147
9.162,-0.150315,0.216054,-0.0156347
9.163,-0.411166,-0.539692,-0.264762
9.164,0.0664612,-0.356414,0.196941
9.165,0.0599797,0.0918222,0.141216
9.166,-0.115098,0.597702,0.209315
9.167,-0.235885,0.16252,-0.0688351
9.168,-0.38193,-0.897765,-0.104966
9.169,0.0996348,-0.174142,0.161739
9.17,0.0464059,0.267503,0.125226
9.171,-0.206038,0.70151,0.265381
9.172,-0.191769,-0.065877,-0.125304
9.173,-0.206162,-0.969363,0.261439
9.174,0.112425,-0.0235947,0.151953
9.175,0.0129374,0.274955,0.0992335
9.176,-0.271771,0.642247,0.208905
9.177,-0.258789,-0.298144,-0.189122
9.178,-0.13068,-0.906662,0.491728
9.179,0.10136,0.125575,0.121371
9.18,-0.0328991,0.390964,0.117803
9.181,-0.376486,0.655817,0.20463
9.182,-0.135663,-0.431306,-0.0875996
9.183,0.00849266,-0.537325,0.413158
9.184,0.0816771,0.271724,0.140409
9.185,-0.0613478,0.33583,0.0764662
9.186,-0.407172,0.389662,0.0105323
9.187,-0.114975,-0.629925,0.0309701
9.188,0.0196399,-0.381811,0.397288
9.189,0.0413934,0.387187,0.151093
9.19,-0.154309,0.482462,0.124125
9.191,-0.50015,0.216562,-0.109242
9.192,-0.00424257,-0.454111,0.0884799
9.193,0.0695122,-0.117206,0.239582
9.194,-0.01352,0.508148,0.186891
9.195,-0.151128,0.304957,0.0254555
9.196,-0.405674,-0.33156,-0.264678
9.197,0.0322452,-0.479997,0.221631
9.198,0.0612641,0.0101599,0.173438
9.199,-0.0787206,0.58787,0.213072
9.2,-0.258142,0.320051,0.00141068
9.201,-0.448682,-0.684793,-0.259616
9.202,0.0844594,-0.248979,0.15616
9.203,0.0597322,0.178579,0.12814
9.204,-0.158629,0.675492,0.254744
9.205,-0.19743,0.0437432,-0.0986734
9.206,-0.242035,-0.914154,0.0965698
9.207,0.106077,-0.133132,0.189724
9.208,0.0296404,0.220036,0.10115
9.209,-0.23322,0.677437,0.242029
9.21,-0.231494,-0.150761,-0.16054
9.211,-0.218065,-1.04007,0.394071
9.212,0.108859,0.0470397,0.129161
9.213,-0.0054458,0.343832,0.111656
9.214,-0.333902,0.715631,0.257573
9.215,-0.150586,-0.327445,-0.118488
9.216,-0.0734652,-0.773754,0.502277
9.217,0.0966693,0.181876,0.144256
9.218,-0.0371506,0.320381,0.0818897
9.219,-0.364651,0.480679,0.077743
9.22,-0.1458,-0.556392,-0.052349
9.221,-0.0150017,-0.541005,0.480216
9.222,0.064769,0.311707,0.134727
9.223,-0.0971671,0.406815,0.0980968
9.224,-0.471196,0.393662,0.00259775
9.225,-0.0516713,-0.529497,0.0578635
9.226,0.0700867,-0.20404,0.276708
9.227,0.0200866,0.446816,0.170113
9.228,-0.119099,0.315528,0.0421827
9.229,-0.457566,-0.0359087,-0.215005
9.23,-0.000813535,-0.539969,0.180063
9.231,0.0532776,-0.0954834,0.228074
9.232,-0.0377108,0.529855,0.189709
9.233,-0.189309,0.313786,0.0175582
9.234,-0.481572,-0.412496,-0.304266
9.235,0.0625868,-0.339214,0.158627
9.236,0.0659649,0.0861835,0.147983
9.237,-0.108896,0.628429,0.232802
9.238,-0.168299,0.117041,-0.0619555
9.239,-0.323374,-0.824688,-0.0930734
9.24,0.0919161,-0.24589,0.215271
9.241,0.0436417,0.164238,0.112258
9.242,-0.178752,0.645128,0.228046
9.243,-0.27103,0.0159094,-0.136427
9.244,-0.291273,-1.04545,0.181765
9.245,0.108958,-0.0460902,0.138134
9.246,0.0192793,0.296298,0.111241
9.247,-0.277477,0.727376,0.274439
9.248,-0.157974,-0.207402,-0.126105
9.249,-0.119336,-0.880297,0.432239
9.25,0.108861,0.0979083,0.138137
9.251,-0.0158475,0.324322,0.0966059
9.252,-0.324626,0.569283,0.146509
9.253,-0.189418,-0.464394,-0.126005
9.254,-0.0582176,-0.711654,0.528218
9.255,0.0869418,0.237772,0.131154
9.256,-0.0850259,0.47462,0.141217
9.257,-0.443436,0.556962,0.120766
9.258,-0.0792753,-0.481819,-0.00932818
9.259,0.0263341,-0.396568,0.390894
9.26,0.0503628,0.365775,0.152727
9.261,-0.0906575,0.320892,0.056077
9.262,-0.444095,0.173356,-0.120521
9.263,-0.0342385,-0.55745,0.113222
9.264,0.0512702,-0.188927,0.282665
9.265,-0.00118154,0.460807,0.164684
9.266,-0.202191,0.453955,0.0937861
9.267,-0.507499,-0.122953,-0.258967
9.268,0.0366822,-0.404262,0.140689
9.269,0.0753446,0.0234583,0.17528
9.27,-0.0669008,0.585092,0.215059
9.271,-0.175127,0.221212,-0.0224564
9.272,-0.371856,-0.63994,-0.219491
9.273,0.0655267,-0.377424,0.255415
9.274,0.0573071,0.118913,0.132244
9.275,-0.131887,0.611378,0.214486
9.276,-0.25953,0.142258,-0.0851719
9.277,-0.369742,-0.960782,-0.0414925
9.278,0.103433,-0.135069,0.152399
9.279,0.0376783,0.244167,0.113291
9.28,-0.225211,0.709362,0.268168
9.281,-0.193495,-0.108116,-0.134457
9.282,-0.156586,-0.91422,0.312467
9.283,0.110253,-0.00598006,0.170641
9.284,0.00556507,0.289318,0.0980773
9.285,-0.287797,0.630305,0.197355
9.286,-0.257569,-0.358573,-0.188284
9.287,-0.115196,-0.871973,0.523854
9.288,0.101142,0.157738,0.129701
9.289,-0.051735,0.447246,0.138597
9.29,-0.399966,0.65049,0.197659
9.291,-0.113471,-0.436523,-0.0649165
9.292,-0.00945219,-0.557233,0.462779
9.293,0.0738412,0.291811,0.144552
9.294,-0.0683616,0.330903,0.0707682
9.295,-0.40375,0.307312,-0.0390282
9.296,-0.0948641,-0.62878,0.0619976
9.297,0.0308338,-0.323866,0.36304
9.298,0.0304208,0.410537,0.155418
9.299,-0.159387,0.456437,0.106714
9.3,-0.496043,0.120277,-0.158345
9.301,-0.00180372,-0.496849,0.128969
9.302,0.0817656,-0.051863,0.207238
9.303,-0.026937,0.53158,0.19609
9.304,-0.14284,0.255584,0.00476892
9.305,-0.396268,-0.411948,-0.264088
9.306,0.0445606,-0.442476,0.219948
9.307,0.0590957,0.0326451,0.161621
9.308,-0.092053,0.598667,0.21638
9.309,-0.233001,0.238217,-0.0335738
9.31,-0.414722,-0.766658,-0.207202
9.311,0.0901773,-0.233436,0.167215
9.312,0.0573425,0.220388,0.127293
9.313,-0.17281,0.681849,0.25673
9.314,-0.178578,-0.00213319,-0.103787
9.315,-0.228221,-0.933985,0.148584
9.316,0.104679,-0.11876,0.200938
9.317,0.0243357,0.223503,0.0963194
9.318,-0.246913,0.671721,0.23536
9.319,-0.210928,-0.192383,-0.155526
9.32,-0.17328,-0.977128,0.428962
9.321,0.105914,0.0745218,0.123233
9.322,-0.0161077,0.373416,0.118423
9.323,-0.345412,0.686061,0.232385
9.324,-0.150467,-0.37087,-0.112887
9.325,-0.0268461,-0.654018,0.449537
9.326,0.0925184,0.212526,0.142356
9.327,-0.0504512,0.357669,0.0924377
9.328,-0.376918,0.44642,0.0526459
9.329,-0.145629,-0.606517,-0.0259294
9.33,-0.00270475,-0.48643,0.454726
9.331,0.0572335,0.335744,0.138638
9.332,-0.103845,0.396436,0.0899447
9.333,-0.470427,0.313269,-0.0479183
9.334,-0.0256881,-0.469807,0.0608344
9.335,0.0680661,-0.178103,0.268278
9.336,0.00897509,0.469888,0.176155
9.337,-0.128692,0.310289,0.0360409
9.338,-0.470468,-0.0962686,-0.239403
9.339,-0.00911298,-0.603809,0.25689
9.34,0.0553139,-0.0598795,0.207528
9.341,-0.0517826,0.548879,0.196458
9.342,-0.19521,0.286323,0.00171503
9.343,-0.461192,-0.520729,-0.293978
9.344,0.0704687,-0.324444,0.17359
9.345,0.0719432,0.160536,0.138885
9.346,-0.130098,0.659839,0.249717
9.347,-0.18654,0.100258,-0.0752932
9.348,-0.334994,-0.893739,-0.0559342
9.349,0.0951109,-0.217231,0.221683
9.35,0.0410689,0.203565,0.11082
9.351,-0.194395,0.639197,0.220527
9.352,-0.263073,-0.0503672,-0.15306
9.353,-0.266224,-1.0616,0.272041
9.354,0.109839,-0.00795203,0.134306
9.355,0.00987445,0.313474,0.110069
9.356,-0.298253,0.71917,0.264998
9.357,-0.168322,-0.264285,-0.134035
9.358,-0.104381,-0.85211,0.472992
9.359,0.104899,0.128184,0.146816
9.36,-0.0232949,0.318041,0.089151
9.361,-0.364979,0.614176,0.173908
9.362,-0.21787,-0.560719,-0.122131
9.363,-0.0483141,-0.66452,0.531112
9.364,0.0787048,0.265753,0.130634
9.365,-0.0759695,0.394453,0.0997168
9.366,-0.442567,0.471417,0.0593115
9.367,-0.0587849,-0.467541,0.0102331
9.368,0.0510018,-0.304963,0.331976
9.369,0.0396164,0.402428,0.158965
9.37,-0.103572,0.327922,0.0542942
9.371,-0.446895,0.094625,-0.158943
9.372,-0.019962,-0.545889,0.134097
9.373,0.0562311,-0.145219,0.257165
9.374,-0.0134905,0.478757,0.169104
9.375,-0.192781,0.388611,0.0573733
9.376,-0.494976,-0.237157,-0.285345
9.377,0.0455846,-0.394063,0.157088
9.378,0.0701459,0.0410117,0.165978
9.379,-0.0826547,0.605912,0.224603
9.38,-0.183279,0.199361,-0.0349476
9.381,-0.339438,-0.711877,-0.169023
9.382,0.0818761,-0.300394,0.212464
9.383,0.0505702,0.129719,0.123225
9.384,-0.153526,0.64602,0.234111
9.385,-0.223216,0.059691,-0.103762
9.386,-0.317942,-0.988438,0.0572429
9.387,0.104673,-0.0930628,0.137018
9.388,0.030823,0.279972,0.115635
9.389,-0.246157,0.716888,0.270655
9.39,-0.193392,-0.154508,-0.141593
9.391,-0.128143,-0.881157,0.358031
9.392,0.111354,0.0410168,0.15618
9.393,-0.00167935,0.280176,0.0890971
9.394,-0.301326,0.601472,0.173746
9.395,-0.216849,-0.403633,-0.158009
9.396,-0.0922142,-0.812124,0.539016
9.397,0.0955744,0.191681,0.128824
9.398,-0.0638901,0.45343,0.137011
9.399,-0.40962,0.595526,0.153968
9.4,-0.106503,-0.473371,-0.0447631
9.401,0.0218036,-0.455248,0.402777
9.402,0.0656818,0.327719,0.144425
9.403,-0.0839541,0.355454,0.0760939
9.404,-0.437257,0.300766,-0.0493591
9.405,-0.0616458,-0.575327,0.0755411
9.406,0.0425248,-0.265559,0.326752
9.407,0.01853,0.420606,0.153221
9.408,-0.165414,0.430612,0.0895321
9.409,-0.506915,0.0387614,-0.198302
9.41,0.0194673,-0.424222,0.115076
9.411,0.0730364,-0.04048,0.202305
9.412,-0.0423082,0.554917,0.204066
9.413,-0.153115,0.240758,-0.00576482
9.414,-0.413693,-0.485262,-0.271148
9.415,0.0600077,-0.379612,0.197368
9.416,0.0615642,0.0744746,0.147843
9.417,-0.10502,0.590117,0.206873
9.418,-0.243971,0.203435,-0.0533071
9.419,-0.396748,-0.851834,-0.149181
9.42,0.0963876,-0.19832,0.165687
9.421,0.0512001,0.256928,0.12699
9.422,-0.198079,0.708462,0.27213
9.423,-0.187898,-0.0429946,-0.118317
9.424,-0.245818,-1.00411,0.217957
9.425,0.107709,-0.0701601,0.188222
9.426,0.016789,0.242307,0.0931811
9.427,-0.267925,0.665319,0.227064
9.428,-0.201867,-0.250278,-0.154649
9.429,-0.145302,-0.934697,0.480733
9.43,0.10372,0.111196,0.123584
9.431,-0.0336036,0.425282,0.13497
9.432,-0.369281,0.676255,0.221677
9.433,-0.131692,-0.395614,-0.0926265
9.434,-0.0349261,-0.653155,0.490993
9.435,0.0851096,0.245425,0.142705
9.436,-0.0552372,0.331842,0.0775509
9.437,-0.39223,0.40147,0.0206997
9.438,-0.14994,-0.676524,0.0146128
9.439,0.0115451,-0.420219,0.419505
9.44,0.0475642,0.368336,0.146283
9.441,-0.135952,0.455225,0.11286
9.442,-0.498053,0.276901,-0.0744549
9.443,-0.0186625,-0.494734,0.0910809
9.444,0.0606906,-0.161918,0.264774
9.445,-0.00369039,0.485701,0.179965
9.446,-0.129551,0.27722,0.0197813
9.447,-0.428037,-0.253508,-0.263767
9.448,0.0184015,-0.52404,0.23344
9.449,0.0572619,-0.0234685,0.187959
9.45,-0.064112,0.549453,0.192519
9.451,-0.236234,0.316691,0.00545889
9.452,-0.458388,-0.610166,-0.281944
9.453,0.0786102,-0.266144,0.14891
9.454,0.0647005,0.167475,0.132864
9.455,-0.145897,0.671526,0.2546
9.456,-0.171739,0.0543498,-0.0844668
9.457,-0.295689,-0.923721,0.021695
9.458,0.104765,-0.146971,0.17246
9.459,0.0356081,0.220243,0.107264
9.46,-0.209649,0.63952,0.217791
9.461,-0.242494,-0.109214,-0.158135
9.462,-0.226893,-1.03583,0.342514
9.463,0.111464,0.0200161,0.138895
9.464,-0.00372181,0.383739,0.130299
9.465,-0.318666,0.716499,0.260178
9.466,-0.146747,-0.289768,-0.118561
9.467,-0.0490704,-0.724506,0.434759
9.468,0.101627,0.166472,0.139802
9.469,-0.0330512,0.330418,0.0888107
9.47,-0.383825,0.588651,0.152113
9.471,-0.198561,-0.603425,-0.0865856
9.472,-0.0288382,-0.592653,0.504875
9.473,0.0695423,0.287804,0.129146
9.474,-0.103719,0.456944,0.124269
9.475,-0.470952,0.454384,0.0434987
9.476,-0.0509443,-0.489998,0.0335093
9.477,0.0520922,-0.271692,0.320151
9.478,0.0289066,0.425212,0.162836
9.479,-0.121214,0.347412,0.0575467
9.48,-0.42224,-0.0324662,-0.203376
9.481,-0.0170497,-0.581279,0.184266
9.482,0.0573075,-0.108524,0.236307
9.483,-0.0281818,0.519148,0.186931
9.484,-0.213196,0.390665,0.0530098
9.485,-0.483771,-0.342119,-0.298983
9.486,0.0541034,-0.381277,0.172837
9.487,0.0778993,0.110124,0.150257
9.488,-0.100486,0.629623,0.23574
9.489,-0.167266,0.140207,-0.0529634
9.49,-0.322648,-0.776483,-0.12185
9.491,0.0855808,-0.281797,0.228883
9.492,0.0459807,0.144753,0.116119
9.493,-0.164652,0.631605,0.221218
9.494,-0.281891,0.063557,-0.123708
9.495,-0.294606,-1.01637,0.132074
9.496,0.106952,-0.0642439,0.135591
9.497,0.0230469,0.331215,0.125861
9.498,-0.263278,0.720538,0.27101
9.499,-0.185269,-0.191779,-0.141238
9.5,-0.113683,-0.862929,0.391867
9.501,0.108031,0.0602174,0.159436
9.502,-0.0078641,0.286534,0.0867444
9.503,-0.325834,0.617587,0.181992
9.504,-0.176085,-0.409538,-0.126714
9.505,-0.0657515,-0.742107,0.522408
9.506,0.0879945,0.211154,0.122497
9.507,-0.0639998,0.413764,0.11509
9.508,-0.427811,0.571458,0.133534
9.509,-0.0952952,-0.491082,-0.0245486
9.51,0.034507,-0.398963,0.375979
9.511,0.0576337,0.354154,0.15005
9.512,-0.0894566,0.342332,0.0671791
9.513,-0.457481,0.270165,-0.0709702
9.514,-0.0877892,-0.702488,0.151167
9.515,0.0385122,-0.240152,0.316596
9.516,0.00771672,0.449394,0.162892
9.517,-0.160721,0.383984,0.0641201
9.518,-0.510156,-0.042967,-0.232149
9.519,0.0264021,-0.436753,0.143134
9.52,0.0702988,-0.0177225,0.191054
9.521,-0.0550108,0.56891,0.209117
9.522,-0.168058,0.236517,-0.0130644
9.523,-0.407407,-0.565832,-0.258893
9.524,0.0691429,-0.346767,0.197494
9.525,0.0593959,0.100257,0.138445
9.526,-0.120163,0.602751,0.211462
9.527,-0.253699,0.170912,-0.0709824
9.528,-0.384761,-0.917545,-0.0936721
9.529,0.0991936,-0.150239,0.143379
9.53,0.0442148,0.265577,0.1231
9.531,-0.211215,0.705512,0.26756
9.532,-0.198513,-0.0739423,-0.130256
9.533,-0.171032,-0.920338,0.272692
9.534,0.1123,-0.0217933,0.164171
9.535,0.0108715,0.273536,0.0970413
9.536,-0.288006,0.678408,0.234126
9.537,-0.259463,-0.317664,-0.189912
9.538,-0.123186,-0.891239,0.499949
9.539,0.100223,0.134985,0.121164
9.54,-0.0355248,0.39008,0.116023
9.541,-0.384521,0.655229,0.203202
9.542,-0.126587,-0.429813,-0.079577
9.543,-0.00623977,-0.566473,0.448517
9.544,0.0795247,0.277453,0.137963
9.545,-0.0698289,0.363803,0.0864137
9.546,-0.397434,0.343351,-0.0164027
9.547,-0.0998341,-0.60842,0.038061
9.548,0.0208115,-0.367086,0.390881
9.549,0.0373214,0.388754,0.148742
9.55,-0.124526,0.385255,0.0765217
9.551,-0.485936,0.159946,-0.136419
9.552,-0.000613349,-0.453332,0.0949936
9.553,0.0780423,-0.0842018,0.22197
9.554,-0.0168316,0.51043,0.188033
9.555,-0.142124,0.275148,0.0141496
9.556,-0.441659,-0.314773,-0.278406
9.557,0.0401218,-0.444391,0.199481
9.558,0.061138,0.016121,0.170575
9.559,-0.0818623,0.591757,0.214727
9.56,-0.260973,0.31515,-0.00200357
9.561,-0.445824,-0.704316,-0.25217
9.562,0.0860726,-0.249582,0.163479
9.563,0.0563725,0.168978,0.125404
9.564,-0.162278,0.677004,0.255269
9.565,-0.192126,0.0307484,-0.100445
9.566,-0.272682,-0.957017,0.0946014
9.567,0.108266,-0.110942,0.168581
9.568,0.0294141,0.238835,0.10451
9.569,-0.226906,0.639346,0.214442
9.57,-0.239584,-0.163488,-0.166505
9.571,-0.198396,-1.01248,0.404902
9.572,0.110443,0.0535631,0.135465
9.573,-0.0144461,0.401485,0.132674
9.574,-0.339473,0.710817,0.252998
9.575,-0.139444,-0.327212,-0.110067
9.576,-0.0306184,-0.671542,0.437774
9.577,0.0964826,0.197626,0.140644
9.578,-0.0405619,0.328381,0.0836396
9.579,-0.385149,0.515887,0.0989224
9.58,-0.124368,-0.522999,-0.0437467
9.581,-0.00366087,-0.509679,0.457119
9.582,0.0617874,0.314957,0.133244
9.583,-0.124433,0.488347,0.136467
9.584,-0.483137,0.393924,0.000955938
9.585,-0.041245,-0.506451,0.0591762
9.586,0.0529558,-0.23509,0.304536
9.587,0.0169484,0.44707,0.169579
9.588,-0.119496,0.306962,0.0378255
9.589,-0.429997,-0.104904,-0.229332
9.59,-0.0195257,-0.622822,0.244955
9.591,0.0544309,-0.0838244,0.221368
9.592,-0.0405077,0.52485,0.18549
9.593,-0.22162,0.366838,0.0371062
9.594,-0.478483,-0.436083,-0.303884
9.595,0.0643858,-0.336021,0.161853
9.596,0.0650627,0.091057,0.145899
9.597,-0.113182,0.633838,0.235463
9.598,-0.169004,0.110598,-0.0645529
9.599,-0.317706,-0.835642,-0.0794894
9.6,0.0925843,-0.240757,0.21738
9.601,0.0418975,0.162122,0.1103
9.602,-0.185915,0.659714,0.237359
9.603,-0.218893,-0.0291193,-0.12885
9.604,-0.268852,-1.03213,0.210372
9.605,0.108673,-0.0335888,0.134227
9.606,0.0145119,0.346735,0.125881
9.607,-0.277878,0.70908,0.259772
9.608,-0.157719,-0.221816,-0.126563
9.609,-0.0923116,-0.824641,0.418916
9.61,0.105997,0.0941892,0.153918
9.611,-0.0155249,0.29707,0.0854179
9.612,-0.336932,0.583453,0.15494
9.613,-0.204442,-0.497958,-0.129945
9.614,-0.0636524,-0.718029,0.54408
9.615,0.0843921,0.24265,0.129002
9.616,-0.0681528,0.394887,0.103245
9.617,-0.432683,0.514519,0.0911297
9.618,-0.0688815,-0.458889,-0.00695246
9.619,0.038205,-0.361595,0.364642
9.62,0.0480928,0.377318,0.151852
9.621,-0.104365,0.358817,0.0697018
9.622,-0.420562,0.109775,-0.145493
9.623,-0.0468276,-0.618118,0.148134
9.624,0.0501533,-0.183162,0.279907
9.625,-0.00441262,0.481229,0.17493
9.626,-0.202557,0.44392,0.0875193
9.627,-0.501081,-0.153263,-0.266137
9.628,0.038673,-0.39951,0.141835
9.629,0.0757158,0.0311533,0.172496
9.63,-0.0698097,0.589244,0.216898
9.631,-0.179014,0.221262,-0.0238037
9.632,-0.35352,-0.656824,-0.200922
9.633,0.0754578,-0.330055,0.215572
9.634,0.0528391,0.110347,0.129351
9.635,-0.138871,0.630423,0.226249
9.636,-0.222763,0.0943555,-0.0913142
9.637,-0.341185,-0.958322,-0.00741448
9.638,0.103021,-0.121751,0.143156
9.639,0.0376145,0.295088,0.12503
9.64,-0.229973,0.714898,0.271713
9.641,-0.191387,-0.115546,-0.134674
9.642,-0.160613,-0.925338,0.324025
9.643,0.11075,0.00112839,0.167776
9.644,0.00439172,0.295192,0.099275
9.645,-0.285683,0.613716,0.185321
9.646,-0.211904,-0.347364,-0.159914
9.647,-0.114174,-0.868182,0.533279
9.648,0.0991396,0.163109,0.126531
9.649,-0.0402365,0.376883,0.107056
9.65,-0.391891,0.616885,0.172493
9.651,-0.101957,-0.41832,-0.0589612
9.652,0.0171554,-0.490133,0.407757
9.653,0.0730181,0.296751,0.144867
9.654,-0.075486,0.356504,0.0802324
9.655,-0.426313,0.350367,-0.0174712
9.656,-0.0733933,-0.566895,0.0492103
9.657,0.0336124,-0.315162,0.356604
9.658,0.028874,0.402963,0.150304
9.659,-0.16262,0.462396,0.109437
9.66,-0.486864,0.0962929,-0.167703
9.661,0.00855482,-0.439852,0.103544
9.662,0.0716651,-0.0759222,0.219156
9.663,-0.028545,0.533897,0.196208
9.664,-0.148853,0.263857,0.00640093
9.665,-0.445996,-0.376739,-0.286304
9.666,0.0364131,-0.481998,0.25875
9.667,0.0623939,0.0443987,0.159368
9.668,-0.0900097,0.578267,0.203198
9.669,-0.260474,0.276877,-0.022207
9.67,-0.408191,-0.771,-0.200167
9.671,0.0900096,-0.215382,0.150853
9.672,0.0579518,0.230202,0.128656
9.673,-0.177902,0.696199,0.266519
9.674,-0.18074,-0.00387964,-0.105236
9.675,-0.244185,-0.957341,0.148571
9.676,0.110033,-0.0871154,0.16575
9.677,0.0248257,0.243363,0.101125
9.678,-0.249549,0.679853,0.241175
9.679,-0.239169,-0.196941,-0.170883
9.68,-0.180091,-0.990111,0.436213
9.681,0.109025,0.0740957,0.132381
9.682,-0.0199707,0.403941,0.130946
9.683,-0.341395,0.678622,0.227006
9.684,-0.129901,-0.340077,-0.10095
9.685,-0.0407519,-0.686844,0.475499
9.686,0.0928456,0.218326,0.135161
9.687,-0.0508883,0.358058,0.0924121
9.688,-0.377657,0.445071,0.0516256
9.689,-0.14752,-0.612752,-0.0246248
9.69,-0.00501624,-0.490129,0.459396
9.691,0.055969,0.330136,0.134854
9.692,-0.119912,0.445979,0.112441
9.693,-0.483067,0.335195,-0.0366129
9.694,-0.0335869,-0.507047,0.072735
9.695,0.0592413,-0.199861,0.283971
9.696,0.00899063,0.46963,0.176368
9.697,-0.127763,0.30809,0.035297
9.698,-0.465948,-0.103115,-0.240192
9.699,-0.00707578,-0.596081,0.250202
9.7,0.0596762,-0.0515242,0.204503
9.701,-0.0512806,0.555591,0.200982
9.702,-0.240152,0.372635,0.0355919
9.703,-0.47249,-0.507863,-0.300479
9.704,0.0709379,-0.299701,0.150775
9.705,0.072437,0.158218,0.139438
9.706,-0.128473,0.658277,0.248949
9.707,-0.184412,0.10155,-0.0739869
9.708,-0.34452,-0.891428,-0.0687838
9.709,0.0928956,-0.227116,0.229875
9.71,0.0382817,0.177465,0.10615
9.711,-0.200956,0.668652,0.241134
9.712,-0.225036,-0.0642386,-0.140328
9.713,-0.24905,-1.03614,0.269416
9.714,0.109893,-0.00998239,0.134767
9.715,0.0105254,0.309318,0.109032
9.716,-0.294101,0.709849,0.258097
9.717,-0.16531,-0.260781,-0.132077
9.718,-0.112531,-0.869324,0.481062
9.719,0.103941,0.123635,0.149423
9.72,-0.0225163,0.309747,0.0860619
9.721,-0.343334,0.548876,0.12885
9.722,-0.213436,-0.555422,-0.120008
9.723,-0.0429575,-0.654197,0.519835
9.724,0.0796516,0.264984,0.131625
9.725,-0.0848605,0.432474,0.116995
9.726,-0.447447,0.488363,0.070485
9.727,-0.0737804,-0.513569,0.0143862
9.728,0.0538548,-0.301764,0.326988
9.729,0.0410032,0.392603,0.157558
9.73,-0.105181,0.3376,0.0585162
9.731,-0.469319,0.151309,-0.13719
9.732,-0.0548542,-0.672073,0.198226
9.733,0.0491333,-0.163416,0.268834
9.734,-0.0117733,0.47822,0.169584
9.735,-0.211636,0.438713,0.0820411
9.736,-0.504818,-0.208776,-0.282126
9.737,0.0443689,-0.397333,0.156573
9.738,0.0704394,0.0380418,0.167276
9.739,-0.0810688,0.605017,0.224447
9.74,-0.175537,0.191973,-0.0353168
9.741,-0.394461,-0.696921,-0.218185
9.742,0.0756993,-0.332314,0.24013
9.743,0.0509569,0.122947,0.124774
9.744,-0.147197,0.63163,0.22516
9.745,-0.250617,0.0956902,-0.100835
9.746,-0.332866,-0.987259,0.0334241
9.747,0.106447,-0.113746,0.154869
9.748,0.0328437,0.311293,0.126196
9.749,-0.244409,0.726141,0.278289
9.75,-0.18144,-0.143845,-0.133747
9.751,-0.182337,-0.977587,0.373262
9.752,0.109373,0.0226971,0.166277
9.753,0.000153687,0.274474,0.0885079
9.754,-0.308456,0.637211,0.199403
9.755,-0.184675,-0.362024,-0.139924
9.756,-0.0864941,-0.80296,0.520682
9.757,0.0936163,0.181823,0.121768
9.758,-0.0574175,0.430361,0.126899
9.759,-0.415578,0.624282,0.175334
9.76,-0.105258,-0.462989,-0.0473792
9.761,0.00677174,-0.494652,0.434481
9.762,0.0666418,0.318573,0.146793
9.763,-0.0809084,0.348933,0.0740802
9.764,-0.45055,0.345023,-0.0250353
9.765,-0.106158,-0.704097,0.112833
9.766,0.030832,-0.292465,0.34897
9.767,0.0200701,0.426964,0.15759
9.768,-0.140943,0.373174,0.0644334
9.769,-0.48855,0.0189949,-0.202111
9.77,0.0185346,-0.425741,0.114183
9.771,0.0731245,-0.0429993,0.203493
9.772,-0.0410304,0.552622,0.203064
9.773,-0.157192,0.251143,-0.00250042
9.774,-0.445217,-0.453139,-0.288379
9.775,0.0442622,-0.458784,0.271002
9.776,0.0569168,0.0576775,0.149492
9.777,-0.104526,0.594566,0.210038
9.778,-0.272939,0.252084,-0.0383193
9.779,-0.41217,-0.843858,-0.167757
9.78,0.0957131,-0.194926,0.159096
9.781,0.0482669,0.207207,0.118252
9.782,-0.192407,0.696258,0.263834
9.783,-0.198117,-0.0317561,-0.120316
9.784,-0.195651,-0.928258,0.215079
9.785,0.111328,-0.0584367,0.170428
9.786,0.0179852,0.258918,0.0988074
9.787,-0.26933,0.682137,0.239826
9.788,-0.258985,-0.256418,-0.187021
9.789,-0.156272,-0.954972,0.478764
9.79,0.107036,0.104794,0.131501
9.791,-0.0321714,0.426767,0.136429
9.792,-0.369946,0.688834,0.231654
9.793,-0.134349,-0.394847,-0.095104
9.794,-0.0348565,-0.655199,0.488675
9.795,0.0857032,0.240514,0.142781
9.796,-0.0531364,0.324981,0.0753666
9.797,-0.399972,0.424927,0.0345509
9.798,-0.12496,-0.617353,0.00774429
9.799,0.0134637,-0.417997,0.416035
9.8,0.0481356,0.369262,0.147283
9.801,-0.146938,0.489026,0.130281
9.802,-0.49756,0.271734,-0.077404
9.803,-0.014815,-0.476416,0.0845912
9.804,0.0720768,-0.133488,0.246261
9.805,-0.00441446,0.494938,0.183625
9.806,-0.132381,0.285426,0.022609
9.807,-0.419806,-0.256222,-0.260962
9.808,0.00576549,-0.571206,0.26857
9.809,0.0568134,-0.0255518,0.188827
9.81,-0.064872,0.556689,0.196932
9.811,-0.23134,0.310138,0.00331617
9.812,-0.463447,-0.604373,-0.285833
9.813,0.0787491,-0.279774,0.161296
9.814,0.0597372,0.137462,0.131508
9.815,-0.143182,0.660205,0.247069
9.816,-0.173194,0.0539363,-0.0852248
9.817,-0.272396,-0.905531,0.0375948
9.818,0.0991004,-0.182328,0.215382
9.819,0.0348623,0.20952,0.105011
9.82,-0.221536,0.689244,0.253097
9.821,-0.286631,-0.0885287,-0.172502
9.822,-0.237054,-1.04984,0.340007
9.823,0.108112,0.0216604,0.126642
9.824,0.000348411,0.348377,0.117302
9.825,-0.313647,0.705733,0.252152
9.826,-0.165953,-0.306719,-0.131166
9.827,-0.058757,-0.7473,0.449876
9.828,0.100948,0.157688,0.145061
9.829,-0.0344509,0.346211,0.0953278
9.83,-0.355443,0.513155,0.10165
9.831,-0.178105,-0.567328,-0.0817235
9.832,-0.0323479,-0.60367,0.511033
9.833,0.071742,0.292572,0.133723
9.834,-0.0882961,0.405018,0.100475
9.835,-0.460758,0.436954,0.0330185
9.836,-0.0621115,-0.526404,0.0391466
9.837,0.0660127,-0.239827,0.29321
9.838,0.0291002,0.427255,0.164629
9.839,-0.111216,0.319126,0.0469587
9.84,-0.440199,0.00156706,-0.196111
9.841,-0.0170723,-0.577383,0.178862
9.842,0.0562975,-0.113923,0.239367
9.843,-0.0269696,0.520046,0.188012
9.844,-0.224228,0.417795,0.0662073
9.845,-0.497017,-0.32525,-0.301983
9.846,0.0555592,-0.366707,0.162015
9.847,0.0688927,0.072036,0.154413
9.848,-0.09921,0.625925,0.233573
9.849,-0.17635,0.153894,-0.0511982
9.85,-0.382275,-0.780546,-0.174314
9.851,0.0808001,-0.30167,0.24894
9.852,0.0455454,0.142874,0.115792
9.853,-0.171067,0.656941,0.238329
9.854,-0.228025,0.017602,-0.119301
9.855,-0.301842,-1.02677,0.132853
9.856,0.109576,-0.0725939,0.150402
9.857,0.0223404,0.334115,0.126409
9.858,-0.266639,0.726209,0.275045
9.859,-0.160981,-0.186488,-0.126611
9.86,-0.130675,-0.898695,0.412635
9.861,0.110128,0.0796647,0.139364
9.862,-0.0108221,0.314606,0.095838
9.863,-0.321974,0.599948,0.169392
9.864,-0.227319,-0.46712,-0.155356
9.865,-0.064768,-0.73925,0.521841
9.866,0.0877449,0.212312,0.12253
9.867,-0.0639941,0.411862,0.114069
9.868,-0.430138,0.574315,0.135391
9.869,-0.0854046,-0.465308,-0.0241461
9.87,0.030182,-0.408893,0.385284
9.871,0.0571802,0.351963,0.147207
9.872,-0.094665,0.359701,0.0739202
9.873,-0.422276,0.189318,-0.107501
9.874,-0.0870166,-0.701103,0.15127
9.875,0.0382515,-0.240308,0.316821
9.876,0.00740972,0.454671,0.165718
9.877,-0.154517,0.367713,0.0570816
9.878,-0.489624,-0.0792479,-0.23944
9.879,0.0296602,-0.411133,0.128439
9.88,0.0830089,0.0224517,0.177923
9.881,-0.057016,0.577746,0.213803
9.882,-0.16627,0.230972,-0.014935
9.883,-0.424045,-0.560895,-0.269467
9.884,0.0570121,-0.411953,0.264875
9.885,0.0565822,0.091464,0.138015
9.886,-0.126819,0.637641,0.234332
9.887,-0.27722,0.200345,-0.0647554
9.888,-0.380276,-0.918842,-0.0878406
9.889,0.099527,-0.150858,0.144992
9.89,0.0446532,0.278781,0.12629
9.891,-0.215473,0.716023,0.274968
9.892,-0.178124,-0.0821784,-0.121919
9.893,-0.190161,-0.953381,0.278958
9.894,0.112722,-0.0177711,0.158187
9.895,0.0113305,0.25445,0.091511
9.896,-0.280175,0.652281,0.215177
9.897,-0.204595,-0.293767,-0.157039
9.898,-0.131145,-0.907439,0.509209
9.899,0.103771,0.13632,0.129965
9.9,-0.043836,0.440695,0.138457
9.901,-0.387728,0.666702,0.211905
9.902,-0.116866,-0.410291,-0.0756884
9.903,-0.00371723,-0.561249,0.44282
9.904,0.0798014,0.276501,0.137964
9.905,-0.0697533,0.364972,0.0870407
9.906,-0.397475,0.345783,-0.0149395
9.907,-0.103567,-0.6169,0.0386149
9.908,0.0237675,-0.362116,0.385501
9.909,0.0379345,0.395201,0.152656
9.91,-0.159824,0.485036,0.12421
9.911,-0.504333,0.192617,-0.123072
9.912,-0.00388353,-0.475535,0.105578
9.913,0.0642095,-0.119273,0.2418
9.914,-0.0174765,0.50978,0.187467
9.915,-0.136599,0.26005,0.00914813
9.916,-0.427926,-0.34153,-0.275463
9.917,0.0416047,-0.440346,0.200084
9.918,0.0610848,0.0200026,0.168764
9.919,-0.0838401,0.593919,0.21559
9.92,-0.261889,0.310508,-0.00476459
9.921,-0.443535,-0.715767,-0.247089
9.922,0.0868959,-0.245886,0.16366
9.923,0.0561011,0.174097,0.124955
9.924,-0.165884,0.683876,0.259641
9.925,-0.191263,0.0261,-0.101465
9.926,-0.276669,-0.965859,0.0985264
9.927,0.107878,-0.116501,0.180596
9.928,0.028135,0.230473,0.101559
9.929,-0.242662,0.692158,0.251813
9.93,-0.283773,-0.159427,-0.186537
9.931,-0.207196,-1.02917,0.415219
9.932,0.107392,0.0580431,0.125549
9.933,-0.0151881,0.404484,0.133734
9.934,-0.340972,0.71083,0.252822
9.935,-0.142859,-0.33507,-0.111806
9.936,-0.050814,-0.718114,0.47677
9.937,0.0959577,0.200993,0.134633
9.938,-0.0455895,0.354844,0.0935109
9.939,-0.371036,0.468973,0.0687366
9.94,-0.158982,-0.603341,-0.0436681
9.941,-0.0142485,-0.528199,0.479211
9.942,0.061818,0.324013,0.137483
9.943,-0.0982972,0.395933,0.0917243
9.944,-0.4667,0.347486,-0.0262373
9.945,-0.0315032,-0.469629,0.0512216
9.946,0.0598739,-0.213871,0.289761
9.947,0.0148169,0.455349,0.170707
9.948,-0.132362,0.336102,0.0477404
9.949,-0.41904,-0.136048,-0.234467
9.95,0.0031985,-0.542357,0.197353
9.951,0.0585361,-0.0667632,0.212642
9.952,-0.0453751,0.5468,0.197504
9.953,-0.238816,0.388994,0.045448
9.954,-0.482523,-0.464469,-0.306242
9.955,0.0679203,-0.319302,0.15813
9.956,0.0657959,0.108714,0.14214
9.957,-0.12091,0.64779,0.24334
9.958,-0.181238,0.113585,-0.0683913
9.959,-0.354804,-0.867117,-0.0977883
9.96,0.0903898,-0.244761,0.234073
9.961,0.0403519,0.169844,0.108409
9.962,-0.190657,0.65564,0.233394
9.963,-0.23119,-0.0400087,-0.137002
9.964,-0.277067,-1.05582,0.232123
9.965,0.108069,-0.0230029,0.130346
9.966,0.0131921,0.322383,0.115747
9.967,-0.287179,0.714678,0.262878
9.968,-0.179152,-0.25021,-0.140827
9.969,-0.0785895,-0.795385,0.419043
9.97,0.10698,0.118328,0.144452
9.971,-0.0207731,0.319717,0.0914697
9.972,-0.35962,0.624687,0.182639
9.973,-0.2238,-0.545083,-0.132533
9.974,-0.0538434,-0.685318,0.535736
9.975,0.0803256,0.252702,0.12734
9.976,-0.0854811,0.447631,0.125361
9.977,-0.452688,0.529696,0.0994876
9.978,-0.0736891,-0.496567,0.00523072
9.979,0.0323089,-0.362736,0.37412
9.98,0.0439964,0.382696,0.155513
9.981,-0.0965881,0.318959,0.0526794
9.982,-0.43492,0.102029,-0.152617
9.983,-0.0480346,-0.638633,0.170533
9.984,0.045622,-0.181136,0.280019
9.985,-0.00877689,0.482496,0.17351
9.986,-0.163056,0.340159,0.0395838
9.987,-0.484669,-0.210101,-0.275664
9.988,0.0435345,-0.381576,0.139221
9.989,0.0815695,0.0671354,0.162874
9.99,-0.0778265,0.604437,0.224812
9.991,-0.171842,0.193892,-0.0331484
9.992,-0.408935,-0.675198,-0.235429
9.993,0.0700102,-0.356521,0.258644
9.994,0.0508285,0.116666,0.125803
9.995,-0.141812,0.616123,0.215403
9.996,-0.239845,0.0897097,-0.0992661
9.997,-0.343497,-0.989099,0.0200671
9.998,0.105133,-0.111166,0.146684
9.999,0.033348,0.251363,0.110831
10,-0.234985,0.704637,0.262868
10.001,-0.16725,-0.136256,-0.124973
10.002,-0.15346,-0.923369,0.352418
10.003,0.112362,0.0304363,0.153025
10.004,0.000667412,0.286934,0.0933935
10.005,-0.314481,0.670844,0.224451
10.006,-0.256894,-0.4046,-0.184972
10.007,-0.107432,-0.848636,0.548282
10.008,0.0955241,0.178914,0.124213
10.009,-0.0513307,0.409587,0.118452
10.01,-0.404834,0.608038,0.164093
10.011,-0.113363,-0.472371,-0.0525441
10.012,0.0283966,-0.448227,0.386925
10.013,0.0682918,0.315073,0.146413
10.014,-0.0839102,0.367748,0.0824211
10.015,-0.410884,0.265442,-0.0643619
10.016,-0.0942007,-0.663796,0.0947535
10.017,0.0297959,-0.302078,0.354456
10.018,0.0225549,0.414593,0.152435
10.019,-0.176916,0.47686,0.114525
10.02,-0.508716,0.0753509,-0.18241
10.021,0.0134897,-0.447387,0.120434
10.022,0.073795,-0.0508505,0.20722
10.023,-0.036489,0.543825,0.199154
10.024,-0.164947,0.275597,0.00632617
10.025,-0.387466,-0.478766,-0.257238
10.026,0.0526596,-0.418566,0.224567
10.027,0.0593098,0.0583809,0.151424
10.028,-0.10581,0.618324,0.226101
10.029,-0.27086,0.256477,-0.035522
10.03,-0.413927,-0.831467,-0.175968
10.031,0.0940892,-0.191581,0.149537
10.032,0.0530827,0.246785,0.126862
10.033,-0.190187,0.699513,0.26673
10.034,-0.186309,-0.0283902,-0.114065
10.035,-0.25763,-1.00351,0.189052
10.036,0.107351,-0.0836254,0.190596
10.037,0.0194573,0.240704,0.0953349
10.038,-0.250535,0.634209,0.206434
10.039,-0.232223,-0.238755,-0.171287
10.04,-0.161589,-0.963857,0.471677
10.041,0.10761,0.0985679,0.132026
10.042,-0.0297718,0.422596,0.135419
10.043,-0.365826,0.691537,0.234309
10.044,-0.130318,-0.377842,-0.095062
10.045,-0.0272854,-0.642259,0.469007
10.046,0.0881684,0.241371,0.13602
10.047,-0.0581657,0.361577,0.0906341
10.048,-0.385987,0.409404,0.0268954
10.049,-0.13082,-0.619264,0.00100345
10.05,0.00900363,-0.434724,0.426716
10.051,0.050317,0.362697,0.145797
10.052,-0.142681,0.486028,0.129631
10.053,-0.495252,0.291113,-0.065537
10.054,-0.0172765,-0.473602,0.0780278
10.055,0.0770679,-0.129649,0.24198
10.056,-0.000843742,0.486236,0.181128
10.057,-0.133628,0.29771,0.028071
10.058,-0.461713,-0.17684,-0.259719
10.059,0.00690946,-0.56207,0.251728
10.06,0.0640944,-0.0171173,0.188293
10.061,-0.0597989,0.54433,0.190714
10.062,-0.233598,0.325436,0.0109037
10.063,-0.463377,-0.580527,-0.289249
10.064,0.0764771,-0.274547,0.148413
10.065,0.0649165,0.15369,0.134162
10.066,-0.1394,0.660433,0.247866
10.067,-0.194012,0.08343,-0.0841715
10.068,-0.275388,-0.892658,0.0204346
10.069,0.096582,-0.198161,0.222891
10.07,0.0348924,0.192058,0.103165
10.071,-0.209105,0.654892,0.229293
10.072,-0.259281,-0.0859303,-0.160426
10.073,-0.245536,-1.05388,0.319475
10.074,0.108184,0.0127636,0.127167
10.075,0.00354541,0.33604,0.114331
10.076,-0.311045,0.716222,0.260918
10.077,-0.160599,-0.287838,-0.12836
10.078,-0.0967954,-0.833898,0.493064
10.079,0.101432,0.14632,0.147051
10.08,-0.0278857,0.312554,0.0838993
10.081,-0.350194,0.519158,0.106699
10.082,-0.162275,-0.525621,-0.0826421
10.083,-0.0306944,-0.607243,0.505326
10.084,0.0739565,0.285138,0.133056
10.085,-0.0868528,0.410386,0.103968
10.086,-0.465075,0.471053,0.0559013
10.087,-0.0508801,-0.469114,0.021908
10.088,0.0509493,-0.285449,0.326232
10.089,0.0327421,0.415205,0.159933
10.09,-0.117513,0.34808,0.0592357
10.091,-0.426275,0.00145108,-0.192195
10.092,-0.0385146,-0.646369,0.211334
10.093,0.0584035,-0.119277,0.242409
10.094,-0.0217469,0.492082,0.173257
10.095,-0.20308,0.384802,0.0523494
10.096,-0.498948,-0.291112,-0.297316
10.097,0.0529922,-0.366413,0.153194
10.098,0.0695667,0.0615895,0.158266
10.099,-0.0934142,0.619852,0.230972
10.1,-0.172307,0.16101,-0.0468351
10.101,-0.375207,-0.754605,-0.180408
10.102,0.0855206,-0.282678,0.213664
10.103,0.0496774,0.148552,0.11994
10.104,-0.165984,0.663651,0.244359
10.105,-0.289217,0.0911323,-0.115639
10.106,-0.32645,-1.03071,0.0942137
10.107,0.108047,-0.0798017,0.145441
10.108,0.0264376,0.273695,0.110285
10.109,-0.254772,0.711174,0.264864
10.11,-0.169125,-0.175226,-0.13045
10.111,-0.12536,-0.883348,0.385751
10.112,0.109534,0.0530133,0.158453
10.113,-0.00748058,0.315365,0.0984324
10.114,-0.310367,0.59381,0.166666
10.115,-0.223389,-0.439787,-0.157423
10.116,-0.0873052,-0.794295,0.548737
10.117,0.0901835,0.199962,0.122025
10.118,-0.0599323,0.412414,0.11612
10.119,-0.420614,0.58376,0.143685
10.12,-0.104302,-0.494294,-0.0336424
10.121,0.0401734,-0.395839,0.363583
10.122,0.0606124,0.34528,0.148691
10.123,-0.0866673,0.343639,0.068992
10.124,-0.455757,0.29385,-0.0568797
10.125,-0.0938082,-0.705111,0.140403
10.126,0.0365861,-0.254836,0.325639
10.127,0.0114905,0.440446,0.159983
10.128,-0.1705,0.420571,0.0821665
10.129,-0.503166,-0.0239191,-0.223045
10.13,0.0231446,-0.437185,0.134933
10.131,0.0685246,-0.0350968,0.198815
10.132,-0.0491868,0.558352,0.204513
10.133,-0.150184,0.215729,-0.015725
10.134,-0.414773,-0.537882,-0.267057
10.135,0.065608,-0.363691,0.204157
10.136,0.0578913,0.0836519,0.141582
10.137,-0.12042,0.630504,0.230844
10.138,-0.278603,0.222101,-0.0547575
10.139,-0.39407,-0.898113,-0.117233
10.14,0.0988901,-0.165722,0.151618
10.141,0.0442268,0.224391,0.11619
10.142,-0.206985,0.706566,0.269115
10.143,-0.193665,-0.0632921,-0.125647
10.144,-0.19489,-0.950443,0.257932
10.145,0.111739,-0.0368472,0.16896
10.146,0.0135945,0.260883,0.0954585
10.147,-0.280025,0.677258,0.234415
10.148,-0.245183,-0.290823,-0.181214
10.149,-0.152358,-0.94962,0.512761
10.15,0.103897,0.12516,0.127115
10.151,-0.0276908,0.363235,0.107105
10.152,-0.369927,0.646461,0.198129
10.153,-0.113947,-0.386713,-0.0787566
10.154,-0.0126182,-0.589694,0.4564
10.155,0.0821847,0.267304,0.13748
10.156,-0.066837,0.365354,0.088536
10.157,-0.396109,0.367031,-0.00167123
10.158,-0.125186,-0.65389,0.0337343
10.159,0.0138316,-0.395658,0.409387
10.16,0.0408451,0.371472,0.142537
10.161,-0.148759,0.470108,0.118072
10.162,-0.481623,0.191101,-0.11934
10.163,-0.00534905,-0.456439,0.0880338
10.164,0.0733946,-0.110023,0.235013
10.165,-0.0124183,0.508142,0.187533
10.166,-0.133587,0.269416,0.0146124
10.167,-0.42127,-0.305685,-0.268726
10.168,0.0208812,-0.5257,0.253679
10.169,0.0627374,0.00696578,0.175892
10.17,-0.072956,0.565997,0.200344
10.171,-0.236029,0.293766,-0.0066202
10.172,-0.454621,-0.657351,-0.27027
10.173,0.0826663,-0.264366,0.162758
10.174,0.0577416,0.151815,0.127917
10.175,-0.152511,0.666413,0.249535
10.176,-0.172194,0.0333847,-0.0909943
10.177,-0.285627,-0.947914,0.0624226
10.178,0.106843,-0.129023,0.174826
10.179,0.0309845,0.214277,0.101609
10.18,-0.226029,0.666905,0.235252
10.181,-0.215012,-0.138528,-0.150408
10.182,-0.203379,-1.01012,0.370815
10.183,0.10756,0.0404457,0.125135
10.184,-0.00465675,0.350501,0.115016
10.185,-0.32733,0.707074,0.251471
10.186,-0.159946,-0.328567,-0.125291
10.187,-0.0522928,-0.727713,0.460832
10.188,0.0992331,0.183236,0.138633
10.189,-0.0363031,0.326055,0.0849562
10.19,-0.380489,0.540901,0.117475
10.191,-0.132943,-0.514906,-0.056666
10.192,-0.0087712,-0.536326,0.46619
10.193,0.0654967,0.301149,0.130734
10.194,-0.108291,0.452161,0.119913
10.195,-0.476796,0.42231,0.0207847
10.196,-0.042279,-0.482931,0.0424079
10.197,0.0668895,-0.21924,0.285411
10.198,0.0234463,0.432469,0.165886
10.199,-0.1118,0.303561,0.0391316
10.2,-0.444321,-0.0401694,-0.212679
10.201,-0.00119017,-0.531758,0.168339
10.202,0.0578398,-0.0925531,0.227201
10.203,-0.0346881,0.531663,0.192066
10.204,-0.230489,0.406143,0.0576704
10.205,-0.491718,-0.384335,-0.306634
10.206,0.0609024,-0.349501,0.163047
10.207,0.0670534,0.0854927,0.149034
10.208,-0.107211,0.629551,0.234008
10.209,-0.178462,0.135629,-0.0590897
10.21,-0.369407,-0.822105,-0.140801
10.211,0.0851732,-0.276545,0.243194
10.212,0.0432699,0.155582,0.112161
10.213,-0.180061,0.656576,0.236208
10.214,-0.219097,-0.0141789,-0.124902
10.215,-0.277702,-1.0288,0.18477
10.216,0.108314,-0.0440276,0.135191
10.217,0.0174099,0.34186,0.125932
10.218,-0.273066,0.71348,0.263964
10.219,-0.173866,-0.216389,-0.136305
10.22,-0.137176,-0.916246,0.448278
10.221,0.106719,0.0837016,0.155526
10.222,-0.013121,0.29401,0.0858622
10.223,-0.333065,0.59306,0.16261
10.224,-0.198729,-0.473671,-0.131434
10.225,-0.0610052,-0.71852,0.532451
10.226,0.0872098,0.236274,0.130963
10.227,-0.0844708,0.474646,0.141431
10.228,-0.44234,0.558029,0.121696
10.229,-0.0766784,-0.470846,-0.0112063
10.23,0.0419712,-0.362218,0.358188
10.231,0.0515552,0.371057,0.153497
10.232,-0.0958027,0.342239,0.0645521
10.233,-0.463935,0.229679,-0.0949698
10.234,-0.0737957,-0.689821,0.169665
10.235,0.0431712,-0.209667,0.29738
10.236,0.000782001,0.454014,0.161837
10.237,-0.174902,0.393508,0.06526
10.238,-0.493548,-0.131778,-0.257482
10.239,0.0321355,-0.433626,0.156451
10.24,0.0813924,0.0399837,0.171402
10.241,-0.064512,0.580794,0.213633
10.242,-0.166255,0.211276,-0.0236379
10.243,-0.420614,-0.608887,-0.259365
10.244,0.0617253,-0.392485,0.267057
10.245,0.052131,0.0955073,0.132197
10.246,-0.135532,0.634483,0.229948
10.247,-0.224107,0.10793,-0.0867361
10.248,-0.355049,-0.948501,-0.0342358
10.249,0.10357,-0.143645,0.159244
10.25,0.0396423,0.293531,0.126127
10.251,-0.228046,0.72073,0.276582
10.252,-0.176099,-0.108564,-0.125603
10.253,-0.170774,-0.93833,0.31486
10.254,0.112498,0.00198322,0.159663
10.255,0.00607594,0.282893,0.0962306
10.256,-0.2992,0.671536,0.227149
10.257,-0.247377,-0.353455,-0.182237
10.258,-0.11241,-0.866496,0.517746
10.259,0.0996538,0.155111,0.125207
10.26,-0.0372242,0.371776,0.10609
10.261,-0.386384,0.620032,0.175603
10.262,-0.104101,-0.412767,-0.062722
10.263,0.0116801,-0.508697,0.417713
10.264,0.0751611,0.295518,0.14389
10.265,-0.0682348,0.334152,0.0724027
10.266,-0.40557,0.320161,-0.0318407
10.267,-0.11839,-0.683951,0.0700056
10.268,0.033338,-0.325132,0.360805
10.269,0.0312384,0.393347,0.146875
10.27,-0.152394,0.442262,0.100213
10.271,-0.505352,0.147939,-0.146599
10.272,0.00504895,-0.449645,0.103731
10.273,0.0821841,-0.0557933,0.208799
10.274,-0.0254707,0.531189,0.196108
10.275,-0.152185,0.277494,0.0116647
10.276,-0.447434,-0.35885,-0.285535
10.277,0.034553,-0.487046,0.256358
10.278,0.0614983,0.0354212,0.162338
10.279,-0.089657,0.593099,0.213289
10.28,-0.209975,0.209944,-0.0394377
10.281,-0.411815,-0.755599,-0.209496
10.282,0.0888912,-0.220891,0.150718
10.283,0.0591951,0.226903,0.129313
10.284,-0.174942,0.694654,0.265893
10.285,-0.185834,0.00504387,-0.105118
10.286,-0.279425,-0.989563,0.124091
10.287,0.104676,-0.119571,0.200933
10.288,0.0245187,0.222751,0.0963582
10.289,-0.247414,0.675537,0.238203
10.29,-0.220178,-0.192555,-0.160487
10.291,-0.189281,-1.00549,0.436709
10.292,0.108169,0.0712834,0.129066
10.293,-0.0108554,0.337984,0.105686
10.294,-0.341139,0.682917,0.230442
10.295,-0.136121,-0.345206,-0.105228
10.296,-0.0262025,-0.654659,0.444121
10.297,0.0926523,0.204221,0.143394
10.298,-0.043089,0.320668,0.0786917
10.299,-0.384607,0.474755,0.0704295
10.3,-0.152917,-0.612554,-0.031352
10.301,-0.00916077,-0.505516,0.468437
10.302,0.0585688,0.333383,0.138771
10.303,-0.101606,0.393705,0.0892817
10.304,-0.471835,0.326684,-0.0399881
10.305,-0.0282058,-0.473881,0.0592607
10.306,0.0731627,-0.170799,0.261417
10.307,0.0110976,0.462429,0.174141
10.308,-0.132616,0.326667,0.0428307
10.309,-0.436089,-0.134995,-0.239988
10.31,0.0029158,-0.551764,0.211194
10.311,0.0596911,-0.0569534,0.207513
10.312,-0.0487497,0.551829,0.199478
10.313,-0.240133,0.380741,0.0402929
10.314,-0.480301,-0.486902,-0.305015
10.315,0.0696091,-0.317908,0.162998
10.316,0.0635333,0.107957,0.140388
10.317,-0.123268,0.642869,0.239304
10.318,-0.169604,0.0903516,-0.0718473
10.319,-0.32243,-0.876907,-0.0543851
10.32,0.0999214,-0.187598,0.179512
10.321,0.0418054,0.199912,0.11127
10.322,-0.191336,0.637,0.219531
10.323,-0.246274,-0.0515006,-0.146394
10.324,-0.255201,-1.04265,0.264967
10.325,0.111426,-0.0157981,0.142475
10.326,0.00683128,0.368116,0.129702
10.327,-0.299967,0.727179,0.271219
10.328,-0.160277,-0.257714,-0.128779
10.329,-0.0981035,-0.838708,0.46379
10.33,0.105757,0.133589,0.138555
10.331,-0.0220209,0.308087,0.0856714
10.332,-0.340379,0.54322,0.125278
10.333,-0.182647,-0.514955,-0.105795
10.334,-0.0397754,-0.647196,0.513606
10.335,0.0800595,0.267337,0.133339
10.336,-0.0979161,0.480569,0.140261
10.337,-0.458343,0.51054,0.0848516
10.338,-0.0692832,-0.503058,0.0147071
10.339,0.0388674,-0.334664,0.357144
10.34,0.0399543,0.398236,0.158884
10.341,-0.109024,0.346865,0.0617633
10.342,-0.448259,0.100752,-0.156488
10.343,-0.0201741,-0.544831,0.132506
10.344,0.0552731,-0.148437,0.259137
10.345,-0.0131816,0.483064,0.171765
10.346,-0.205253,0.420309,0.0725469
10.347,-0.479421,-0.245307,-0.281556
10.348,0.0471509,-0.369103,0.138401
10.349,0.0756796,0.059077,0.1627
10.35,-0.0824647,0.607089,0.225091
10.351,-0.173228,0.185606,-0.0371459
10.352,-0.403647,-0.700101,-0.223853
10.353,0.0728182,-0.343384,0.255894
10.354,0.0500452,0.124203,0.123529
10.355,-0.146911,0.620466,0.217269
10.356,-0.259239,0.0952471,-0.103994
10.357,-0.34204,-1.00348,0.0375289
10.358,0.104454,-0.096736,0.137623
10.359,0.0317299,0.285176,0.117781
10.36,-0.24343,0.714943,0.269541
10.361,-0.193336,-0.149405,-0.140875
10.362,-0.12981,-0.882504,0.352552
10.363,0.111953,0.040281,0.152992
10.364,-0.00210899,0.296661,0.0949061
10.365,-0.318006,0.659266,0.214953
10.366,-0.23663,-0.41274,-0.170642
10.367,-0.0886341,-0.806238,0.528231
10.368,0.0947342,0.186374,0.125187
10.369,-0.0486639,0.384941,0.10694
10.37,-0.406209,0.59526,0.154194
10.371,-0.0989449,-0.449443,-0.0455592
10.372,0.0137664,-0.477715,0.419673
10.373,0.0667532,0.324801,0.144397
10.374,-0.078794,0.340292,0.0706771
10.375,-0.438308,0.315256,-0.0409661
10.376,-0.0684505,-0.591615,0.0768431
10.377,0.0326833,-0.290784,0.34666
10.378,0.0210274,0.417468,0.153035
10.379,-0.178152,0.47423,0.112557
10.38,-0.509843,0.0650173,-0.187376
10.381,0.0128163,-0.461276,0.131109
10.382,0.0699806,-0.0559192,0.209326
10.383,-0.0388992,0.54928,0.202365
10.384,-0.15527,0.252498,-0.00118583
10.385,-0.445746,-0.439576,-0.288627
10.386,0.0413564,-0.469002,0.274747
10.387,0.0555855,0.0490523,0.151611
10.388,-0.106034,0.610085,0.220298
10.389,-0.219344,0.180039,-0.0557843
10.39,-0.405254,-0.83574,-0.166047
10.391,0.0948357,-0.197463,0.157069
10.392,0.0483598,0.196933,0.117696
10.393,-0.18906,0.691132,0.26056
10.394,-0.1785,-0.0358479,-0.112193
10.395,-0.208596,-0.942361,0.205732
10.396,0.107132,-0.0830458,0.191268
10.397,0.0189695,0.236867,0.0939106
10.398,-0.263607,0.672911,0.233579
10.399,-0.214016,-0.238003,-0.16108
10.4,-0.16305,-0.966997,0.476084
10.401,0.107233,0.0999523,0.130997
10.402,-0.0296968,0.420896,0.134578
10.403,-0.363641,0.684853,0.22921
10.404,-0.128654,-0.373829,-0.0944045
10.405,-0.0163618,-0.617017,0.446671
10.406,0.0886207,0.238107,0.141206
10.407,-0.0498087,0.322592,0.0759731
10.408,-0.404167,0.462655,0.0590663
10.409,-0.104928,-0.548291,-0.00770889
10.41,0.0131897,-0.429759,0.418885
10.411,0.0498232,0.349889,0.138956
10.412,-0.142411,0.489676,0.131976
10.413,-0.49488,0.297846,-0.0614375
10.414,-0.0191246,-0.478756,0.0783191
10.415,0.071694,-0.146082,0.252081
10.416,0.000237654,0.486595,0.181381
10.417,-0.136014,0.305365,0.0309592
10.418,-0.467988,-0.162846,-0.258185
10.419,0.00175606,-0.580231,0.264999
10.42,0.0562204,-0.0360988,0.194332
10.421,-0.0619543,0.561276,0.200903
10.422,-0.197383,0.262851,-0.0105562
10.423,-0.441151,-0.595408,-0.274271
10.424,0.0770403,-0.27169,0.148015
10.425,0.0633644,0.14901,0.133337
10.426,-0.14215,0.667006,0.25209
10.427,-0.180853,0.0689098,-0.0836956
10.428,-0.308954,-0.920136,-0.000269067
10.429,0.103235,-0.164967,0.186211
10.43,0.0349128,0.193152,0.103283
10.431,-0.206826,0.645916,0.223053
10.432,-0.290103,-0.0705992,-0.169319
10.433,-0.247977,-1.05886,0.323017
10.434,0.11052,0.0130649,0.134996
10.435,0.00425707,0.320731,0.108769
10.436,-0.308049,0.704825,0.252194
10.437,-0.15795,-0.288336,-0.126511
10.438,-0.0939795,-0.827508,0.491867
10.439,0.100993,0.146917,0.147323
10.44,-0.0280723,0.309625,0.0825045
10.441,-0.36219,0.544977,0.123139
10.442,-0.165498,-0.534299,-0.0825102
10.443,-0.0260015,-0.59552,0.49634
10.444,0.0739812,0.289698,0.135249
10.445,-0.108393,0.485316,0.139655
10.446,-0.468483,0.46748,0.0529369
10.447,-0.0555725,-0.49624,0.0303405
10.448,0.0428285,-0.299951,0.340765
10.449,0.0313488,0.413841,0.16158
10.45,-0.10659,0.310563,0.0445695
10.451,-0.436734,0.00533079,-0.193691
10.452,-0.0278744,-0.614494,0.19729
10.453,0.0504965,-0.131608,0.249661
10.454,-0.024667,0.509667,0.182589
10.455,-0.177339,0.326041,0.0276529
10.456,-0.474943,-0.332191,-0.294202
10.457,0.0553237,-0.347383,0.143007
10.458,0.0745085,0.0875515,0.153623
10.459,-0.096839,0.625291,0.233565
10.46,-0.164065,0.143559,-0.0504202
10.461,-0.362105,-0.771433,-0.161205
10.462,0.0895719,-0.253896,0.190234
10.463,0.0504131,0.162922,0.119728
10.464,-0.162351,0.629035,0.219875
10.465,-0.268483,0.0565703,-0.121579
10.466,-0.317327,-1.03321,0.113289
10.467,0.106323,-0.0680424,0.134498
10.468,0.0248898,0.292467,0.114451
10.469,-0.262144,0.722382,0.272612
10.47,-0.176961,-0.185166,-0.135887
10.471,-0.157195,-0.947831,0.42089
10.472,0.108351,0.0586144,0.159316
10.473,-0.00726877,0.286624,0.0872234
10.474,-0.319311,0.604395,0.1731
10.475,-0.226565,-0.455276,-0.157056
10.476,-0.072795,-0.759869,0.53049
10.477,0.0911668,0.211438,0.12772
10.478,-0.0587621,0.39841,0.109217
10.479,-0.42798,0.589633,0.147236
10.48,-0.0825999,-0.444276,-0.0294128
10.481,0.0251464,-0.426912,0.39635
10.482,0.0591567,0.34714,0.146909
10.483,-0.0940711,0.365617,0.0772223
10.484,-0.415942,0.192285,-0.104546
10.485,-0.0657659,-0.629729,0.117584
10.486,0.0438403,-0.235057,0.310857
10.487,0.00979161,0.454817,0.167155
10.488,-0.188579,0.458674,0.100181
10.489,-0.502492,-0.0413325,-0.229483
10.49,0.0245425,-0.438111,0.139437
10.491,0.0686539,-0.0289222,0.195849
10.492,-0.0518271,0.562042,0.205911
10.493,-0.151157,0.211775,-0.0177944
10.494,-0.412875,-0.553406,-0.263971
10.495,0.0670481,-0.35925,0.205827
10.496,0.0562688,0.0837017,0.139962
10.497,-0.122216,0.627761,0.228441
10.498,-0.249625,0.175638,-0.0676078
10.499,-0.38339,-0.903332,-0.102552
10.5,0.0993666,-0.164496,0.152896
10.501,0.0431942,0.21866,0.114511
10.502,-0.20586,0.696734,0.26174
10.503,-0.170646,-0.0748358,-0.116714
10.504,-0.209612,-0.978806,0.270043
10.505,0.112678,-0.0214231,0.15608
10.506,0.0123606,0.260789,0.0943377
10.507,-0.277492,0.65654,0.218845
10.508,-0.200596,-0.281169,-0.154562
10.509,-0.127031,-0.899281,0.49421
10.51,0.10108,0.129728,0.121702
10.511,-0.0381533,0.416343,0.128139
10.512,-0.382481,0.667715,0.213325
10.513,-0.112733,-0.390424,-0.0767822
10.514,-0.00855831,-0.577232,0.450046
10.515,0.0811733,0.27055,0.137184
10.516,-0.0665566,0.358438,0.0851727
10.517,-0.404409,0.378614,0.00403785
10.518,-0.133044,-0.676171,0.0393916
10.519,0.0258749,-0.368561,0.384838
10.52,0.039522,0.373944,0.142802
10.521,-0.143343,0.448684,0.106722
10.522,-0.502346,0.218556,-0.108559
10.523,-0.00717826,-0.47503,0.0983943
10.524,0.0666801,-0.123994,0.243682
10.525,-0.0138489,0.511569,0.189408
10.526,-0.140549,0.280857,0.0174339
10.527,-0.449024,-0.281854,-0.276725
10.528,0.0318382,-0.480487,0.220318
10.529,0.0610613,0.00794348,0.174351
10.53,-0.0780502,0.588182,0.213493
10.531,-0.259532,0.324641,0.00356841
10.532,-0.449172,-0.68266,-0.260508
10.533,0.0843316,-0.250206,0.15671
10.534,0.0592473,0.174032,0.127851
10.535,-0.159407,0.680003,0.257967
10.536,-0.185589,0.0363806,-0.0959488
10.537,-0.301185,-0.96837,0.0607638
10.538,0.101843,-0.15265,0.20953
10.539,0.0292905,0.209688,0.0991042
10.54,-0.230083,0.666532,0.23426
10.541,-0.214905,-0.15007,-0.152158
10.542,-0.19609,-1.00282,0.383941
10.543,0.107332,0.0479659,0.124793
10.544,-0.00773307,0.362038,0.118165
10.545,-0.329515,0.697692,0.24367
10.546,-0.159231,-0.339956,-0.123656
10.547,-0.0400532,-0.696417,0.448234
10.548,0.0964128,0.181845,0.14443
10.549,-0.0366004,0.314973,0.0797642
10.55,-0.386923,0.535001,0.112288
10.551,-0.13538,-0.537656,-0.0494362
10.552,-0.0143866,-0.538717,0.479026
10.553,0.0646077,0.313143,0.135225
10.554,-0.0950359,0.398091,0.0941252
10.555,-0.462486,0.36964,-0.0115524
10.556,-0.0365839,-0.472997,0.0452496
10.557,0.0651635,-0.213551,0.285047
10.558,0.0197084,0.446486,0.170054
10.559,-0.113645,0.30061,0.0369903
10.56,-0.448495,-0.0552207,-0.219163
10.561,0.00526733,-0.511336,0.162954
10.562,0.0610085,-0.0761016,0.218476
10.563,-0.0371472,0.516649,0.181733
10.564,-0.232538,0.398173,0.052427
10.565,-0.488434,-0.412151,-0.307252
10.566,0.0635662,-0.33548,0.158387
10.567,0.0660346,0.0904407,0.146857
10.568,-0.110655,0.63055,0.233819
10.569,-0.167544,0.113131,-0.0630532
10.57,-0.340849,-0.837869,-0.102805
10.571,0.0959302,-0.216433,0.185869
10.572,0.0455471,0.18446,0.114361
10.573,-0.178827,0.633377,0.219463
10.574,-0.244288,-0.015135,-0.135625
10.575,-0.279047,-1.04398,0.206613
10.576,0.110808,-0.0408823,0.145261
10.577,0.0140518,0.3541,0.128476
10.578,-0.285446,0.729275,0.274856
10.579,-0.166455,-0.229256,-0.132314
10.58,-0.122242,-0.888191,0.454237
10.581,0.107315,0.102123,0.149626
10.582,-0.0165312,0.30824,0.0893459
10.583,-0.347488,0.61837,0.179485
10.584,-0.184806,-0.472745,-0.120057
10.585,-0.0548375,-0.698815,0.527739
10.586,0.0854606,0.244972,0.131801
10.587,-0.087329,0.472983,0.139427
10.588,-0.445104,0.543091,0.110281
10.589,-0.0689003,-0.458415,-0.00718955
10.59,0.0366756,-0.365399,0.367897
10.591,0.0482027,0.378294,0.152635
10.592,-0.103218,0.355921,0.0686376
10.593,-0.427452,0.125495,-0.139952
10.594,-0.0707045,-0.691932,0.180937
10.595,0.043957,-0.197653,0.290186
10.596,-0.0035188,0.468885,0.168142
10.597,-0.177945,0.389416,0.0620502
10.598,-0.492382,-0.16048,-0.265448
10.599,0.0354329,-0.426076,0.158573
10.6,0.0808629,0.0487878,0.168296
10.601,-0.0685907,0.584797,0.214956
10.602,-0.158938,0.189624,-0.0301005
10.603,-0.359616,-0.653003,-0.206709
10.604,0.0670095,-0.370986,0.255201
10.605,0.0566123,0.122627,0.130847
10.606,-0.134272,0.611662,0.214096
10.607,-0.242347,0.114439,-0.0907047
10.608,-0.348925,-0.963668,-0.0125465
10.609,0.104686,-0.134444,0.158895
10.61,0.0372788,0.297666,0.125483
10.611,-0.232793,0.721033,0.276079
10.612,-0.168344,-0.118285,-0.123023
10.613,-0.171219,-0.946054,0.333122
10.614,0.112566,0.0193885,0.146964
10.615,0.00331961,0.298168,0.0995478
10.616,-0.288859,0.614753,0.185575
10.617,-0.23321,-0.367523,-0.172548
10.618,-0.118823,-0.876975,0.544094
10.619,0.0985717,0.167053,0.126548
10.62,-0.04163,0.378453,0.107132
10.621,-0.394404,0.614041,0.169997
10.622,-0.101912,-0.42426,-0.0571037
10.623,0.024734,-0.468969,0.391939
10.624,0.0722068,0.307478,0.14409
10.625,-0.0758324,0.350639,0.0771277
10.626,-0.44332,0.376848,-0.00380763
10.627,-0.118697,-0.706702,0.0912716
10.628,0.026337,-0.321696,0.366613
10.629,0.0265058,0.41063,0.152816
10.63,-0.147045,0.410992,0.0835833
10.631,-0.501234,0.0970737,-0.170608
10.632,0.00653545,-0.467991,0.122153
10.633,0.0668481,-0.0823764,0.222448
10.634,-0.03017,0.53006,0.194234
10.635,-0.143202,0.244263,-0.00051274
10.636,-0.409815,-0.433938,-0.270893
10.637,0.0434923,-0.455448,0.243686
10.638,0.0564288,0.0347948,0.158416
10.639,-0.0956713,0.592159,0.210898
10.64,-0.225356,0.212493,-0.0432808
10.641,-0.421431,-0.792016,-0.201499
10.642,0.0910319,-0.20413,0.146644
10.643,0.0539327,0.211796,0.123766
10.644,-0.18053,0.689877,0.261119
10.645,-0.19878,-0.0044506,-0.11345
10.646,-0.211026,-0.926815,0.175386
10.647,0.110399,-0.0804395,0.172516
10.648,0.0221859,0.243172,0.0985624
10.649,-0.25898,0.689721,0.247324
10.65,-0.282167,-0.216006,-0.194624
10.651,-0.182681,-0.999764,0.464902
10.652,0.106263,0.0873182,0.125764
10.653,-0.0202882,0.382402,0.120321
10.654,-0.352981,0.683521,0.229426
10.655,-0.151695,-0.389602,-0.110726
10.656,-0.0134519,-0.615886,0.432787
10.657,0.0905195,0.228437,0.141167
10.658,-0.0470443,0.320973,0.0766864
10.659,-0.403629,0.485387,0.0747597
10.66,-0.116968,-0.562961,-0.0149162
10.661,0.00265585,-0.462662,0.442264
10.662,0.0540926,0.347958,0.141716
10.663,-0.111211,0.406004,0.0925714
10.664,-0.484264,0.310533,-0.051962
10.665,-0.0325222,-0.519165,0.0837994
10.666,0.0757359,-0.14836,0.250522
10.667,0.00475823,0.477161,0.178572
10.668,-0.123475,0.287175,0.026786
10.669,-0.438373,-0.175187,-0.251239
10.67,0.0171135,-0.504709,0.193887
10.671,0.0559118,-0.0502879,0.202236
10.672,-0.0548426,0.548016,0.194805
10.673,-0.19662,0.279289,-0.00223923
10.674,-0.456045,-0.546173,-0.289152
10.675,0.0728678,-0.311087,0.168945
10.676,0.0671586,0.144997,0.136965
10.677,-0.132282,0.656428,0.246617
10.678,-0.195969,0.10317,-0.0779451
10.679,-0.276594,-0.869665,-0.00255103
10.68,0.100878,-0.184669,0.193022
10.681,0.0379762,0.193772,0.106717
10.682,-0.207857,0.678789,0.247525
10.683,-0.272198,-0.0568813,-0.158504
10.684,-0.24927,-1.04504,0.287348
10.685,0.111568,-0.00606574,0.141629
10.686,0.00399835,0.372102,0.129687
10.687,-0.305638,0.72657,0.269991
10.688,-0.163307,-0.273052,-0.130621
10.689,-0.105374,-0.85371,0.487079
10.69,0.102862,0.133852,0.148302
10.691,-0.0248914,0.310816,0.0850103
10.692,-0.345227,0.532351,0.116786
10.693,-0.174629,-0.523485,-0.0954111
10.694,-0.0324993,-0.621997,0.504312
10.695,0.0770806,0.276413,0.1332
10.696,-0.0965161,0.461049,0.129164
10.697,-0.454194,0.477108,0.06164
10.698,-0.0722235,-0.525489,0.023565
10.699,0.0607953,-0.273776,0.309811
10.7,0.0367174,0.409039,0.161066
10.701,-0.105581,0.325261,0.0521833
10.702,-0.443349,0.065498,-0.17092
10.703,-0.0201547,-0.559713,0.148495
10.704,0.051989,-0.146441,0.258464
10.705,-0.0168863,0.499158,0.179656
10.706,-0.184261,0.363053,0.0454525
10.707,-0.49435,-0.255343,-0.288936
10.708,0.0478133,-0.385425,0.155429
10.709,0.0680848,0.0401439,0.165051
10.71,-0.0847937,0.604031,0.222772
10.711,-0.16303,0.161498,-0.0430606
10.712,-0.349209,-0.728113,-0.170273
10.713,0.07583,-0.329697,0.250022
10.714,0.0518811,0.141919,0.123017
10.715,-0.155682,0.644909,0.232824
10.716,-0.218484,0.0490186,-0.10549
10.717,-0.315884,-0.996606,0.0699363
10.718,0.105712,-0.0899695,0.139664
10.719,0.0297209,0.316963,0.125733
10.72,-0.25029,0.724524,0.27612
10.721,-0.164518,-0.153669,-0.125576
10.722,-0.156059,-0.936601,0.38208
10.723,0.111813,0.0506377,0.144619
10.724,-0.00356197,0.302404,0.0960449
10.725,-0.31264,0.630878,0.193977
10.726,-0.18501,-0.377492,-0.138373
10.727,-0.082781,-0.791436,0.525171
10.728,0.0924945,0.189174,0.122201
10.729,-0.0631181,0.446417,0.133383
10.73,-0.406984,0.584351,0.145856
10.731,-0.0897082,-0.434704,-0.0408462
10.732,0.0187727,-0.459341,0.409614
10.733,0.0645609,0.330018,0.144021
10.734,-0.0881469,0.366183,0.0798817
10.735,-0.412097,0.231803,-0.0830138
10.736,-0.0723838,-0.622033,0.0965671
10.737,0.0394725,-0.264411,0.32858
10.738,0.016902,0.4418,0.163947
10.739,-0.183969,0.471567,0.10938
10.74,-0.509659,0.0230412,-0.205691
10.741,0.0197448,-0.439867,0.12882
10.742,0.0709737,-0.0396316,0.201572
10.743,-0.0452197,0.56008,0.206718
10.744,-0.147793,0.224765,-0.010895
10.745,-0.419415,-0.500542,-0.273214
10.746,0.0618967,-0.375533,0.201516
10.747,0.06042,0.0784942,0.145545
10.748,-0.108751,0.595368,0.209424
10.749,-0.268605,0.229048,-0.0485297
10.75,-0.382172,-0.860897,-0.129751
10.751,0.096291,-0.176824,0.148246
10.752,0.0500835,0.258063,0.126317
10.753,-0.199292,0.706031,0.270066
10.754,-0.174074,-0.0505391,-0.113397
10.755,-0.195071,-0.935002,0.228407
10.756,0.108467,-0.0659753,0.185417
10.757,0.0168519,0.255647,0.0968641
10.758,-0.273661,0.687362,0.243239
10.759,-0.276932,-0.266882,-0.197227
10.76,-0.161807,-0.966788,0.498494
10.761,0.104275,0.112044,0.12508
10.762,-0.0268386,0.381004,0.116085
10.763,-0.369012,0.672906,0.219037
10.764,-0.138896,-0.409667,-0.0958178
10.765,-0.00623231,-0.584669,0.434686
10.766,0.0850524,0.245243,0.14273
10.767,-0.0544941,0.327876,0.0760418
10.768,-0.389944,0.39431,0.0165494
10.769,-0.129763,-0.634759,0.0129495
10.77,0.00790616,-0.426256,0.426487
10.771,0.0460373,0.358958,0.140316
10.772,-0.145606,0.482764,0.126768
10.773,-0.492717,0.260023,-0.0833461
10.774,-0.0165431,-0.484811,0.087554
10.775,0.0620061,-0.158521,0.262537
10.776,-0.00390974,0.488532,0.181276
10.777,-0.139882,0.302894,0.0283598
10.778,-0.461002,-0.204631,-0.266183
10.779,0.0100684,-0.556464,0.258386
10.78,0.0629279,-0.0101354,0.184248
10.781,-0.0644555,0.553738,0.195163
10.782,-0.249963,0.343844,0.0167089
10.783,-0.458564,-0.60886,-0.282267
10.784,0.0785158,-0.266635,0.148979
10.785,0.064916,0.168046,0.133004
10.786,-0.145841,0.672426,0.255291
10.787,-0.174149,0.0565017,-0.0848351
10.788,-0.264314,-0.894734,0.0387951
10.789,0.101096,-0.174937,0.206031
10.79,0.0345317,0.201477,0.103696
10.791,-0.212355,0.657664,0.23076
10.792,-0.245021,-0.0995521,-0.157245
10.793,-0.229453,-1.03506,0.330752
10.794,0.111353,0.0150181,0.138531
10.795,-0.00219881,0.383706,0.131162
10.796,-0.317583,0.723059,0.265616
10.797,-0.159193,-0.297488,-0.126947
10.798,-0.0910069,-0.819977,0.495485
10.799,0.10037,0.153672,0.146516
10.8,-0.0293432,0.309877,0.0818307
10.801,-0.370532,0.555456,0.12947
10.802,-0.138644,-0.495445,-0.0702307
10.803,-0.0196549,-0.576382,0.485056
10.804,0.0706861,0.288112,0.130514
10.805,-0.10595,0.469674,0.131045
10.806,-0.453931,0.424288,0.025502
10.807,-0.0471268,-0.4695,0.0274615
10.808,0.0512165,-0.27528,0.322415
10.809,0.0294321,0.424714,0.16301
10.81,-0.115677,0.333457,0.0524322
10.811,-0.469635,0.0581367,-0.180768
10.812,-0.0387889,-0.656199,0.227353
10.813,0.0514537,-0.123484,0.244774
10.814,-0.0265765,0.506883,0.180077
10.815,-0.192078,0.350003,0.0360023
10.816,-0.486615,-0.335774,-0.29933
10.817,0.0544343,-0.374982,0.1669
10.818,0.0755278,0.0968175,0.151884
10.819,-0.0982491,0.625826,0.233747
10.82,-0.167406,0.144817,-0.051261
10.821,-0.322622,-0.767467,-0.126843
10.822,0.0880919,-0.268486,0.20972
10.823,0.0480363,0.153334,0.11774
10.824,-0.171985,0.669421,0.247404
10.825,-0.286936,0.0704774,-0.122838
10.826,-0.313004,-1.03434,0.122597
10.827,0.106727,-0.0656122,0.135193
10.828,0.0237233,0.32126,0.122876
10.829,-0.259893,0.713874,0.266222
10.83,-0.178899,-0.187704,-0.137228
10.831,-0.150536,-0.935804,0.419203
10.832,0.108825,0.0614978,0.157729
10.833,-0.00922481,0.311444,0.0956332
10.834,-0.321779,0.611976,0.178382
10.835,-0.196896,-0.427657,-0.139656
10.836,-0.0755583,-0.764772,0.537213
10.837,0.091795,0.214366,0.13016
10.838,-0.074809,0.467277,0.140681
10.839,-0.431434,0.590334,0.147352
10.84,-0.0933815,-0.481899,-0.0263742
10.841,0.0203238,-0.434668,0.406479
10.842,0.0581621,0.348975,0.150449
10.843,-0.0901014,0.348582,0.0700661
10.844,-0.457049,0.27828,-0.0662105
10.845,-0.0898519,-0.703695,0.147796
10.846,0.0380304,-0.244594,0.319283
10.847,0.00900065,0.444855,0.161052
10.848,-0.176196,0.426314,0.0839435
10.849,-0.510056,-0.0307202,-0.227475
10.85,0.0254076,-0.435552,0.139317
10.851,0.0684005,-0.0276809,0.19517
10.852,-0.052989,0.564551,0.207076
10.853,-0.154272,0.215636,-0.0173071
10.854,-0.371476,-0.573171,-0.235143
10.855,0.0649043,-0.374274,0.221752
10.856,0.0566106,0.087087,0.139296
10.857,-0.124405,0.634681,0.232814
10.858,-0.279892,0.211524,-0.0602259
10.859,-0.388562,-0.913711,-0.100543
10.86,0.0999693,-0.158463,0.151497
10.861,0.0425105,0.225213,0.11469
10.862,-0.20864,0.698217,0.262384
10.863,-0.170594,-0.0801058,-0.1177
10.864,-0.202045,-0.971319,0.278299
10.865,0.112608,-0.0145004,0.151321
10.866,0.0109008,0.28328,0.100263
10.867,-0.271823,0.62382,0.1951
10.868,-0.220891,-0.305461,-0.167039
10.869,-0.132051,-0.909117,0.51447
10.87,0.103449,0.138401,0.129665
10.871,-0.0444875,0.441035,0.138352
10.872,-0.389068,0.666233,0.211378
10.873,-0.120825,-0.421468,-0.0764373
10.874,-0.0191125,-0.595216,0.475617
10.875,0.0785327,0.273859,0.143533
10.876,-0.0635889,0.33358,0.0743073
10.877,-0.400783,0.349381,-0.0133811
10.878,-0.127013,-0.677657,0.0501301
10.879,0.0287092,-0.352753,0.376131
10.88,0.0366167,0.381142,0.144337
10.881,-0.149004,0.453586,0.107979
10.882,-0.503011,0.194398,-0.121857
10.883,-0.00174015,-0.458582,0.0966767
10.884,0.0814294,-0.0766603,0.217722
10.885,-0.017927,0.518568,0.191506
10.886,-0.141795,0.273829,0.0136459
10.887,-0.436045,-0.322649,-0.276997
10.888,0.0420476,-0.432306,0.190039
10.889,0.0627624,0.0220131,0.169042
10.89,-0.0795567,0.570656,0.201321
10.891,-0.258992,0.31092,-0.00377969
10.892,-0.441749,-0.705221,-0.249121
10.893,0.0852477,-0.234549,0.147623
10.894,0.0580645,0.180126,0.126619
10.895,-0.163945,0.683313,0.259503
10.896,-0.185142,0.0265537,-0.0986867
10.897,-0.293217,-0.974522,0.0808141
10.898,0.102479,-0.143799,0.207984
10.899,0.0278647,0.214691,0.0983823
10.9,-0.232188,0.657865,0.22734
10.901,-0.245948,-0.160825,-0.169185
10.902,-0.19771,-1.01058,0.401921
10.903,0.110178,0.05286,0.134252
10.904,-0.0133687,0.396784,0.130992
10.905,-0.332783,0.696548,0.242359
10.906,-0.159543,-0.34799,-0.123007
10.907,-0.0315243,-0.674242,0.438006
10.908,0.0967114,0.195974,0.140802
10.909,-0.0397071,0.325614,0.0828376
10.91,-0.375882,0.494681,0.0855236
10.911,-0.171904,-0.614391,-0.0525808
10.912,-0.00673,-0.519968,0.463303
10.913,0.0636349,0.316077,0.135585
10.914,-0.0965647,0.399185,0.0941436
10.915,-0.463777,0.36306,-0.0159473
10.916,-0.0349804,-0.471725,0.0469904
10.917,0.0630435,-0.214914,0.287525
10.918,0.0180635,0.450223,0.169938
10.919,-0.11651,0.303777,0.0374135
10.92,-0.42041,-0.107502,-0.226936
10.921,-0.0028169,-0.556407,0.196476
10.922,0.0591675,-0.075699,0.217863
10.923,-0.0407151,0.53915,0.194406
10.924,-0.233583,0.393452,0.0493803
10.925,-0.485385,-0.428759,-0.306736
10.926,0.0651211,-0.320301,0.149563
10.927,0.0752481,0.138168,0.143698
10.928,-0.116238,0.646538,0.243486
10.929,-0.179902,0.122552,-0.0645676
10.93,-0.360397,-0.849023,-0.11563
10.931,0.0881081,-0.258619,0.238608
10.932,0.0415172,0.163806,0.109817
10.933,-0.187616,0.661051,0.238017
10.934,-0.219243,-0.0329923,-0.130017
10.935,-0.265363,-1.03128,0.217275
10.936,0.108282,-0.0298363,0.13217
10.937,0.0133411,0.351398,0.126947
10.938,-0.283191,0.718224,0.266303
10.939,-0.183078,-0.239938,-0.142957
10.94,-0.0842193,-0.807245,0.414699
10.941,0.107637,0.109104,0.146146
10.942,-0.0177569,0.309873,0.0892165
10.943,-0.350419,0.616664,0.177784
10.944,-0.188454,-0.485952,-0.119655
10.945,-0.0497922,-0.68453,0.52129
10.946,0.0840314,0.248431,0.130932
10.947,-0.0851162,0.458632,0.131833
10.948,-0.437029,0.515736,0.0914143
10.949,-0.0759544,-0.486972,-0.0026221
10.95,0.028316,-0.382435,0.384869
10.951,0.047275,0.374473,0.154153
10.952,-0.0930582,0.318692,0.0540046
10.953,-0.451967,0.162916,-0.127538
10.954,-0.0344361,-0.574677,0.129812
10.955,0.0472511,-0.187293,0.283169
10.956,-0.00459373,0.473489,0.170277
10.957,-0.16206,0.349887,0.045071
10.958,-0.482759,-0.180754,-0.267774
10.959,0.0406432,-0.385409,0.134735
10.96,0.0783624,0.0444838,0.168799
10.961,-0.0720778,0.596476,0.221368
10.962,-0.158526,0.186173,-0.031369
10.963,-0.368611,-0.658863,-0.211522
10.964,0.0689052,-0.363028,0.249722
10.965,0.0557723,0.121431,0.130211
10.966,-0.136393,0.619007,0.218741
10.967,-0.284691,0.163613,-0.0837883
10.968,-0.36364,-0.972714,-0.0230884
10.969,0.104035,-0.126238,0.149893
10.97,0.0359546,0.24161,0.111228
10.971,-0.228291,0.705579,0.264706
10.972,-0.17017,-0.119823,-0.124238
10.973,-0.150314,-0.908286,0.324215
10.974,0.110401,0.00384796,0.16819
10.975,0.00348889,0.296363,0.0990124
10.976,-0.287509,0.61205,0.18379
10.977,-0.20985,-0.352338,-0.158222
10.978,-0.112876,-0.864529,0.536698
10.979,0.0977245,0.165104,0.124169
10.98,-0.0455701,0.401743,0.117033
10.981,-0.39858,0.62659,0.179143
10.982,-0.122168,-0.467162,-0.0635967
10.983,0.0237846,-0.471195,0.394083
10.984,0.072193,0.305272,0.145058
10.985,-0.0692746,0.325943,0.0679516
10.986,-0.432678,0.352408,-0.017342
10.987,-0.0774637,-0.589342,0.059417
10.988,0.028864,-0.319821,0.363354
10.989,0.027917,0.410279,0.153555
10.99,-0.133656,0.379086,0.0700667
10.991,-0.488324,0.0835257,-0.173946
10.992,0.0102062,-0.438885,0.106284
10.993,0.075761,-0.0599496,0.211429
10.994,-0.0304332,0.536437,0.196997
10.995,-0.154203,0.270039,0.00739972
10.996,-0.447095,-0.3887,-0.287561
10.997,0.0351985,-0.488364,0.270438
10.998,0.0588783,0.0395897,0.158476
10.999,-0.0958732,0.602731,0.218061
11,-0.235835,0.231681,-0.0375691
11.001,-0.41074,-0.7859,-0.195607
11.002,0.0916082,-0.227235,0.168369
11.003,0.0566806,0.235502,0.128225
11.004,-0.18187,0.69892,0.267824
11.005,-0.183862,-0.0105015,-0.1084
11.006,-0.262323,-0.988151,0.155561
11.007,0.107424,-0.0991993,0.190487
11.008,0.0236148,0.254345,0.102681
11.009,-0.241876,0.636478,0.209632
11.01,-0.232477,-0.211251,-0.168998
11.011,-0.178086,-0.989844,0.452518
11.012,0.108414,0.0822285,0.131506
11.013,-0.0217673,0.401256,0.128682
11.014,-0.347543,0.68015,0.227436
11.015,-0.139265,-0.363974,-0.104959
11.016,-0.0501552,-0.705539,0.497489
11.017,0.0906634,0.215367,0.143045
11.018,-0.046119,0.322168,0.0777364
11.019,-0.389586,0.460869,0.0601965
11.02,-0.143202,-0.612893,-0.0191448
11.021,-0.00112735,-0.476434,0.450807
11.022,0.0549027,0.336705,0.136983
11.023,-0.133866,0.485829,0.132081
11.024,-0.488506,0.336609,-0.0366209
11.025,-0.0237795,-0.467496,0.0625476
11.026,0.064109,-0.183183,0.273191
11.027,0.00724034,0.469301,0.174308
11.028,-0.137871,0.328234,0.041782
11.029,-0.416516,-0.191298,-0.247093
11.03,0.0113917,-0.52837,0.207642
11.031,0.0603783,-0.042183,0.19967
11.032,-0.0548035,0.559563,0.20229
11.033,-0.245316,0.371776,0.0337901
11.034,-0.474009,-0.53126,-0.299898
11.035,0.0732008,-0.299562,0.158626
11.036,0.0639689,0.126974,0.136978
11.037,-0.132449,0.659717,0.249135
11.038,-0.171698,0.0808639,-0.0759155
11.039,-0.292096,-0.877094,-0.0166157
11.04,0.0952727,-0.214509,0.222485
11.041,0.0400295,0.201707,0.109575
11.042,-0.197845,0.647537,0.225984
11.043,-0.288361,-0.0372459,-0.159378
11.044,-0.26164,-1.05793,0.277665
11.045,0.108254,-0.00461249,0.128633
11.046,0.00835096,0.328478,0.114636
11.047,-0.29977,0.717092,0.263101
11.048,-0.173528,-0.273024,-0.137374
11.049,-0.0716662,-0.780042,0.434664
11.05,0.103313,0.126294,0.149507
11.051,-0.022768,0.303616,0.083285
11.052,-0.359873,0.583551,0.151635
11.053,-0.150873,-0.475267,-0.0890323
11.054,-0.029938,-0.621003,0.496707
11.055,0.0757999,0.264672,0.126546
11.056,-0.0903953,0.442512,0.120621
11.057,-0.455846,0.48718,0.0685001
11.058,-0.0657215,-0.499387,0.0176108
11.059,0.0367291,-0.334428,0.359921
11.06,0.0380519,0.398385,0.158499
11.061,-0.10066,0.313559,0.048395
11.062,-0.452264,0.0866817,-0.163849
11.063,-0.0177382,-0.546806,0.140489
11.064,0.0578978,-0.134673,0.25104
11.065,-0.0164765,0.484125,0.170887
11.066,-0.202733,0.401434,0.0620638
11.067,-0.498512,-0.250347,-0.289386
11.068,0.0495868,-0.362304,0.139364
11.069,0.0736906,0.0612251,0.160928
11.07,-0.0860139,0.608136,0.224705
11.071,-0.182092,0.18832,-0.0392484
11.072,-0.346603,-0.729127,-0.167602
11.073,0.0746022,-0.334169,0.255544
11.074,0.048342,0.126342,0.12122
11.075,-0.156818,0.645393,0.232924
11.076,-0.218485,0.0459893,-0.106485
11.077,-0.314312,-0.999072,0.0753985
11.078,0.105973,-0.0880895,0.139943
11.079,0.0292483,0.313654,0.124337
11.08,-0.246001,0.708163,0.263858
11.081,-0.16466,-0.157022,-0.126029
11.082,-0.146763,-0.920245,0.380733
11.083,0.111571,0.0536333,0.142607
11.084,-0.00475863,0.310594,0.0984082
11.085,-0.304257,0.596939,0.169939
11.086,-0.207344,-0.407752,-0.150647
11.087,-0.083468,-0.790373,0.532816
11.088,0.0942356,0.198483,0.128628
11.089,-0.0644274,0.445333,0.132243
11.09,-0.412015,0.585822,0.146324
11.091,-0.0988292,-0.465168,-0.039518
11.092,0.0080645,-0.481335,0.432603
11.093,0.0632934,0.328592,0.147841
11.094,-0.0805343,0.333459,0.0665465
11.095,-0.416312,0.235479,-0.0819502
11.096,-0.0956159,-0.69231,0.121641
11.097,0.0412463,-0.260836,0.32552
11.098,0.0166621,0.434461,0.15966
11.099,-0.143249,0.368361,0.0610667
11.1,-0.49092,-0.00537881,-0.212578
11.101,0.0207755,-0.429062,0.122023
11.102,0.0832193,-0.00496989,0.188177
11.103,-0.0452613,0.561312,0.207314
11.104,-0.161687,0.249583,-0.00482138
11.105,-0.432499,-0.489988,-0.280852
11.106,0.0506833,-0.434929,0.258203
11.107,0.0605537,0.0780527,0.145805
11.108,-0.108172,0.593972,0.208629
11.109,-0.259969,0.217429,-0.0516111
11.11,-0.391048,-0.86053,-0.138576
11.111,0.0971158,-0.195137,0.166793
11.112,0.0500724,0.258676,0.126416
11.113,-0.199901,0.70762,0.271178
11.114,-0.171995,-0.0518597,-0.112664
11.115,-0.219471,-0.973048,0.230746
11.116,0.112028,-0.0403414,0.154544
11.117,0.0163572,0.268359,0.100114
11.118,-0.262511,0.641795,0.210081
11.119,-0.275188,-0.270554,-0.196588
11.12,-0.161441,-0.966271,0.500906
11.121,0.105131,0.114375,0.127835
11.122,-0.0251002,0.36488,0.109328
11.123,-0.368864,0.668762,0.215779
11.124,-0.142503,-0.418441,-0.0969532
11.125,-3.96444e-05,-0.56789,0.423349
11.126,0.0849624,0.254272,0.14186
11.127,-0.0545863,0.324858,0.0745691
11.128,-0.406235,0.426137,0.0342968
11.129,-0.102447,-0.570308,0.00849361
11.13,0.0164867,-0.405746,0.408491
11.131,0.0460742,0.371446,0.146625
11.132,-0.131782,0.437101,0.103442
11.133,-0.487555,0.238222,-0.0948047
11.134,-0.0207515,-0.513499,0.102147
11.135,0.0794947,-0.108449,0.231831
11.136,-0.00731973,0.500296,0.185427
11.137,-0.136609,0.287892,0.0222361
11.138,-0.449536,-0.238825,-0.269303
11.139,0.0289622,-0.478825,0.203204
11.14,0.0565792,-0.0199016,0.185614
11.141,-0.0694381,0.570503,0.204452
11.142,-0.201486,0.249925,-0.018096
11.143,-0.434707,-0.641084,-0.26141
11.144,0.0804764,-0.258515,0.149287
11.145,0.0643007,0.179569,0.131967
11.146,-0.150335,0.675767,0.256853
11.147,-0.173023,0.0466923,-0.0873813
11.148,-0.273394,-0.917315,0.0483098
11.149,0.103554,-0.158511,0.195837
11.15,0.0331217,0.207249,0.102873
11.151,-0.218853,0.664814,0.234949
11.152,-0.218675,-0.119558,-0.148947
11.153,-0.212486,-1.01554,0.346104
11.154,0.108094,0.0286109,0.126493
11.155,-0.00313127,0.367406,0.123328
11.156,-0.322269,0.72067,0.263095
11.157,-0.152882,-0.302341,-0.122201
11.158,-0.0792383,-0.792472,0.488069
11.159,0.10059,0.166012,0.143388
11.16,-0.0316383,0.317735,0.0839151
11.161,-0.357775,0.51129,0.0999713
11.162,-0.185959,-0.585811,-0.08167
11.163,-0.0193294,-0.573464,0.485026
11.164,0.0706417,0.292357,0.13233
11.165,-0.088674,0.403904,0.0997219
11.166,-0.459738,0.428889,0.0277191
11.167,-0.0565532,-0.510238,0.0373482
11.168,0.0496316,-0.277546,0.324991
11.169,0.0289481,0.427733,0.164898
11.17,-0.114371,0.327439,0.0498914
11.171,-0.470947,0.0552351,-0.182354
11.172,-0.0374566,-0.653975,0.228482
11.173,0.0514827,-0.12136,0.243487
11.174,-0.0277945,0.511815,0.182571
11.175,-0.176188,0.314781,0.0221692
11.176,-0.471944,-0.358982,-0.295994
11.177,0.0577404,-0.339446,0.143334
11.178,0.07146,0.0858592,0.152124
11.179,-0.100588,0.625048,0.232287
11.18,-0.19016,0.167241,-0.0509701
11.181,-0.319184,-0.783587,-0.114337
11.182,0.0875745,-0.271441,0.222386
11.183,0.0453692,0.147831,0.115135
11.184,-0.167448,0.633757,0.222163
11.185,-0.287282,0.0605549,-0.126656
11.186,-0.308082,-1.0388,0.137937
11.187,0.106999,-0.059689,0.134485
11.188,0.0222331,0.322032,0.122079
11.189,-0.266076,0.722478,0.272146
11.19,-0.176558,-0.193993,-0.136402
11.191,-0.150964,-0.938398,0.428802
11.192,0.107821,0.0650534,0.158558
11.193,-0.00885953,0.287647,0.086435
11.194,-0.329564,0.619571,0.182943
11.195,-0.170033,-0.409234,-0.121961
11.196,-0.0641397,-0.73568,0.524242
11.197,0.0877011,0.216547,0.123941
11.198,-0.0779426,0.470476,0.14137
11.199,-0.434486,0.579307,0.138622
11.2,-0.083201,-0.464363,-0.0219506
11.201,0.0364164,-0.390981,0.371665
11.202,0.0565679,0.357132,0.150971
11.203,-0.0928459,0.350029,0.0696877
11.204,-0.454665,0.252535,-0.0804379
11.205,-0.0764126,-0.674888,0.144184
11.206,0.0483002,-0.218728,0.299838
11.207,0.00708115,0.442459,0.158683
11.208,-0.169049,0.400137,0.0707524
11.209,-0.495285,-0.079088,-0.241011
11.21,0.0257653,-0.447777,0.152408
11.211,0.0825406,0.0244675,0.177109
11.212,-0.0578791,0.577251,0.213352
11.213,-0.15347,0.207772,-0.0203848
11.214,-0.388419,-0.58409,-0.24392
11.215,0.0648348,-0.377506,0.231141
11.216,0.0567637,0.0936854,0.137584
11.217,-0.127474,0.637577,0.234124
11.218,-0.280182,0.202314,-0.064689
11.219,-0.385032,-0.924997,-0.0883776
11.22,0.101114,-0.155974,0.15515
11.221,0.0416417,0.233892,0.115142
11.222,-0.215406,0.711112,0.271183
11.223,-0.186396,-0.0828403,-0.126182
11.224,-0.219691,-1.00118,0.285483
11.225,0.108993,-0.0327455,0.179045
11.226,0.0103546,0.256361,0.0912093
11.227,-0.282866,0.651644,0.214273
11.228,-0.201887,-0.299739,-0.155271
11.229,-0.124002,-0.892611,0.508062
11.23,0.101529,0.139984,0.125154
11.231,-0.0328888,0.370737,0.107869
11.232,-0.380144,0.639879,0.191727
11.233,-0.114765,-0.410082,-0.0737626
11.234,0.00434274,-0.540105,0.426885
11.235,0.0794815,0.277374,0.14298
11.236,-0.0613458,0.326672,0.0720706
11.237,-0.413005,0.382249,0.00480582
11.238,-0.0958579,-0.59339,0.0332532
11.239,0.016079,-0.379604,0.401124
11.24,0.0378792,0.389251,0.149417
11.241,-0.125691,0.389959,0.0787024
11.242,-0.483317,0.159499,-0.136091
11.243,-0.000732737,-0.452372,0.0940469
11.244,0.0755295,-0.0915364,0.225917
11.245,-0.0176766,0.518388,0.191614
11.246,-0.147579,0.286666,0.0177059
11.247,-0.455077,-0.300754,-0.281985
11.248,0.0233714,-0.52308,0.267566
11.249,0.0603632,0.0150804,0.17051
11.25,-0.0825602,0.594011,0.216044
11.251,-0.259699,0.310708,-0.00408066
11.252,-0.442823,-0.707709,-0.2491
11.253,0.0856538,-0.235338,0.149665
11.254,0.0615494,0.208947,0.12996
11.255,-0.161394,0.67453,0.25362
11.256,-0.179037,0.0218731,-0.0973652
11.257,-0.248751,-0.930273,0.104145
11.258,0.103369,-0.141768,0.204428
11.259,0.0293377,0.229037,0.102477
11.26,-0.23838,0.687998,0.24929
11.261,-0.284703,-0.147072,-0.18462
11.262,-0.212822,-1.0348,0.403684
11.263,0.10787,0.0520223,0.12648
11.264,-0.0127137,0.398579,0.132208
11.265,-0.336032,0.711479,0.253954
11.266,-0.137343,-0.316802,-0.109549
11.267,-0.0460947,-0.709757,0.46159
11.268,0.0975224,0.194049,0.138127
11.269,-0.0384293,0.323305,0.0824951
11.27,-0.369435,0.486029,0.0806063
11.271,-0.183819,-0.628434,-0.0585016
11.272,-0.013564,-0.536489,0.477361
11.273,0.0648113,0.315602,0.136602
11.274,-0.0970305,0.404047,0.0966269
11.275,-0.46763,0.379987,-0.00573715
11.276,-0.0439799,-0.503393,0.0526398
11.277,0.0492768,-0.252489,0.315243
11.278,0.0199534,0.439957,0.16768
11.279,-0.114101,0.30019,0.0366112
11.28,-0.447313,-0.0615452,-0.220966
11.281,0.00560943,-0.512009,0.164769
11.282,0.0618311,-0.0727272,0.216779
11.283,-0.0376393,0.514314,0.180109
11.284,-0.199023,0.326687,0.0214056
11.285,-0.480732,-0.428795,-0.304652
11.286,0.0643143,-0.328757,0.154541
11.287,0.0706996,0.112712,0.14508
11.288,-0.112929,0.637383,0.237701
11.289,-0.192752,0.142249,-0.0619627
11.29,-0.301964,-0.822452,-0.0711468
11.291,0.09422,-0.232043,0.206137
11.292,0.0441473,0.177944,0.112736
11.293,-0.188484,0.671954,0.246004
11.294,-0.274116,0.00477435,-0.141171
11.295,-0.275964,-1.03837,0.204313
11.296,0.11069,-0.0416509,0.144843
11.297,0.0145758,0.350804,0.127513
11.298,-0.283369,0.726915,0.273249
11.299,-0.156051,-0.218824,-0.125401
11.3,-0.11487,-0.872747,0.443871
11.301,0.108206,0.107812,0.13903
11.302,-0.0177265,0.321409,0.0941452
11.303,-0.341119,0.599254,0.166019
11.304,-0.164029,-0.442766,-0.109833
11.305,-0.0470756,-0.682708,0.512084
11.306,0.0825258,0.237794,0.124454
11.307,-0.0816728,0.449998,0.128139
11.308,-0.445193,0.54587,0.112321
11.309,-0.070271,-0.461771,-0.00738185
11.31,0.047661,-0.340908,0.344902
11.311,0.0489381,0.370553,0.153562
11.312,-0.092439,0.322592,0.0561639
11.313,-0.427745,0.131669,-0.13712
11.314,-0.0716439,-0.691922,0.17833
11.315,0.0432306,-0.201686,0.292771
11.316,-0.00287765,0.472582,0.17061
11.317,-0.159325,0.348668,0.0452906
11.318,-0.485199,-0.165448,-0.264512
11.319,0.0392964,-0.386932,0.132495
11.32,0.0743329,0.0262028,0.173796
11.321,-0.0697942,0.589632,0.21717
11.322,-0.180208,0.2236,-0.0231724
11.323,-0.35586,-0.656792,-0.202697
11.324,0.0718058,-0.350019,0.235787
11.325,0.0517661,0.104475,0.129514
11.326,-0.135944,0.61732,0.217661
11.327,-0.284423,0.163329,-0.0838339
11.328,-0.363974,-0.972636,-0.0235865
11.329,0.10419,-0.127355,0.151303
11.33,0.0361752,0.247395,0.112557
11.331,-0.228506,0.707404,0.266093
11.332,-0.178062,-0.118932,-0.128308
11.333,-0.184441,-0.968181,0.335674
11.334,0.112684,0.014384,0.154765
11.335,0.00442136,0.276205,0.0925796
11.336,-0.297763,0.649066,0.210035
11.337,-0.188519,-0.330121,-0.145309
11.338,-0.10414,-0.847131,0.51967
11.339,0.0973695,0.162639,0.122763
11.34,-0.054057,0.448443,0.138274
11.341,-0.402408,0.641819,0.19056
11.342,-0.101302,-0.417506,-0.0585465
11.343,0.0131823,-0.499063,0.4166
11.344,0.0732559,0.303819,0.143413
11.345,-0.0728962,0.343743,0.0749879
11.346,-0.44025,0.381293,-0.000458819
11.347,-0.11825,-0.698015,0.0834998
11.348,0.0275336,-0.325993,0.367323
11.349,0.0288995,0.404863,0.151322
11.35,-0.148123,0.422437,0.0898445
11.351,-0.493948,0.103937,-0.165723
11.352,0.00172508,-0.485073,0.126314
11.353,0.0795633,-0.0543238,0.208602
11.354,-0.0271774,0.526777,0.193404
11.355,-0.143871,0.253984,0.00365334
11.356,-0.395712,-0.421359,-0.263808
11.357,0.044257,-0.446922,0.227541
11.358,0.0607918,0.0414234,0.159296
11.359,-0.0944969,0.603248,0.218811
11.36,-0.25356,0.263476,-0.0271441
11.361,-0.412621,-0.77346,-0.202641
11.362,0.0906851,-0.229576,0.165921
11.363,0.0561558,0.214969,0.125901
11.364,-0.178283,0.697079,0.267097
11.365,-0.190557,0.000644237,-0.108427
11.366,-0.26586,-0.98421,0.142814
11.367,0.10751,-0.103915,0.189602
11.368,0.0243935,0.237524,0.0993685
11.369,-0.252614,0.689974,0.248521
11.37,-0.283999,-0.194066,-0.192423
11.371,-0.19205,-1.01238,0.447942
11.372,0.107113,0.0766455,0.126613
11.373,-0.0158472,0.370099,0.117032
11.374,-0.34636,0.687478,0.233397
11.375,-0.153794,-0.376015,-0.114725
11.376,-0.0176715,-0.631411,0.43247
11.377,0.0927147,0.221038,0.138303
11.378,-0.0464229,0.330202,0.0813186
11.379,-0.387891,0.469998,0.0666586
11.38,-0.142335,-0.601057,-0.025022
11.381,0.000684587,-0.47827,0.447633
11.382,0.0577368,0.343306,0.142935
11.383,-0.132323,0.484713,0.13185
11.384,-0.485641,0.338983,-0.0346722
11.385,-0.0269694,-0.47725,0.0635284
11.386,0.0748881,-0.161417,0.256358
11.387,0.00861346,0.470669,0.17654
11.388,-0.131892,0.317227,0.0383317
11.389,-0.463178,-0.112168,-0.242132
11.39,-0.00137886,-0.576317,0.237224
11.391,0.060376,-0.0491782,0.203475
11.392,-0.051461,0.554058,0.199919
11.393,-0.241387,0.374839,0.0365515
11.394,-0.476907,-0.505844,-0.302775
11.395,0.0712339,-0.303042,0.154735
11.396,0.0696469,0.14434,0.138973
11.397,-0.12804,0.657603,0.248607
11.398,-0.179527,0.0975185,-0.0734501
11.399,-0.3324,-0.884047,-0.0605113
11.4,0.0978732,-0.206465,0.204085
11.401,0.0403215,0.189823,0.109
11.402,-0.202785,0.683663,0.252163
11.403,-0.288263,-0.0267,-0.156224
11.404,-0.266068,-1.05716,0.263528
11.405,0.10823,-0.010502,0.129187
11.406,0.00987178,0.327257,0.115229
11.407,-0.295315,0.715112,0.262111
11.408,-0.179058,-0.268347,-0.140968
11.409,-0.0713288,-0.779361,0.427534
11.41,0.105131,0.128341,0.146282
11.411,-0.0217901,0.306568,0.0851745
11.412,-0.339836,0.541804,0.124357
11.413,-0.173426,-0.501727,-0.10163
11.414,-0.0418218,-0.651357,0.517832
11.415,0.0798845,0.266735,0.132779
11.416,-0.0968463,0.477253,0.13864
11.417,-0.454947,0.50539,0.0815916
11.418,-0.0601874,-0.466868,0.0080243
11.419,0.0502981,-0.310167,0.334337
11.42,0.0408236,0.399517,0.158474
11.421,-0.104686,0.334957,0.0573766
11.422,-0.467341,0.144482,-0.14014
11.423,-0.0569631,-0.679204,0.202681
11.424,0.0476948,-0.164639,0.269791
11.425,-0.0130191,0.483741,0.172238
11.426,-0.197283,0.403004,0.0644491
11.427,-0.504394,-0.211565,-0.282665
11.428,0.0450079,-0.3923,0.153497
11.429,0.0682635,0.0312337,0.168679
11.43,-0.0805063,0.599477,0.220984
11.431,-0.163992,0.17225,-0.0391441
11.432,-0.341075,-0.706151,-0.172809
11.433,0.0811382,-0.304091,0.213331
11.434,0.0510004,0.128473,0.123898
11.435,-0.152994,0.649316,0.236631
11.436,-0.243912,0.0813295,-0.103826
11.437,-0.330496,-0.995165,0.0455679
11.438,0.107035,-0.109253,0.155517
11.439,0.031405,0.312381,0.125494
11.44,-0.245928,0.722338,0.275052
11.441,-0.169046,-0.146364,-0.127264
11.442,-0.130386,-0.882792,0.35015
11.443,0.112144,0.040269,0.150992
11.444,-0.0011085,0.28593,0.0916493
11.445,-0.311831,0.644053,0.204123
11.446,-0.183658,-0.364365,-0.138936
11.447,-0.0853116,-0.799619,0.521333
11.448,0.0932456,0.18347,0.121657
11.449,-0.056033,0.42043,0.122123
11.45,-0.410828,0.604037,0.160296
11.451,-0.112639,-0.483685,-0.0473989
11.452,0.0329854,-0.429676,0.378037
11.453,0.0660238,0.327468,0.147125
11.454,-0.0794462,0.338808,0.0696584
11.455,-0.434049,0.296224,-0.0514119
11.456,-0.0600723,-0.567585,0.072091
11.457,0.0404656,-0.270527,0.330732
11.458,0.0191808,0.423707,0.155276
11.459,-0.173294,0.454881,0.101912
11.46,-0.488426,0.0176979,-0.202614
11.461,0.0186876,-0.425456,0.114301
11.462,0.07298,-0.0429531,0.203454
11.463,-0.0412849,0.553375,0.203465
11.464,-0.153165,0.243133,-0.00470823
11.465,-0.420357,-0.474687,-0.275238
11.466,0.0595201,-0.380566,0.196223
11.467,0.0613555,0.0717159,0.14856
11.468,-0.103753,0.588305,0.205996
11.469,-0.232633,0.191055,-0.0553233
11.47,-0.398381,-0.847887,-0.152995
11.471,0.0960798,-0.199607,0.165199
11.472,0.0514938,0.253455,0.126642
11.473,-0.195688,0.704813,0.269777
11.474,-0.172217,-0.0435852,-0.110947
11.475,-0.226105,-0.974432,0.215977
11.476,0.111787,-0.0482507,0.156043
11.477,0.0179262,0.266724,0.100994
11.478,-0.256242,0.634184,0.205436
11.479,-0.246912,-0.25783,-0.18063
11.48,-0.165186,-0.972413,0.491457
11.481,0.103915,0.106076,0.123074
11.482,-0.0325138,0.42722,0.136502
11.483,-0.370481,0.68824,0.231114
11.484,-0.133735,-0.395238,-0.094488
11.485,-0.0349686,-0.654863,0.489491
11.486,0.0854971,0.241548,0.142784
11.487,-0.0533491,0.324768,0.0751574
11.488,-0.402281,0.428102,0.0362498
11.489,-0.113625,-0.591431,0.00641944
11.49,0.00767761,-0.428736,0.427447
11.491,0.0465239,0.355866,0.139198
11.492,-0.130078,0.437384,0.104146
11.493,-0.486539,0.248771,-0.0886551
11.494,-0.0225396,-0.5144,0.0992768
11.495,0.0789789,-0.114585,0.234648
11.496,-0.00540828,0.497017,0.184478
11.497,-0.138966,0.297912,0.0262409
11.498,-0.467069,-0.202898,-0.267904
11.499,0.00946413,-0.560599,0.265681
11.5,0.0575562,-0.0199245,0.186227
11.501,-0.0651209,0.549254,0.192052
11.502,-0.216343,0.277778,-0.00906412
11.503,-0.449351,-0.628338,-0.273214
11.504,0.0796031,-0.285646,0.171016
11.505,0.0658494,0.1838,0.133074
11.506,-0.144841,0.659965,0.246523
11.507,-0.173059,0.0486178,-0.0868088
11.508,-0.273206,-0.914265,0.0453886
11.509,0.102496,-0.164903,0.20121
11.51,0.0328566,0.197654,0.101437
11.511,-0.220142,0.672259,0.240353
11.512,-0.220144,-0.117949,-0.149362
11.513,-0.214564,-1.01803,0.344319
11.514,0.10793,0.0272797,0.126036
11.515,-0.000591653,0.342413,0.114199
11.516,-0.320356,0.714216,0.258107
11.517,-0.150859,-0.299121,-0.120956
11.518,-0.0676663,-0.766802,0.469134
11.519,0.100859,0.169531,0.134322
11.52,-0.0353696,0.342204,0.0929424
11.521,-0.361175,0.51716,0.103534
11.522,-0.200894,-0.609122,-0.0863464
11.523,-0.0285864,-0.590015,0.504892
11.524,0.0695025,0.293084,0.13138
11.525,-0.103854,0.455359,0.123293
11.526,-0.47219,0.452651,0.0421295
11.527,-0.0542626,-0.506384,0.0384293
11.528,0.0461204,-0.282817,0.330739
11.529,0.028161,0.422311,0.163596
11.53,-0.109566,0.310876,0.0435515
11.531,-0.423605,-0.0360558,-0.205045
11.532,-0.0223776,-0.60429,0.200339
11.533,0.0515985,-0.120132,0.242751
11.534,-0.0281684,0.512039,0.182551
11.535,-0.177236,0.315797,0.022361
11.536,-0.470105,-0.363079,-0.295621
11.537,0.058055,-0.33916,0.144023
11.538,0.0731589,0.0940249,0.151096
11.539,-0.101343,0.627519,0.233832
11.54,-0.18439,0.159224,-0.052105
11.541,-0.344169,-0.789032,-0.135569
11.542,0.0908819,-0.249553,0.195685
11.543,0.0463869,0.151324,0.116033
11.544,-0.168773,0.644308,0.22954
11.545,-0.246067,0.0294441,-0.122616
11.546,-0.300214,-1.02734,0.13673
11.547,0.109646,-0.0709113,0.150032
11.548,0.0219153,0.335956,0.126782
11.549,-0.268495,0.728967,0.276985
11.55,-0.168169,-0.192853,-0.131376
11.551,-0.12323,-0.883981,0.407858
11.552,0.110433,0.0790771,0.143637
11.553,-0.00856286,0.287961,0.0867758
11.554,-0.324457,0.607756,0.174827
11.555,-0.197436,-0.438446,-0.138063
11.556,-0.0697592,-0.74902,0.532503
11.557,0.0905796,0.219686,0.130009
11.558,-0.077147,0.469325,0.140994
11.559,-0.434157,0.582984,0.141444
11.56,-0.0893778,-0.479943,-0.022505
11.561,0.018197,-0.434206,0.410573
11.562,0.0561004,0.34988,0.150445
11.563,-0.0853468,0.323195,0.0594494
11.564,-0.442276,0.221258,-0.095122
11.565,-0.0432909,-0.562712,0.0993769
11.566,0.0478421,-0.216846,0.299116
11.567,0.00619648,0.448253,0.161431
11.568,-0.19229,0.456303,0.0977582
11.569,-0.504309,-0.0649779,-0.238612
11.57,0.029835,-0.413852,0.131202
11.571,0.0822333,0.0214205,0.17814
11.572,-0.0563333,0.5727,0.211037
11.573,-0.17362,0.244792,-0.0112142
11.574,-0.368363,-0.587722,-0.230099
11.575,0.0672336,-0.364096,0.218131
11.576,0.0550455,0.0873102,0.137633
11.577,-0.123035,0.614706,0.219037
11.578,-0.245733,0.160798,-0.0728113
11.579,-0.369959,-0.91433,-0.0798995
11.58,0.101062,-0.164706,0.161767
11.581,0.0442968,0.279671,0.126222
11.582,-0.216422,0.716729,0.275363
11.583,-0.181616,-0.0836362,-0.123955
11.584,-0.213954,-0.992308,0.284773
11.585,0.110443,-0.0284482,0.174139
11.586,0.0104471,0.284336,0.100248
11.587,-0.272916,0.623465,0.194655
11.588,-0.222756,-0.309663,-0.168149
11.589,-0.128141,-0.901059,0.51287
11.59,0.103322,0.140606,0.130015
11.591,-0.0453027,0.441371,0.138173
11.592,-0.390541,0.664992,0.210223
11.593,-0.123126,-0.429857,-0.0762897
11.594,-0.0123054,-0.577426,0.462827
11.595,0.0785733,0.279462,0.143382
11.596,-0.0663141,0.344837,0.0785197
11.597,-0.434625,0.430793,0.0328132
11.598,-0.135097,-0.699267,0.0557191
11.599,0.0176338,-0.371044,0.396146
11.6,0.0362676,0.392903,0.150145
11.601,-0.126743,0.387455,0.0769701
11.602,-0.48394,0.146449,-0.142806
11.603,0.00114382,-0.450455,0.0963605
11.604,0.0760726,-0.0848156,0.222733
11.605,-0.019816,0.521947,0.19289
11.606,-0.14915,0.284807,0.0162523
11.607,-0.451163,-0.319277,-0.282898
11.608,0.0291028,-0.503062,0.255714
11.609,0.0621009,0.0240888,0.167663
11.61,-0.0827182,0.581957,0.207861
11.611,-0.204136,0.218133,-0.0337891
11.612,-0.415574,-0.722891,-0.224756
11.613,0.0864695,-0.229188,0.147995
11.614,0.0584904,0.194851,0.126995
11.615,-0.166553,0.683165,0.258845
11.616,-0.198568,0.0287921,-0.103765
11.617,-0.230916,-0.919023,0.123133
11.618,0.108367,-0.110902,0.178294
11.619,0.0272415,0.228684,0.100311
11.62,-0.243011,0.686106,0.247066
11.621,-0.275163,-0.166999,-0.183968
11.622,-0.185203,-0.991718,0.406734
11.623,0.106702,0.0607238,0.123926
11.624,-0.0113042,0.363863,0.11684
11.625,-0.337698,0.693828,0.239547
11.626,-0.158053,-0.358606,-0.120572
11.627,-0.0257896,-0.657364,0.435146
11.628,0.0953941,0.206444,0.138369
11.629,-0.0428429,0.330853,0.0835414
11.63,-0.392132,0.516848,0.0985571
11.631,-0.126119,-0.540468,-0.037616
11.632,-0.00192522,-0.498885,0.453678
11.633,0.0606157,0.324628,0.136573
11.634,-0.102556,0.406919,0.096173
11.635,-0.476567,0.363254,-0.0178906
11.636,-0.0443663,-0.526822,0.0683185
11.637,0.073084,-0.180737,0.265302
11.638,0.0140564,0.459636,0.173166
11.639,-0.123488,0.310639,0.0381313
11.64,-0.459026,-0.0777875,-0.229928
11.641,0.00272831,-0.544319,0.198575
11.642,0.0590494,-0.0656512,0.212169
11.643,-0.0454654,0.547628,0.198003
11.644,-0.236138,0.383064,0.0426537
11.645,-0.4775,-0.466899,-0.303879
11.646,0.0677029,-0.311833,0.150556
11.647,0.0741323,0.147265,0.141764
11.648,-0.12151,0.65134,0.245603
11.649,-0.175639,0.106978,-0.0685354
11.65,-0.31441,-0.851529,-0.0643612
11.651,0.096066,-0.219747,0.20404
11.652,0.0426308,0.184518,0.111252
11.653,-0.194089,0.674047,0.2465
11.654,-0.272659,-0.0137867,-0.146396
11.655,-0.27126,-1.04581,0.228495
11.656,0.111102,-0.0317027,0.144282
11.657,0.0114168,0.359513,0.128976
11.658,-0.290704,0.728287,0.273346
11.659,-0.161056,-0.23758,-0.12912
11.66,-0.093335,-0.82794,0.434752
11.661,0.107308,0.114077,0.145166
11.662,-0.0194697,0.316162,0.0907709
11.663,-0.358557,0.630831,0.187489
11.664,-0.221252,-0.535355,-0.133379
11.665,-0.0536076,-0.688595,0.532278
11.666,0.0811248,0.246441,0.125913
11.667,-0.0914149,0.478385,0.14119
11.668,-0.450517,0.534114,0.102996
11.669,-0.0710892,-0.481275,0.0008416
11.67,0.0387867,-0.352456,0.361831
11.671,0.0456138,0.385458,0.154236
11.672,-0.102921,0.346143,0.0637284
11.673,-0.459347,0.169724,-0.12573
11.674,-0.0526388,-0.646128,0.16785
11.675,0.045773,-0.187456,0.283698
11.676,-0.00534453,0.464858,0.164934
11.677,-0.181692,0.38956,0.0610517
11.678,-0.491069,-0.18253,-0.270969
11.679,0.0380449,-0.418839,0.159049
11.68,0.0792697,0.0510201,0.166969
11.681,-0.0720841,0.590908,0.21784
11.682,-0.173951,0.207153,-0.0282261
11.683,-0.39537,-0.658695,-0.230742
11.684,0.0771494,-0.320723,0.209675
11.685,0.0510246,0.105959,0.128331
11.686,-0.142258,0.637428,0.23047
11.687,-0.218632,0.0842732,-0.0934287
11.688,-0.333394,-0.962878,0.00754022
11.689,0.102958,-0.113179,0.138969
11.69,0.035378,0.267577,0.116272
11.691,-0.234253,0.714346,0.270528
11.692,-0.195725,-0.126635,-0.138724
11.693,-0.142953,-0.898656,0.332047
11.694,0.111857,0.018625,0.159917
11.695,0.00291007,0.272847,0.0901834
11.696,-0.291022,0.610648,0.182182
11.697,-0.218454,-0.368744,-0.162737
11.698,-0.101807,-0.839692,0.528725
11.699,0.0984645,0.17365,0.128605
11.7,-0.0563335,0.445552,0.135712
11.701,-0.397399,0.608551,0.16542
11.702,-0.0999202,-0.42826,-0.053806
11.703,0.0270861,-0.45863,0.388085
11.704,0.0706862,0.312809,0.144486
11.705,-0.076495,0.346566,0.0748005
11.706,-0.44692,0.370977,-0.00814277
11.707,-0.113057,-0.702048,0.097148
11.708,0.0283201,-0.312031,0.360394
11.709,0.024754,0.408836,0.150751
11.71,-0.170651,0.468076,0.110729
11.711,-0.4933,0.0702011,-0.181169
11.712,0.00810091,-0.467588,0.125464
11.713,0.0685563,-0.0727474,0.217596
11.714,-0.0327207,0.537022,0.197325
11.715,-0.159526,0.273628,0.00724561
11.716,-0.40925,-0.441862,-0.270502
11.717,0.0452802,-0.44883,0.240932
11.718,0.0571493,0.0401687,0.156735
11.719,-0.0945917,0.580018,0.203023
11.72,-0.22913,0.212593,-0.0444356
11.721,-0.412021,-0.802609,-0.188856
11.722,0.0927678,-0.218656,0.165852
11.723,0.0547621,0.230932,0.126186
11.724,-0.180607,0.686325,0.258549
11.725,-0.17766,-0.0188542,-0.107673
11.726,-0.212841,-0.931028,0.17763
11.727,0.108572,-0.0904165,0.185454
11.728,0.0221605,0.235815,0.0967921
11.729,-0.245483,0.64375,0.214427
11.73,-0.281239,-0.211697,-0.193614
11.731,-0.185925,-1.0047,0.461559
11.732,0.107626,0.0852572,0.129375
11.733,-0.0163237,0.354957,0.109819
11.734,-0.353243,0.689089,0.233852
11.735,-0.146858,-0.378946,-0.108656
11.736,-0.0264881,-0.649003,0.455849
11.737,0.0916364,0.226497,0.138789
11.738,-0.0494456,0.338327,0.0835835
11.739,-0.410507,0.515794,0.0951309
11.74,-0.169301,-0.667655,-0.01775
11.741,-0.00252302,-0.475859,0.453235
11.742,0.0539568,0.342054,0.138698
11.743,-0.121145,0.440159,0.108639
11.744,-0.481086,0.307721,-0.0531211
11.745,-0.0338809,-0.523098,0.0843476
11.746,0.0763522,-0.147594,0.24978
11.747,0.00469897,0.478119,0.17852
11.748,-0.129652,0.301613,0.0314281
11.749,-0.457308,-0.146786,-0.250302
11.75,0.0125314,-0.527179,0.210512
11.751,0.0608528,-0.0373271,0.197257
11.752,-0.0563777,0.560057,0.20205
11.753,-0.241956,0.360385,0.028113
11.754,-0.460121,-0.5467,-0.291301
11.755,0.0726124,-0.318245,0.175978
11.756,0.0704858,0.167431,0.13731
11.757,-0.134495,0.662339,0.250551
11.758,-0.170661,0.0760216,-0.0770797
11.759,-0.310455,-0.896938,-0.023158
11.76,0.102043,-0.170487,0.175894
11.761,0.0391199,0.206208,0.109066
11.762,-0.199853,0.643378,0.222524
11.763,-0.286056,-0.0507445,-0.162334
11.764,-0.249564,-1.04781,0.292446
11.765,0.111114,-0.00274907,0.138917
11.766,0.00525533,0.353568,0.122617
11.767,-0.305015,0.725388,0.269118
11.768,-0.154307,-0.264285,-0.124724
11.769,-0.0674431,-0.770231,0.433071
11.77,0.103561,0.133148,0.14763
11.771,-0.0276053,0.337541,0.0952236
11.772,-0.344208,0.533415,0.117703
11.773,-0.171527,-0.515632,-0.0952239
11.774,-0.0347699,-0.628292,0.508193
11.775,0.0778801,0.276044,0.134195
11.776,-0.101504,0.480904,0.139255
11.777,-0.461857,0.494292,0.0727433
11.778,-0.0613144,-0.490416,0.0187976
11.779,0.0418375,-0.318988,0.348457
11.78,0.0370212,0.406847,0.160698
11.781,-0.102405,0.317548,0.049639
11.782,-0.423779,0.0341788,-0.178728
11.783,-0.03711,-0.625531,0.184135
11.784,0.0482593,-0.155205,0.264049
11.785,-0.0169918,0.498202,0.179029
11.786,-0.176016,0.344961,0.0380863
11.787,-0.495022,-0.253515,-0.288804
11.788,0.0480629,-0.381587,0.152423
11.789,0.0686812,0.0416069,0.164865
11.79,-0.0840509,0.601995,0.221635
11.791,-0.162687,0.16111,-0.0430798
11.792,-0.354407,-0.728569,-0.174465
11.793,0.0803872,-0.309817,0.228816
11.794,0.0490482,0.128115,0.121753
11.795,-0.150402,0.621184,0.216967
11.796,-0.243639,0.0684224,-0.108396
11.797,-0.324736,-1.00557,0.0663401
11.798,0.107725,-0.100013,0.153944
11.799,0.0292462,0.319397,0.12618
11.8,-0.252495,0.727759,0.278358
11.801,-0.179093,-0.161253,-0.134639
11.802,-0.172179,-0.96718,0.394901
11.803,0.109216,0.0386942,0.16272
11.804,-0.00318695,0.284747,0.0896089
11.805,-0.30465,0.600365,0.1724
11.806,-0.227358,-0.421224,-0.163107
11.807,-0.0951798,-0.816572,0.548648
11.808,0.0920753,0.189939,0.121766
11.809,-0.0575059,0.41699,0.119631
11.81,-0.412597,0.590428,0.149724
11.811,-0.105737,-0.480058,-0.0412587
11.812,0.0300907,-0.430652,0.38518
11.813,0.0641632,0.32764,0.147765
11.814,-0.087035,0.361507,0.0779189
11.815,-0.417026,0.242613,-0.0782362
11.816,-0.100815,-0.702652,0.122253
11.817,0.0331696,-0.278654,0.340308
11.818,0.0171561,0.428652,0.156758
11.819,-0.169335,0.437261,0.0923716
11.82,-0.510022,0.0376604,-0.199526
11.821,0.0169327,-0.451217,0.132073
11.822,0.0678363,-0.0524903,0.207297
11.823,-0.0423436,0.54899,0.201126
11.824,-0.147607,0.226416,-0.0101016
11.825,-0.415639,-0.497852,-0.27136
11.826,0.0620419,-0.371208,0.195262
11.827,0.0602859,0.0763363,0.146106
11.828,-0.108623,0.59864,0.2117
11.829,-0.272814,0.238958,-0.0448522
11.83,-0.40297,-0.861174,-0.149464
11.831,0.0954596,-0.175611,0.144335
11.832,0.047991,0.223883,0.119582
11.833,-0.198492,0.704061,0.268623
11.834,-0.184569,-0.046613,-0.11758
11.835,-0.243475,-1.00312,0.222083
11.836,0.107722,-0.0684754,0.187986
11.837,0.0164379,0.244228,0.0933541
11.838,-0.263963,0.648796,0.215119
11.839,-0.249175,-0.26649,-0.182396
11.84,-0.163484,-0.969841,0.498059
11.841,0.105399,0.111972,0.128035
11.842,-0.0246306,0.365984,0.110112
11.843,-0.369669,0.676546,0.221862
11.844,-0.129886,-0.393023,-0.0916032
11.845,-0.0333899,-0.64949,0.488166
11.846,0.0849528,0.244047,0.142803
11.847,-0.0541418,0.325307,0.0750067
11.848,-0.401332,0.419356,0.0306751
11.849,-0.122732,-0.61838,0.011535
11.85,0.0149363,-0.410946,0.41211
11.851,0.0469395,0.372052,0.147698
11.852,-0.148185,0.488083,0.129341
11.853,-0.498984,0.264864,-0.0816665
11.854,-0.0158821,-0.489027,0.0920472
11.855,0.0602507,-0.158178,0.26303
11.856,-0.00593096,0.491236,0.181921
11.857,-0.13378,0.282965,0.0209184
11.858,-0.419277,-0.271429,-0.263177
11.859,0.00846576,-0.56456,0.269793
11.86,0.0568258,-0.0201724,0.185914
11.861,-0.0678084,0.562109,0.199479
11.862,-0.215194,0.274564,-0.0103298
11.863,-0.452065,-0.629421,-0.274649
11.864,0.0800176,-0.272589,0.159612
11.865,0.0598131,0.14564,0.130531
11.866,-0.145804,0.662233,0.247957
11.867,-0.173341,0.0487312,-0.0868963
11.868,-0.269488,-0.910774,0.0474451
11.869,0.100214,-0.174565,0.212073
11.87,0.034727,0.22047,0.106412
11.871,-0.213631,0.647554,0.222983
11.872,-0.290228,-0.093276,-0.175139
11.873,-0.235957,-1.05223,0.350555
11.874,0.109094,0.0263142,0.129522
11.875,-0.00202247,0.363385,0.122238
11.876,-0.320921,0.721805,0.26418
11.877,-0.157766,-0.304037,-0.125573
11.878,-0.087287,-0.81065,0.497374
11.879,0.0996551,0.15941,0.146002
11.88,-0.0308019,0.311284,0.0815587
11.881,-0.371632,0.545923,0.122404
11.882,-0.137727,-0.502729,-0.0665571
11.883,-0.0151819,-0.562111,0.477069
11.884,0.0686409,0.289844,0.129067
11.885,-0.0961732,0.425153,0.108665
11.886,-0.467853,0.433251,0.0294725
11.887,-0.0527498,-0.503933,0.0392127
11.888,0.0449997,-0.283398,0.332129
11.889,0.0273511,0.423314,0.163702
11.89,-0.108773,0.30563,0.0413177
11.891,-0.454318,0.00469383,-0.19882
11.892,-0.00423185,-0.531791,0.159502
11.893,0.0603655,-0.0967314,0.229837
11.894,-0.0290777,0.502136,0.176163
11.895,-0.193705,0.341651,0.0309924
11.896,-0.486589,-0.363201,-0.302498
11.897,0.0583506,-0.351663,0.156354
11.898,0.067603,0.0751202,0.152521
11.899,-0.101383,0.622559,0.230721
11.9,-0.169378,0.135843,-0.0554496
11.901,-0.315723,-0.786693,-0.109015
11.902,0.0904609,-0.254942,0.206996
11.903,0.0465325,0.159761,0.115682
11.904,-0.177664,0.671811,0.248037
11.905,-0.290204,0.0553782,-0.129554
11.906,-0.308718,-1.04757,0.149322
11.907,0.109307,-0.0583998,0.143273
11.908,0.0215638,0.289389,0.110859
11.909,-0.270586,0.723194,0.272065
11.91,-0.172318,-0.202042,-0.1345
11.911,-0.145372,-0.929779,0.437133
11.912,0.107404,0.0726435,0.157294
11.913,-0.0105738,0.290245,0.0861933
11.914,-0.331076,0.609087,0.174839
11.915,-0.174887,-0.426983,-0.122413
11.916,-0.0637535,-0.731187,0.528922
11.917,0.0886764,0.22634,0.129271
11.918,-0.0723226,0.438105,0.125024
11.919,-0.436076,0.572042,0.132953
11.92,-0.0779869,-0.455249,-0.0196262
11.921,0.0431956,-0.370197,0.356648
11.922,0.0548006,0.353172,0.150864
11.923,-0.0866669,0.322772,0.0586793
11.924,-0.442142,0.208433,-0.101935
11.925,-0.0410527,-0.561433,0.102727
11.926,0.0486123,-0.210194,0.295227
11.927,0.00442554,0.451991,0.162587
11.928,-0.191686,0.448596,0.0931794
11.929,-0.490591,-0.0985246,-0.24615
11.93,0.0310597,-0.415443,0.13575
11.931,0.0765979,0.00901812,0.181438
11.932,-0.0590332,0.57646,0.211999
11.933,-0.175224,0.241072,-0.013487
11.934,-0.365907,-0.602259,-0.225141
11.935,0.0682397,-0.361625,0.222099
11.936,0.0560924,0.0979767,0.135762
11.937,-0.130863,0.640955,0.23572
11.938,-0.278728,0.189785,-0.0701209
11.939,-0.375423,-0.933853,-0.0707811
11.94,0.100175,-0.1414,0.142281
11.941,0.0420818,0.265963,0.121459
11.942,-0.219706,0.71846,0.276182
11.943,-0.186982,-0.0898361,-0.127828
11.944,-0.212149,-0.995044,0.29678
11.945,0.1094,-0.0255705,0.176691
11.946,0.00937532,0.25933,0.0912519
11.947,-0.280593,0.63558,0.202465
11.948,-0.260231,-0.332177,-0.190401
11.949,-0.122173,-0.888543,0.51119
11.95,0.101565,0.143512,0.126206
11.951,-0.0328189,0.364703,0.104996
11.952,-0.381445,0.634125,0.187097
11.953,-0.108839,-0.404157,-0.0696935
11.954,0.00876784,-0.525579,0.419509
11.955,0.0777994,0.278241,0.143692
11.956,-0.0688053,0.35252,0.081191
11.957,-0.429658,0.410279,0.020036
11.958,-0.113134,-0.650171,0.04958
11.959,0.0180561,-0.369438,0.395051
11.96,0.0359667,0.391059,0.148957
11.961,-0.127797,0.390149,0.0780943
11.962,-0.484574,0.147491,-0.142421
11.963,0.00136567,-0.4486,0.095429
11.964,0.0712563,-0.0971959,0.229499
11.965,-0.0198198,0.51802,0.190028
11.966,-0.156502,0.30015,0.0212271
11.967,-0.403496,-0.373356,-0.266577
11.968,0.0321831,-0.491448,0.247911
11.969,0.0573207,0.0126718,0.169391
11.97,-0.0816236,0.569833,0.200137
11.971,-0.256534,0.297408,-0.0103669
11.972,-0.420056,-0.724921,-0.227329
11.973,0.086835,-0.23566,0.154369
11.974,0.0592416,0.198432,0.127713
11.975,-0.167157,0.688847,0.263041
11.976,-0.178284,0.0166276,-0.098521
11.977,-0.23948,-0.9255,0.115197
11.978,0.103396,-0.137749,0.204846
11.979,0.027641,0.218823,0.0988628
11.98,-0.227718,0.638803,0.213892
11.981,-0.234757,-0.16692,-0.164637
11.982,-0.203227,-1.02177,0.410918
11.983,0.108412,0.0561501,0.128341
11.984,-0.00842567,0.351066,0.1129
11.985,-0.339323,0.71205,0.254009
11.986,-0.144814,-0.333573,-0.113479
11.987,-0.0587752,-0.737389,0.487744
11.988,0.0967122,0.197371,0.140044
11.989,-0.0420984,0.338254,0.0874114
11.99,-0.398298,0.553018,0.123746
11.991,-0.184665,-0.641779,-0.0521391
11.992,-0.014899,-0.531494,0.480518
11.993,0.0621507,0.320993,0.136383
11.994,-0.0978806,0.397074,0.0925007
11.995,-0.465468,0.351009,-0.0238259
11.996,-0.0327186,-0.471682,0.0505408
11.997,0.0649216,-0.204334,0.281636
11.998,0.0158773,0.455787,0.172007
11.999,-0.120025,0.306639,0.0374676
12,-0.431052,-0.107784,-0.230532
12.001,-0.0169447,-0.615316,0.241627
12.002,0.0584394,-0.0737726,0.216592
12.003,-0.0423934,0.543223,0.196355
12.004,-0.234495,0.389544,0.0468553
12.005,-0.482484,-0.442956,-0.3059
12.006,0.0661367,-0.312663,0.146244
12.007,0.0685152,0.112245,0.143544
12.008,-0.117304,0.643354,0.240855
12.009,-0.189953,0.130521,-0.06545
12.01,-0.307811,-0.83769,-0.066928
12.011,0.0886976,-0.255043,0.237501
12.012,0.0411616,0.16507,0.10938
12.013,-0.189778,0.664942,0.240495
12.014,-0.226262,-0.0335941,-0.133207
12.015,-0.267624,-1.03659,0.221047
12.016,0.110058,-0.0319412,0.139275
12.017,0.0157601,0.294569,0.10791
12.018,-0.280376,0.705617,0.256666
12.019,-0.155643,-0.229127,-0.125458
12.02,-0.0949802,-0.831307,0.432999
12.021,0.107529,0.111361,0.145535
12.022,-0.0187024,0.314482,0.0905495
12.023,-0.356958,0.631894,0.188518
12.024,-0.224124,-0.533081,-0.136495
12.025,-0.0578953,-0.699471,0.539055
12.026,0.0817696,0.246456,0.126774
12.027,-0.0837428,0.450048,0.127393
12.028,-0.448792,0.538844,0.106689
12.029,-0.0714845,-0.476691,-0.00191652
12.03,0.0440025,-0.343897,0.351674
12.031,0.0469903,0.382963,0.154378
12.032,-0.0933029,0.319636,0.0543622
12.033,-0.443441,0.146569,-0.133685
12.034,-0.030919,-0.558837,0.121798
12.035,0.0541587,-0.173127,0.273048
12.036,-0.00499407,0.464936,0.165149
12.037,-0.190925,0.412569,0.0717769
12.038,-0.507235,-0.15119,-0.267438
12.039,0.0387642,-0.40801,0.150157
12.04,0.0687562,0.0131856,0.176499
12.041,-0.0711757,0.587626,0.216
12.042,-0.158261,0.182719,-0.0326851
12.043,-0.380345,-0.664378,-0.218376
12.044,0.0786495,-0.30865,0.197438
12.045,0.0558234,0.12768,0.129165
12.046,-0.137686,0.613591,0.214615
12.047,-0.239153,0.100949,-0.094792
12.048,-0.350205,-0.977832,-0.000592466
12.049,0.10432,-0.119406,0.14737
12.05,0.0350765,0.247837,0.111652
12.051,-0.230197,0.703776,0.262985
12.052,-0.1678,-0.126066,-0.123871
12.053,-0.164676,-0.938764,0.342599
12.054,0.112533,0.0256221,0.147342
12.055,0.00204523,0.296715,0.0980459
12.056,-0.292609,0.616037,0.185926
12.057,-0.25136,-0.385387,-0.182973
12.058,-0.100886,-0.838413,0.524375
12.059,0.0974452,0.170177,0.12517
12.06,-0.0423668,0.376788,0.105932
12.061,-0.394738,0.6055,0.163429
12.062,-0.0982035,-0.422722,-0.0538001
12.063,0.0154026,-0.486815,0.413759
12.064,0.0709463,0.311335,0.143185
12.065,-0.0710561,0.327263,0.0677633
12.066,-0.42326,0.317536,-0.0367948
12.067,-0.0786778,-0.600598,0.0663289
12.068,0.0263687,-0.31966,0.365665
12.069,0.025921,0.417548,0.15617
12.07,-0.141162,0.392048,0.0747476
12.071,-0.501727,0.0918817,-0.173158
12.072,0.00784323,-0.463626,0.121351
12.073,0.0661843,-0.0820965,0.222283
12.074,-0.0314741,0.533659,0.195831
12.075,-0.147183,0.250872,0.00100763
12.076,-0.402217,-0.440291,-0.266913
12.077,0.0349946,-0.489889,0.275761
12.078,0.0561672,0.035678,0.157795
12.079,-0.0979894,0.601095,0.216334
12.08,-0.21093,0.189482,-0.0488404
12.081,-0.396791,-0.79836,-0.17806
12.082,0.0917694,-0.199866,0.146436
12.083,0.0532582,0.215961,0.123489
12.084,-0.183225,0.692216,0.262379
12.085,-0.200629,-0.00877496,-0.115442
12.086,-0.209507,-0.930325,0.18424
12.087,0.109415,-0.0834243,0.181305
12.088,0.0212097,0.23209,0.0949928
12.089,-0.254148,0.663686,0.228031
12.09,-0.209776,-0.217513,-0.157238
12.091,-0.159917,-0.957974,0.450614
12.092,0.104935,0.0899506,0.12283
12.093,-0.0233589,0.396436,0.125472
12.094,-0.360148,0.697589,0.239846
12.095,-0.137862,-0.375246,-0.101898
12.096,-0.0463901,-0.691904,0.498135
12.097,0.0891237,0.225928,0.142679
12.098,-0.0497142,0.330191,0.0795858
12.099,-0.386772,0.43607,0.044118
12.1,-0.166194,-0.67201,-0.0107969
12.101,-0.000257166,-0.465173,0.447694
12.102,0.0523044,0.346185,0.139252
12.103,-0.126291,0.449572,0.112504
12.104,-0.490501,0.314457,-0.0506286
12.105,-0.0201055,-0.46546,0.0674797
12.106,0.0643603,-0.172876,0.268327
12.107,0.00344237,0.477978,0.177386
12.108,-0.138468,0.320149,0.0374679
12.109,-0.427619,-0.198972,-0.25289
12.11,0.000707528,-0.577885,0.252135
12.111,0.0627585,-0.0307234,0.194598
12.112,-0.0551265,0.54078,0.19009
12.113,-0.246571,0.366848,0.0306335
12.114,-0.472365,-0.546428,-0.29785
12.115,0.0743341,-0.299474,0.162885
12.116,0.0616637,0.122685,0.135692
12.117,-0.133407,0.652497,0.243746
12.118,-0.173441,0.0742838,-0.0788247
12.119,-0.275457,-0.876572,0.00523018
12.12,0.0996608,-0.190809,0.205172
12.121,0.0365414,0.187123,0.104644
12.122,-0.201374,0.645402,0.223721
12.123,-0.291098,-0.0506073,-0.164256
12.124,-0.256567,-1.06081,0.299191
12.125,0.110143,0.00315196,0.134262
12.126,0.00744353,0.309348,0.10676
12.127,-0.300787,0.702693,0.251478
12.128,-0.148118,-0.266377,-0.120457
12.129,-0.0808852,-0.799993,0.462442
12.13,0.103609,0.149179,0.13495
12.131,-0.0296251,0.337704,0.0941208
12.132,-0.350509,0.533639,0.116855
12.133,-0.205196,-0.576271,-0.104657
12.134,-0.0329617,-0.619236,0.507023
12.135,0.0764957,0.281041,0.134578
12.136,-0.10427,0.483562,0.139939
12.137,-0.464706,0.485089,0.0658281
12.138,-0.0615195,-0.501662,0.0248596
12.139,0.039726,-0.316995,0.350433
12.14,0.0345947,0.406526,0.160097
12.141,-0.103339,0.310971,0.0460611
12.142,-0.454804,0.0627705,-0.175028
12.143,-0.0148132,-0.549975,0.151477
12.144,0.0558393,-0.128477,0.247748
12.145,-0.0211737,0.507435,0.182757
12.146,-0.200344,0.384927,0.0531708
12.147,-0.497885,-0.279222,-0.294807
12.148,0.0524113,-0.355435,0.141484
12.149,0.0749936,0.0772576,0.156758
12.15,-0.0915621,0.618702,0.230448
12.151,-0.164737,0.155013,-0.0462719
12.152,-0.336881,-0.744347,-0.152018
12.153,0.077525,-0.320399,0.250267
12.154,0.0490275,0.139085,0.120215
12.155,-0.160458,0.648985,0.234746
12.156,-0.22046,0.0388961,-0.10957
12.157,-0.305464,-1.00098,0.0924479
12.158,0.105686,-0.0790089,0.135682
12.159,0.0275097,0.2898,0.115731
12.16,-0.253997,0.716352,0.269027
12.161,-0.190717,-0.174159,-0.142532
12.162,-0.116582,-0.864095,0.372809
12.163,0.111283,0.06058,0.149155
12.164,-0.00627666,0.299649,0.0930001
12.165,-0.330754,0.661383,0.214845
12.166,-0.242653,-0.452753,-0.169216
12.167,-0.0856581,-0.790664,0.546255
12.168,0.0905397,0.200845,0.122867
12.169,-0.0701827,0.460712,0.138666
12.17,-0.422286,0.592205,0.149882
12.171,-0.0927847,-0.461292,-0.0342834
12.172,0.0175358,-0.452756,0.412692
12.173,0.0618851,0.340879,0.14876
12.174,-0.0855679,0.344742,0.070005
12.175,-0.4555,0.305609,-0.049867
12.176,-0.0954626,-0.703435,0.134698
12.177,0.0350492,-0.263117,0.330993
12.178,0.0130688,0.444129,0.162949
12.179,-0.15201,0.378877,0.0639934
12.18,-0.499864,-0.0176117,-0.219728
12.181,0.0183822,-0.463423,0.147694
12.182,0.0834388,0.00659104,0.183798
12.183,-0.0499273,0.567665,0.209608
12.184,-0.156484,0.229806,-0.0119094
12.185,-0.408394,-0.530786,-0.264224
12.186,0.0653216,-0.359851,0.195783
12.187,0.0597981,0.0865065,0.142552
12.188,-0.113348,0.598916,0.210616
12.189,-0.268186,0.213361,-0.0559624
12.19,-0.371072,-0.878677,-0.106904
12.191,0.0973213,-0.163532,0.143966
12.192,0.0465346,0.245735,0.121347
12.193,-0.205715,0.708424,0.270714
12.194,-0.177618,-0.0631451,-0.117841
12.195,-0.191308,-0.940166,0.248652
12.196,0.108484,-0.05533,0.184078
12.197,0.0144978,0.247396,0.0923889
12.198,-0.27405,0.662912,0.224258
12.199,-0.199377,-0.266835,-0.153641
12.2,-0.1368,-0.918835,0.491766
12.201,0.102733,0.121849,0.123522
12.202,-0.0366443,0.424431,0.133082
12.203,-0.367928,0.649454,0.200716
12.204,-0.115116,-0.383337,-0.0805784
12.205,-0.0157709,-0.599769,0.460845
12.206,0.0831535,0.264258,0.137981
12.207,-0.0624945,0.351014,0.0833464
12.208,-0.421995,0.445581,0.044708
12.209,-0.124876,-0.64323,0.026109
12.21,0.0110339,-0.407296,0.41676
12.211,0.0428657,0.37496,0.145824
12.212,-0.119147,0.389168,0.0805165
12.213,-0.482342,0.202685,-0.11331
12.214,-0.00666775,-0.456392,0.0854952
12.215,0.0692381,-0.124523,0.243197
12.216,-0.0107743,0.502847,0.184946
12.217,-0.151089,0.311637,0.0288157
12.218,-0.409747,-0.313402,-0.264667
12.219,0.02283,-0.517489,0.246158
12.22,0.0579774,-0.00638506,0.179388
12.221,-0.0709984,0.556294,0.194649
12.222,-0.225453,0.27613,-0.0126143
12.223,-0.436253,-0.668047,-0.255876
12.224,0.0826271,-0.271743,0.170112
12.225,0.0636248,0.193006,0.131231
12.226,-0.152235,0.6665,0.249659
12.227,-0.172338,0.0343825,-0.0907656
12.228,-0.282984,-0.944125,0.0623989
12.229,0.106857,-0.126647,0.170245
12.23,0.0323049,0.232867,0.106121
12.231,-0.22036,0.642323,0.217851
12.232,-0.265173,-0.133745,-0.173325
12.233,-0.221662,-1.04089,0.379187
12.234,0.107573,0.0398313,0.125156
12.235,-0.00437063,0.349108,0.114598
12.236,-0.327614,0.7093,0.253228
12.237,-0.152619,-0.319441,-0.120729
12.238,-0.0781836,-0.786635,0.501451
12.239,0.0977472,0.174749,0.144688
12.24,-0.0353939,0.320049,0.0827498
12.241,-0.362612,0.491694,0.0856146
12.242,-0.162624,-0.574679,-0.0621963
12.243,-0.0173758,-0.553783,0.484231
12.244,0.0674825,0.30896,0.136406
12.245,-0.103253,0.436765,0.112726
12.246,-0.466335,0.399857,0.00740571
12.247,-0.0517668,-0.51972,0.0509641
12.248,0.0647378,-0.224425,0.289514
12.249,0.0234619,0.434483,0.166659
12.25,-0.123681,0.3375,0.0515506
12.251,-0.438581,-0.04555,-0.21286
12.252,-0.0120849,-0.577808,0.195746
12.253,0.0578421,-0.0936367,0.227823
12.254,-0.0342035,0.530728,0.191674
12.255,-0.230573,0.407969,0.0587383
12.256,-0.491221,-0.382128,-0.306233
12.257,0.0610931,-0.341578,0.155804
12.258,0.0685273,0.08949,0.149047
12.259,-0.108497,0.638726,0.239972
12.26,-0.178451,0.137194,-0.058489
12.261,-0.370767,-0.819171,-0.143756
12.262,0.0849712,-0.277983,0.243228
12.263,0.0434062,0.154263,0.112392
12.264,-0.180567,0.661571,0.239811
12.265,-0.228376,-0.00751552,-0.126918
12.266,-0.287855,-1.03777,0.177003
12.267,0.110481,-0.0540311,0.147891
12.268,0.0174786,0.344648,0.127035
12.269,-0.277088,0.726537,0.27382
12.27,-0.158002,-0.206934,-0.126098
12.271,-0.12014,-0.881878,0.432445
12.272,0.108918,0.0975174,0.138388
12.273,-0.0158985,0.325815,0.0972148
12.274,-0.324623,0.569504,0.14667
12.275,-0.190431,-0.4654,-0.126601
12.276,-0.0577108,-0.71065,0.527161
12.277,0.0868069,0.237382,0.13073
12.278,-0.0842472,0.472038,0.139976
12.279,-0.442478,0.557254,0.121103
12.28,-0.0760241,-0.469425,-0.011046
12.281,0.0448841,-0.354878,0.351887
12.282,0.0513398,0.365228,0.15281
12.283,-0.0963116,0.344307,0.0653935
12.284,-0.463803,0.230073,-0.0947271
12.285,-0.0741449,-0.690497,0.169659
12.286,0.0428107,-0.210604,0.298056
12.287,0.000726951,0.455638,0.162723
12.288,-0.193683,0.439212,0.0869435
12.289,-0.484581,-0.138036,-0.256569
12.29,0.0361772,-0.395217,0.131425
12.291,0.0787635,0.0301045,0.174034
12.292,-0.0653306,0.587966,0.217857
12.293,-0.156973,0.197764,-0.0259526
12.294,-0.367451,-0.62655,-0.220064
12.295,0.0614851,-0.393728,0.265448
12.296,0.0528632,0.0951864,0.133088
12.297,-0.129172,0.611235,0.215061
12.298,-0.2758,0.17292,-0.0769377
12.299,-0.352856,-0.938362,-0.0403987
12.3,0.101943,-0.13766,0.147202
12.301,0.0399992,0.256838,0.117822
12.302,-0.221209,0.708146,0.267815
12.303,-0.194171,-0.0988302,-0.133105
12.304,-0.161405,-0.917772,0.301756
12.305,0.110407,-0.0130564,0.171598
12.306,0.00705165,0.290918,0.099809
12.307,-0.280369,0.618844,0.189993
12.308,-0.221892,-0.33415,-0.167038
12.309,-0.116178,-0.874698,0.519707
12.31,0.10116,0.154113,0.128467
12.311,-0.0472752,0.430598,0.131471
12.312,-0.387841,0.631042,0.183914
12.313,-0.114859,-0.429926,-0.0682895
12.314,-0.0112253,-0.566466,0.464507
12.315,0.0753273,0.284694,0.14412
12.316,-0.0660566,0.327711,0.0703095
12.317,-0.414707,0.344884,-0.0187212
12.318,-0.103035,-0.640892,0.0584143
12.319,0.025649,-0.341893,0.375828
12.32,0.0328654,0.403161,0.153149
12.321,-0.14208,0.417991,0.0891376
12.322,-0.496781,0.139228,-0.149174
12.323,-0.00385975,-0.497387,0.124631
12.324,0.0823114,-0.0573425,0.209416
12.325,-0.0247779,0.52979,0.195414
12.326,-0.144839,0.264196,0.00801675
12.327,-0.425662,-0.374933,-0.277001
12.328,0.0465142,-0.424164,0.198183
12.329,0.0629384,0.0377484,0.162462
12.33,-0.0858646,0.572073,0.200321
12.331,-0.233626,0.245212,-0.0303816
12.332,-0.418533,-0.755103,-0.214882
12.333,0.0892879,-0.240381,0.169837
12.334,0.0590203,0.226968,0.129184
12.335,-0.175291,0.695145,0.266209
12.336,-0.190531,0.00704942,-0.10664
12.337,-0.270139,-0.981441,0.130676
12.338,0.107024,-0.11042,0.191262
12.339,0.0254384,0.235567,0.0999558
12.34,-0.250124,0.691716,0.25027
12.341,-0.283699,-0.184745,-0.190837
12.342,-0.197346,-1.01939,0.439989
12.343,0.108521,0.0718586,0.130274
12.344,-0.0124149,0.350095,0.110007
12.345,-0.345973,0.696951,0.241037
12.346,-0.145932,-0.357326,-0.111314
12.347,-0.0560693,-0.724365,0.498475
12.348,0.0925544,0.204833,0.143367
12.349,-0.0432032,0.320531,0.0785662
12.35,-0.386104,0.477205,0.0718629
12.351,-0.143386,-0.594422,-0.0300614
12.352,-0.000259516,-0.485346,0.449945
12.353,0.0589828,0.338653,0.141828
12.354,-0.131754,0.489717,0.13511
12.355,-0.488143,0.356388,-0.0241
12.356,-0.0310336,-0.491175,0.0659737
12.357,0.058112,-0.205581,0.287364
12.358,0.0102292,0.466228,0.175407
12.359,-0.119553,0.291274,0.030236
12.36,-0.454149,-0.11494,-0.24012
12.361,0.0130174,-0.50823,0.18386
12.362,0.0586243,-0.0569331,0.207128
12.363,-0.0495433,0.550693,0.198448
12.364,-0.235383,0.369064,0.0347606
12.365,-0.457066,-0.50615,-0.292728
12.366,0.0700741,-0.30316,0.150871
12.367,0.0729465,0.155457,0.140056
12.368,-0.12657,0.656215,0.247894
12.369,-0.178332,0.0993505,-0.0723235
12.37,-0.326296,-0.875818,-0.0597691
12.371,0.0995444,-0.192125,0.183283
12.372,0.0416892,0.194812,0.110776
12.373,-0.192889,0.648743,0.227848
12.374,-0.277349,-0.0259484,-0.151837
12.375,-0.251715,-1.03088,0.251536
12.376,0.108201,-0.014821,0.129618
12.377,0.0109452,0.327072,0.11591
12.378,-0.292013,0.713517,0.261282
12.379,-0.17683,-0.260848,-0.139515
12.38,-0.0744056,-0.786318,0.425026
12.381,0.105706,0.123556,0.146535
12.382,-0.0202421,0.302424,0.0844397
12.383,-0.345546,0.567149,0.141704
12.384,-0.200761,-0.5288,-0.11762
12.385,-0.0486891,-0.671981,0.527424
12.386,0.0798572,0.254359,0.127394
12.387,-0.0873165,0.452186,0.127301
12.388,-0.452509,0.524783,0.0959265
12.389,-0.0659637,-0.472468,0.00317354
12.39,0.0558562,-0.306693,0.324902
12.391,0.0437902,0.391851,0.157324
12.392,-0.103904,0.342034,0.0612563
12.393,-0.46647,0.166813,-0.128759
12.394,-0.0618305,-0.684105,0.195161
12.395,0.0464018,-0.17634,0.277
12.396,-0.00961581,0.478942,0.171019
12.397,-0.186691,0.39013,0.0599526
12.398,-0.492112,-0.206226,-0.277265
12.399,0.0399824,-0.419571,0.16618
12.4,0.0810402,0.0685992,0.162238
12.401,-0.0787074,0.604664,0.224831
12.402,-0.160751,0.175818,-0.0364537
12.403,-0.357837,-0.690277,-0.192628
12.404,0.0700312,-0.356468,0.258464
12.405,0.0509662,0.117113,0.12587
12.406,-0.141909,0.617076,0.216053
12.407,-0.252444,0.103004,-0.0986585
12.408,-0.338487,-0.984449,0.0223346
12.409,0.106178,-0.119021,0.15682
12.41,0.0337211,0.306821,0.125485
12.411,-0.240946,0.722371,0.27585
12.412,-0.166563,-0.135,-0.124426
12.413,-0.165239,-0.944677,0.357467
12.414,0.1122,0.0347846,0.144502
12.415,-0.000129967,0.301855,0.0983491
12.416,-0.295093,0.606048,0.178124
12.417,-0.21076,-0.378411,-0.156618
12.418,-0.0967023,-0.826013,0.53236
12.419,0.0974511,0.181996,0.129356
12.42,-0.0616757,0.457925,0.140445
12.421,-0.413431,0.62599,0.176911
12.422,-0.0999107,-0.444325,-0.0484103
12.423,0.0165998,-0.475367,0.412952
12.424,0.0679655,0.318892,0.142435
12.425,-0.0839623,0.365141,0.0810526
12.426,-0.409132,0.256987,-0.0686837
12.427,-0.0761607,-0.613982,0.0821219
12.428,0.0336008,-0.290262,0.345653
12.429,0.0215763,0.424622,0.157242
12.43,-0.138913,0.372534,0.0647555
12.431,-0.491229,0.03505,-0.196059
12.432,0.0153819,-0.440267,0.118813
12.433,0.0805814,-0.028244,0.197447
12.434,-0.0365777,0.540335,0.19796
12.435,-0.144964,0.233992,-0.00576467
12.436,-0.426664,-0.457195,-0.279073
12.437,0.0566707,-0.395635,0.205202
12.438,0.0587674,0.0573623,0.151317
12.439,-0.106013,0.618029,0.22584
12.44,-0.272722,0.258718,-0.0348937
12.441,-0.414737,-0.833951,-0.175363
12.442,0.0949353,-0.197571,0.157613
12.443,0.0483293,0.197664,0.117703
12.444,-0.189004,0.690256,0.259906
12.445,-0.174479,-0.0380246,-0.110776
12.446,-0.203112,-0.935653,0.208355
12.447,0.107911,-0.0785688,0.188345
12.448,0.0191093,0.253076,0.0982192
12.449,-0.268519,0.691449,0.247208
12.45,-0.275124,-0.247541,-0.194656
12.451,-0.167505,-0.975693,0.482413
12.452,0.104068,0.099925,0.122362
12.453,-0.0263526,0.397253,0.124309
12.454,-0.366196,0.690864,0.233721
12.455,-0.128828,-0.376371,-0.0940701
12.456,-0.0194435,-0.62345,0.453936
12.457,0.0883594,0.242214,0.137775
12.458,-0.0505193,0.323486,0.0760186
12.459,-0.400304,0.4478,0.0496594
12.46,-0.111012,-0.567397,-0.00473778
12.461,0.00814644,-0.439191,0.428996
12.462,0.0510894,0.360754,0.145493
12.463,-0.14213,0.487525,0.130718
12.464,-0.495846,0.298632,-0.0611283
12.465,-0.0225336,-0.497628,0.0859116
12.466,0.0595551,-0.174149,0.271418
12.467,2.52185e-05,0.478954,0.177999
12.468,-0.127106,0.280756,0.0223697
12.469,-0.435798,-0.219557,-0.260304
12.47,0.0234084,-0.4912,0.19873
12.471,0.05639,-0.0342222,0.193375
12.472,-0.0621302,0.55844,0.198997
12.473,-0.195119,0.257743,-0.0122946
12.474,-0.440071,-0.599922,-0.272871
12.475,0.0773934,-0.270377,0.148155
12.476,0.0635371,0.15229,0.133137
12.477,-0.142342,0.664846,0.250441
12.478,-0.19757,0.0820718,-0.0860551
12.479,-0.263368,-0.889352,0.0348022
12.48,0.103356,-0.163593,0.190141
12.481,0.0352366,0.20826,0.105246
12.482,-0.220301,0.688957,0.25309
12.483,-0.286774,-0.0844192,-0.171538
12.484,-0.23891,-1.0507,0.335252
12.485,0.108156,0.0195448,0.126824
12.486,0.000905444,0.34818,0.117579
12.487,-0.312424,0.706511,0.252935
12.488,-0.16716,-0.304525,-0.132123
12.489,-0.0572736,-0.74426,0.444836
12.49,0.100429,0.151988,0.146796
12.491,-0.0291414,0.309734,0.0818923
12.492,-0.369947,0.555668,0.12971
12.493,-0.138996,-0.494752,-0.0708417
12.494,-0.0200252,-0.577927,0.485595
12.495,0.0708674,0.287356,0.130387
12.496,-0.106141,0.471415,0.13202
12.497,-0.452933,0.423876,0.0253782
12.498,-0.0479468,-0.472211,0.0277676
12.499,0.0592675,-0.257213,0.306935
12.5,0.0301398,0.423968,0.164504
12.501,-0.106678,0.309662,0.0440971
12.502,-0.441591,0.0102365,-0.193147
12.503,-0.0151863,-0.566365,0.170114
12.504,0.0520223,-0.125887,0.246255
12.505,-0.0240313,0.494639,0.173795
12.506,-0.190502,0.350296,0.036624
12.507,-0.48928,-0.324121,-0.298817
12.508,0.0543835,-0.36731,0.158617
12.509,0.0672242,0.0601788,0.157131
12.51,-0.0954176,0.615711,0.227659
12.511,-0.16532,0.142501,-0.0513208
12.512,-0.341852,-0.773296,-0.141902
12.513,0.0860882,-0.280065,0.221154
12.514,0.0474869,0.147882,0.117561
12.515,-0.167251,0.652239,0.23567
12.516,-0.219945,0.0206805,-0.115088
12.517,-0.296134,-1.01274,0.124257
12.518,0.106475,-0.0665635,0.134592
12.519,0.0244125,0.301485,0.116879
12.52,-0.260929,0.715599,0.267386
12.521,-0.185447,-0.190538,-0.141228
12.522,-0.114204,-0.863703,0.390819
12.523,0.108093,0.0592837,0.15957
12.524,-0.0076114,0.285901,0.0866902
12.525,-0.327131,0.623471,0.186243
12.526,-0.171577,-0.402621,-0.124379
12.527,-0.0677317,-0.74643,0.525916
12.528,0.0888834,0.212551,0.124315
12.529,-0.073286,0.458092,0.135966
12.53,-0.418525,0.556169,0.123351
12.531,-0.0807467,-0.446698,-0.0263426
12.532,0.0273667,-0.417022,0.391402
12.533,0.0576662,0.351148,0.147364
12.534,-0.095871,0.365971,0.0767001
12.535,-0.418004,0.183053,-0.109705
12.536,-0.0710566,-0.654039,0.132265
12.537,0.0378784,-0.242923,0.318457
12.538,0.00805181,0.453823,0.16559
12.539,-0.155817,0.37277,0.0594356
12.54,-0.497575,-0.0613132,-0.235436
12.541,0.0231184,-0.456803,0.154218
12.542,0.0825881,0.0197963,0.1788
12.543,-0.0557985,0.574235,0.212113
12.544,-0.153878,0.212844,-0.0183648
12.545,-0.374567,-0.577648,-0.236267
12.546,0.0581911,-0.407123,0.255981
12.547,0.0590149,0.096178,0.139129
12.548,-0.118817,0.602346,0.211533
12.549,-0.260993,0.185201,-0.0668835
12.55,-0.383721,-0.90839,-0.0992683
12.551,0.0990233,-0.157205,0.146733
12.552,0.0457374,0.270491,0.12532
12.553,-0.208761,0.705158,0.267716
12.554,-0.199448,-0.0674132,-0.129294
12.555,-0.176309,-0.925315,0.265613
12.556,0.111054,-0.0335887,0.172479
12.557,0.012493,0.256046,0.0930348
12.558,-0.268161,0.626056,0.197374
12.559,-0.223283,-0.294222,-0.168473
12.56,-0.1367,-0.918769,0.508002
12.561,0.104379,0.131645,0.130352
12.562,-0.0418666,0.437314,0.137515
12.563,-0.385296,0.671564,0.216058
12.564,-0.125204,-0.419541,-0.0810566
12.565,-0.0205643,-0.603608,0.475596
12.566,0.0799994,0.265978,0.143268
12.567,-0.0604194,0.326667,0.0725198
12.568,-0.410754,0.385606,0.00732744
12.569,-0.102347,-0.605515,0.032123
12.57,0.0184004,-0.378456,0.397817
12.571,0.0390233,0.380956,0.14597
12.572,-0.139845,0.436658,0.100672
12.573,-0.492591,0.191755,-0.12121
12.574,-0.0131368,-0.509783,0.115013
12.575,0.0802258,-0.0850823,0.221677
12.576,-0.0151922,0.512221,0.189453
12.577,-0.137216,0.270918,0.0139605
12.578,-0.405618,-0.335945,-0.265039
12.579,0.0317761,-0.483707,0.226418
12.58,0.0614248,0.0121719,0.172603
12.581,-0.079317,0.587349,0.212534
12.582,-0.250837,0.30529,-0.00463065
12.583,-0.421509,-0.693694,-0.238645
12.584,0.084423,-0.240213,0.148957
12.585,0.0613798,0.195177,0.129435
12.586,-0.160933,0.68339,0.26028
12.587,-0.172417,0.0252918,-0.0934373
12.588,-0.27894,-0.9536,0.0798481
12.589,0.10765,-0.119377,0.171809
12.59,0.0301323,0.226098,0.102725
12.591,-0.236288,0.68942,0.250736
12.592,-0.287979,-0.137771,-0.184195
12.593,-0.216268,-1.03831,0.397411
12.594,0.108503,0.0487846,0.128151
12.595,-0.00799926,0.36508,0.119362
12.596,-0.330225,0.7006,0.245907
12.597,-0.163822,-0.344037,-0.126629
12.598,-0.0349349,-0.684122,0.439237
12.599,0.0973652,0.189462,0.141847
12.6,-0.0366095,0.315386,0.0799447
12.601,-0.383608,0.526664,0.106807
12.602,-0.127006,-0.518311,-0.0487584
12.603,-0.0065043,-0.521869,0.462642
12.604,0.0634993,0.310262,0.132789
12.605,-0.122051,0.488807,0.137479
12.606,-0.480535,0.40509,0.00872282
12.607,-0.0406163,-0.492573,0.0510222
12.608,0.0547069,-0.238255,0.304447
12.609,0.0192217,0.448989,0.17058
12.61,-0.124108,0.326241,0.0456759
12.611,-0.467277,-0.0275727,-0.2147
12.612,-0.0202049,-0.620771,0.23758
12.613,0.0585924,-0.0803067,0.220344
12.614,-0.0393341,0.538438,0.194497
12.615,-0.234014,0.398518,0.0522623
12.616,-0.488203,-0.419068,-0.307533
12.617,0.0639141,-0.33939,0.163575
12.618,0.0660834,0.0939863,0.145949
12.619,-0.112387,0.633454,0.235395
12.62,-0.17061,0.114415,-0.063839
12.621,-0.302175,-0.822753,-0.0711723
12.622,0.0939511,-0.23368,0.208061
12.623,0.0440912,0.177485,0.112669
12.624,-0.188856,0.673706,0.24725
12.625,-0.284214,0.0126292,-0.142337
12.626,-0.272573,-1.03511,0.206697
12.627,0.10985,-0.0378943,0.139772
12.628,0.0172154,0.29055,0.107745
12.629,-0.277285,0.706973,0.258188
12.63,-0.155701,-0.221368,-0.125268
12.631,-0.112684,-0.868468,0.444945
12.632,0.10796,0.110089,0.138353
12.633,-0.0189999,0.328141,0.0962531
12.634,-0.330085,0.560382,0.139213
12.635,-0.184837,-0.479335,-0.118345
12.636,-0.0514662,-0.688878,0.523845
12.637,0.0845968,0.248269,0.131814
12.638,-0.0896116,0.477165,0.141095
12.639,-0.448784,0.541093,0.108345
12.64,-0.0750121,-0.487161,-0.00131375
12.641,0.0291665,-0.378543,0.382675
12.642,0.0466812,0.375811,0.154351
12.643,-0.0938218,0.319006,0.0538407
12.644,-0.446037,0.145625,-0.134746
12.645,-0.0286402,-0.552857,0.121029
12.646,0.0528913,-0.17286,0.273315
12.647,-0.00583987,0.470131,0.167718
12.648,-0.202564,0.438914,0.0844615
12.649,-0.492652,-0.175345,-0.269589
12.65,0.0367342,-0.425785,0.162391
12.651,0.0820614,0.0597095,0.16527
12.652,-0.0740407,0.599469,0.222585
12.653,-0.164308,0.190722,-0.031678
12.654,-0.373358,-0.665611,-0.212892
12.655,0.0757246,-0.330018,0.219285
12.656,0.0538123,0.118755,0.128666
12.657,-0.144933,0.651616,0.240128
12.658,-0.283674,0.152062,-0.0885784
12.659,-0.358007,-0.980607,-0.00829008
12.66,0.103738,-0.116648,0.143513
12.661,0.0361595,0.289176,0.122338
12.662,-0.231827,0.712472,0.269509
12.663,-0.195812,-0.122069,-0.138022
12.664,-0.144841,-0.900053,0.326963
12.665,0.112228,0.0169064,0.158309
12.666,0.0029287,0.28489,0.0944266
12.667,-0.309723,0.676747,0.229728
12.668,-0.255657,-0.385393,-0.185701
12.669,-0.111215,-0.860057,0.539349
12.67,0.096601,0.167337,0.122681
12.671,-0.0563921,0.452069,0.139314
12.672,-0.406767,0.640247,0.188819
12.673,-0.111788,-0.452084,-0.058149
12.674,0.000140747,-0.524508,0.445859
12.675,0.0710671,0.304441,0.145465
12.676,-0.0796052,0.363753,0.0821583
12.677,-0.40734,0.285771,-0.0521689
12.678,-0.0934604,-0.644104,0.0776654
12.679,0.0302971,-0.312291,0.358681
12.68,0.0265158,0.415397,0.155391
12.681,-0.136868,0.382706,0.0709807
12.682,-0.486861,0.0691904,-0.180094
12.683,0.0119264,-0.436294,0.107956
12.684,0.0751931,-0.056563,0.209895
12.685,-0.0323598,0.537804,0.197009
12.686,-0.163335,0.282761,0.0103479
12.687,-0.39304,-0.452796,-0.261719
12.688,0.0448655,-0.451178,0.244079
12.689,0.0562549,0.0380032,0.156862
12.69,-0.0979405,0.596099,0.212931
12.691,-0.214924,0.192806,-0.0487273
12.692,-0.406403,-0.801627,-0.184621
12.693,0.092782,-0.220089,0.167367
12.694,0.0553628,0.239213,0.127633
12.695,-0.184598,0.698465,0.266973
12.696,-0.173076,-0.0212769,-0.106119
12.697,-0.235559,-0.963733,0.176299
12.698,0.110881,-0.0708322,0.161071
12.699,0.0222547,0.259449,0.102785
12.7,-0.246159,0.637536,0.209669
12.701,-0.25007,-0.223859,-0.179485
12.702,-0.18,-0.995341,0.465873
12.703,0.10506,0.0877168,0.122811
12.704,-0.0218504,0.389913,0.123089
12.705,-0.357904,0.694618,0.237715
12.706,-0.125936,-0.352379,-0.0958603
12.707,-0.0350749,-0.666749,0.475843
12.708,0.0905248,0.231422,0.136792
12.709,-0.0495133,0.333069,0.0810499
12.71,-0.397182,0.469957,0.0651449
12.711,-0.111961,-0.548554,-0.0164868
12.712,0.0111317,-0.44571,0.424897
12.713,0.0525573,0.34032,0.136673
12.714,-0.129351,0.460993,0.118341
12.715,-0.489856,0.319499,-0.0474329
12.716,-0.0210103,-0.465981,0.0662666
12.717,0.0642655,-0.175503,0.269596
12.718,0.00438747,0.475817,0.176605
12.719,-0.140044,0.326401,0.0400918
12.72,-0.414857,-0.210764,-0.250606
12.721,0.0161335,-0.513823,0.203909
12.722,0.05813,-0.0410496,0.198057
12.723,-0.055824,0.547095,0.193868
12.724,-0.212649,0.304212,0.00556553
12.725,-0.457166,-0.554909,-0.288867
12.726,0.0732877,-0.314999,0.175243
12.727,0.0704252,0.170843,0.137041
12.728,-0.136493,0.665488,0.252328
12.729,-0.186577,0.0866481,-0.0800785
12.73,-0.330382,-0.913809,-0.0337785
12.731,0.0953476,-0.208495,0.225285
12.732,0.0360984,0.186097,0.104075
12.733,-0.208744,0.669783,0.240538
12.734,-0.221232,-0.0870212,-0.143721
12.735,-0.231065,-1.02542,0.302057
12.736,0.108299,0.00766572,0.127789
12.737,0.00433451,0.342858,0.117618
12.738,-0.305384,0.709637,0.256369
12.739,-0.171236,-0.290008,-0.135512
12.74,-0.0609963,-0.754602,0.435646
12.741,0.102669,0.144086,0.146123
12.742,-0.0305031,0.342007,0.0955938
12.743,-0.348733,0.524752,0.110862
12.744,-0.171551,-0.532845,-0.0890298
12.745,-0.0285084,-0.606593,0.499292
12.746,0.0752609,0.283352,0.133943
12.747,-0.100155,0.464281,0.129806
12.748,-0.454006,0.456106,0.047083
12.749,-0.0632142,-0.508601,0.0264768
12.75,0.0461,-0.301618,0.337493
12.751,0.0344058,0.415014,0.161772
12.752,-0.107874,0.324953,0.0511374
12.753,-0.449783,0.058902,-0.175411
12.754,-0.0126725,-0.53643,0.142132
12.755,0.0571806,-0.127006,0.246827
12.756,-0.0199542,0.493921,0.175134
12.757,-0.211168,0.410998,0.0654682
12.758,-0.475507,-0.298524,-0.289678
12.759,0.0521799,-0.356243,0.141515
12.76,0.0754833,0.0781878,0.156772
12.761,-0.0913772,0.619924,0.231397
12.762,-0.168272,0.160114,-0.0456419
12.763,-0.342479,-0.743265,-0.157517
12.764,0.076426,-0.325015,0.253622
12.765,0.047616,0.130995,0.119665
12.766,-0.160558,0.648053,0.234043
12.767,-0.219025,0.0370386,-0.109594
12.768,-0.307818,-1.00457,0.0929163
12.769,0.106119,-0.0800821,0.137589
12.77,0.0271969,0.324732,0.126502
12.771,-0.257291,0.728793,0.278468
12.772,-0.181168,-0.172339,-0.137026
12.773,-0.157612,-0.944411,0.402241
12.774,0.110174,0.0516241,0.157235
12.775,-0.00539789,0.29826,0.0930968
12.776,-0.328835,0.663083,0.216429
12.777,-0.243851,-0.446655,-0.171036
12.778,-0.0877304,-0.796873,0.545871
12.779,0.0912801,0.198052,0.123113
12.78,-0.0698429,0.464633,0.14105
12.781,-0.424239,0.603609,0.158353
12.782,-0.0912242,-0.454498,-0.035194
12.783,0.0289809,-0.427562,0.388
12.784,0.0625803,0.339224,0.14804
12.785,-0.0864231,0.350282,0.0724413
12.786,-0.452611,0.303918,-0.050348
12.787,-0.0965712,-0.703046,0.131802
12.788,0.0346043,-0.266719,0.333173
12.789,0.0140216,0.440723,0.16159
12.79,-0.145901,0.366788,0.0593488
12.791,-0.489276,-0.0292717,-0.221385
12.792,0.0242646,-0.417429,0.120647
12.793,0.0771169,-0.0140065,0.19112
12.794,-0.048517,0.56358,0.207335
12.795,-0.158311,0.236262,-0.00968635
12.796,-0.432205,-0.506715,-0.279659
12.797,0.0505338,-0.436397,0.267165
12.798,0.0580404,0.0767734,0.143872
12.799,-0.117055,0.628987,0.23063
12.8,-0.274637,0.227096,-0.051201
12.801,-0.396753,-0.881441,-0.130965
12.802,0.0967635,-0.166703,0.143771
12.803,0.0465208,0.233154,0.119438
12.804,-0.202592,0.702224,0.266455
12.805,-0.19982,-0.0533599,-0.126302
12.806,-0.183822,-0.927797,0.24721
12.807,0.11107,-0.0441005,0.173244
12.808,0.0145828,0.246825,0.09231
12.809,-0.275788,0.66948,0.22904
12.81,-0.209458,-0.271829,-0.159841
12.811,-0.145933,-0.936905,0.500196
12.812,0.105174,0.121378,0.129765
12.813,-0.036867,0.427072,0.134365
12.814,-0.370839,0.658598,0.207518
12.815,-0.132488,-0.413191,-0.08931
12.816,-0.0167228,-0.603708,0.461436
12.817,0.0836732,0.261825,0.137615
12.818,-0.0630469,0.356624,0.0858757
12.819,-0.403444,0.403508,0.0200402
12.82,-0.123547,-0.635108,0.0221007
12.821,0.0125473,-0.406997,0.414559
12.822,0.0434437,0.365077,0.141317
12.823,-0.146126,0.473173,0.120709
12.824,-0.48014,0.21176,-0.107974
12.825,-0.00859137,-0.459493,0.0840768
12.826,0.0732776,-0.119153,0.23924
12.827,-0.00889463,0.503012,0.186269
12.828,-0.136105,0.282974,0.0200662
12.829,-0.431698,-0.270855,-0.268102
12.83,0.0298324,-0.477774,0.205441
12.831,0.0566376,-0.0166813,0.183918
12.832,-0.0708999,0.571946,0.204928
12.833,-0.200971,0.245191,-0.0201815
12.834,-0.430545,-0.651448,-0.256313
12.835,0.0812636,-0.253908,0.148407
12.836,0.0618912,0.17091,0.13031
12.837,-0.151435,0.669787,0.252052
12.838,-0.194633,0.0571102,-0.0932462
12.839,-0.263317,-0.917284,0.0641811
12.84,0.101147,-0.165131,0.210113
12.841,0.033063,0.222021,0.104977
12.842,-0.223092,0.668267,0.236803
12.843,-0.214467,-0.129455,-0.148631
12.844,-0.2109,-1.01831,0.360671
12.845,0.108653,0.033852,0.128146
12.846,-0.00605327,0.383898,0.129032
12.847,-0.317597,0.69698,0.24467
12.848,-0.143881,-0.299407,-0.115892
12.849,-0.0447714,-0.712335,0.438453
12.85,0.0999767,0.17262,0.142426
12.851,-0.0321181,0.311685,0.0809416
12.852,-0.3791,0.553731,0.126972
12.853,-0.142831,-0.523336,-0.0636915
12.854,-0.0220418,-0.571608,0.492479
12.855,0.0691624,0.299694,0.13397
12.856,-0.0882648,0.393767,0.0943966
12.857,-0.460049,0.40819,0.0138655
12.858,-0.0453584,-0.480642,0.036365
12.859,0.0671461,-0.227567,0.28796
12.86,0.0259759,0.433839,0.166839
12.861,-0.112936,0.315227,0.0443753
12.862,-0.43263,-0.0336115,-0.206896
12.863,-0.0312786,-0.63941,0.226231
12.864,0.0563183,-0.106155,0.23487
12.865,-0.0302129,0.525238,0.189878
12.866,-0.225916,0.410791,0.0615858
12.867,-0.493529,-0.350726,-0.303933
12.868,0.0585637,-0.344563,0.150352
12.869,0.0759196,0.108183,0.149517
12.87,-0.100031,0.620191,0.229464
12.871,-0.165393,0.132685,-0.0550452
12.872,-0.355347,-0.797028,-0.141688
12.873,0.0919337,-0.241283,0.189942
12.874,0.0485087,0.169495,0.117476
12.875,-0.167731,0.629344,0.218918
12.876,-0.244469,0.0180025,-0.125676
12.877,-0.297006,-1.03409,0.152645
12.878,0.109937,-0.0636769,0.148553
12.879,0.0201086,0.341602,0.127636
12.88,-0.272671,0.729228,0.27659
12.881,-0.167626,-0.201688,-0.131669
12.882,-0.122306,-0.884104,0.418818
12.883,0.10965,0.0877276,0.13921
12.884,-0.0133399,0.322561,0.097486
12.885,-0.320107,0.576339,0.152347
12.886,-0.194227,-0.45287,-0.132561
12.887,-0.0633124,-0.728986,0.529827
12.888,0.0886192,0.22872,0.130193
12.889,-0.0801603,0.468283,0.139269
12.89,-0.435958,0.565169,0.127817
12.891,-0.0766082,-0.454365,-0.0183573
12.892,0.0396159,-0.376497,0.364226
12.893,0.0543738,0.362555,0.152256
12.894,-0.0887443,0.32882,0.06076
12.895,-0.417559,0.15867,-0.121704
12.896,-0.0544006,-0.613509,0.125285
12.897,0.0457985,-0.214993,0.299178
12.898,0.00411226,0.467409,0.171288
12.899,-0.19525,0.454523,0.0958998
12.9,-0.505896,-0.0833128,-0.245474
12.901,0.0331643,-0.399784,0.127644
12.902,0.0741721,0.0052698,0.182193
12.903,-0.0608923,0.579211,0.213189
12.904,-0.174594,0.235821,-0.0156767
12.905,-0.365332,-0.610067,-0.222848
12.906,0.0673975,-0.367587,0.231522
12.907,0.0556874,0.0995446,0.134942
12.908,-0.132332,0.64211,0.236197
12.909,-0.279387,0.186076,-0.0720274
12.91,-0.374069,-0.939379,-0.0647681
12.911,0.100388,-0.137851,0.141239
12.912,0.0406353,0.250839,0.117185
12.913,-0.220088,0.711279,0.270456
12.914,-0.194737,-0.0930182,-0.132284
12.915,-0.163776,-0.918644,0.294725
12.916,0.110894,-0.0156494,0.17052
12.917,0.00831281,0.282241,0.0978121
12.918,-0.28662,0.650325,0.212688
12.919,-0.19885,-0.308585,-0.153137
12.92,-0.116499,-0.876476,0.508947
12.921,0.0992057,0.144936,0.121553
12.922,-0.0440726,0.423302,0.129026
12.923,-0.390582,0.652942,0.200688
12.924,-0.11189,-0.412637,-0.070337
12.925,0.0114914,-0.518679,0.413764
12.926,0.0774001,0.27687,0.14371
12.927,-0.0632676,0.326006,0.0708233
12.928,-0.422783,0.385864,0.00540843
12.929,-0.0824773,-0.567328,0.0353554
12.93,0.0303856,-0.340818,0.369977
12.931,0.0341901,0.385772,0.144998
12.932,-0.138834,0.41502,0.0884528
12.933,-0.500126,0.161217,-0.138732
12.934,-4.25203e-05,-0.465169,0.105279
12.935,0.0716613,-0.093807,0.227795
12.936,-0.020746,0.519225,0.190348
12.937,-0.156468,0.297484,0.0199159
12.938,-0.400262,-0.381362,-0.26538
12.939,0.0395355,-0.45924,0.22288
12.94,0.0607131,0.0264863,0.165588
12.941,-0.0877225,0.59926,0.218063
12.942,-0.264171,0.302231,-0.00982831
12.943,-0.438555,-0.738362,-0.236035
12.944,0.088451,-0.236205,0.16161
12.945,0.054139,0.173859,0.123083
12.946,-0.16771,0.676061,0.253446
12.947,-0.173886,0.00283648,-0.100316
12.948,-0.242232,-0.944025,0.134133
12.949,0.107696,-0.111324,0.186585
12.95,0.025783,0.223238,0.0977586
12.951,-0.233275,0.638917,0.212972
12.952,-0.241518,-0.18319,-0.17031
12.953,-0.18644,-0.997845,0.423444
12.954,0.109391,0.0661113,0.132615
12.955,-0.0162604,0.392563,0.127394
12.956,-0.339883,0.69203,0.237853
12.957,-0.156573,-0.362739,-0.118877
12.958,-0.0239264,-0.651353,0.435067
12.959,0.0947469,0.209829,0.138901
12.96,-0.0453596,0.339619,0.0863226
12.961,-0.404352,0.540586,0.113842
12.962,-0.176387,-0.650365,-0.0374449
12.963,-0.0096651,-0.508673,0.469584
12.964,0.0588312,0.328947,0.136897
12.965,-0.109266,0.422152,0.102304
12.966,-0.484155,0.362419,-0.0196272
12.967,-0.0287751,-0.469077,0.0552805
12.968,0.0614984,-0.202754,0.283693
12.969,0.0121729,0.460156,0.171863
12.97,-0.135608,0.336698,0.0469128
12.971,-0.420844,-0.153557,-0.239674
12.972,-0.0032809,-0.576812,0.229022
12.973,0.0562766,-0.0664527,0.211724
12.974,-0.0452295,0.524991,0.183782
12.975,-0.210624,0.326616,0.0179845
12.976,-0.463835,-0.493823,-0.29672
12.977,0.0683133,-0.329984,0.170689
12.978,0.0712765,0.142406,0.140421
12.979,-0.122133,0.645582,0.241494
12.98,-0.192991,0.121336,-0.0700885
12.981,-0.290479,-0.847797,-0.0387746
12.982,0.0969573,-0.21323,0.204791
12.983,0.0413932,0.187354,0.110031
12.984,-0.19905,0.680572,0.250503
12.985,-0.292096,-0.0124345,-0.153282
12.986,-0.27345,-1.0606,0.250303
12.987,0.109246,-0.0162755,0.133284
12.988,0.0103321,0.343132,0.121703
12.989,-0.29502,0.728572,0.273006
12.99,-0.166423,-0.250868,-0.132765
12.991,-0.118153,-0.881013,0.475533
12.992,0.10471,0.115482,0.15042
12.993,-0.0205383,0.307703,0.0864717
12.994,-0.339867,0.555838,0.134395
12.995,-0.217575,-0.54516,-0.127123
12.996,-0.0485569,-0.672333,0.526705
12.997,0.0804357,0.255152,0.128485
12.998,-0.0751948,0.404317,0.105315
12.999,-0.448606,0.51456,0.0890246
13,-0.0726437,-0.494068,0.00531215
13.001,0.0312971,-0.364558,0.376074
13.002,0.0437338,0.384636,0.15599
13.003,-0.0976641,0.322483,0.0539663
13.004,-0.420827,0.0781338,-0.159599
13.005,-0.0361104,-0.596812,0.150106
13.006,0.0502986,-0.16929,0.272015
13.007,-0.00949445,0.490613,0.178006
13.008,-0.209381,0.44264,0.0850112
13.009,-0.50587,-0.187392,-0.277044
13.01,0.0422268,-0.402364,0.154992
13.011,0.0703135,0.0304552,0.17016
13.012,-0.077363,0.598847,0.221459
13.013,-0.183124,0.210751,-0.0299171
13.014,-0.348148,-0.691397,-0.184496
13.015,0.0748685,-0.336333,0.238959
13.016,0.0505073,0.115516,0.125669
13.017,-0.142906,0.619956,0.217851
13.018,-0.277212,0.12968,-0.0961282
13.019,-0.326721,-0.973896,0.0281949
13.02,0.103709,-0.10472,0.138117
13.021,0.0334688,0.271701,0.115674
13.022,-0.239727,0.717208,0.271915
13.023,-0.190702,-0.138039,-0.137869
13.024,-0.142473,-0.902332,0.345291
13.025,0.109302,0.0157485,0.168055
13.026,0.00132172,0.27235,0.0887094
13.027,-0.307019,0.643354,0.204295
13.028,-0.183622,-0.352906,-0.140093
13.029,-0.0928366,-0.818141,0.525167
13.03,0.0951903,0.17818,0.123371
13.031,-0.0578538,0.442304,0.133274
13.032,-0.399722,0.598882,0.157763
13.033,-0.0946868,-0.42618,-0.0490469
13.034,0.0113747,-0.489066,0.42394
13.035,0.0685059,0.318785,0.143434
13.036,-0.0788803,0.348068,0.0745161
13.037,-0.449245,0.358268,-0.0165539
13.038,-0.108279,-0.700552,0.104823
13.039,0.0312696,-0.298724,0.351614
13.04,0.0226047,0.412767,0.151496
13.041,-0.167957,0.452458,0.101903
13.042,-0.495349,0.0565221,-0.187758
13.043,0.00830748,-0.476977,0.134687
13.044,0.0814551,-0.0302985,0.198289
13.045,-0.0349155,0.538386,0.197386
13.046,-0.145626,0.239547,-0.00353821
13.047,-0.397742,-0.465824,-0.263652
13.048,0.0383537,-0.479152,0.276512
13.049,0.0561529,0.0447701,0.153902
13.05,-0.10052,0.594247,0.210939
13.051,-0.248956,0.231063,-0.0418191
13.052,-0.419688,-0.816852,-0.188337
13.053,0.0938856,-0.206338,0.160061
13.054,0.0500341,0.198815,0.119413
13.055,-0.185583,0.69093,0.261069
13.056,-0.189175,-0.0223582,-0.113876
13.057,-0.256641,-0.997699,0.182062
13.058,0.106691,-0.0900811,0.193207
13.059,0.0200356,0.234301,0.0943408
13.06,-0.260545,0.673484,0.234505
13.061,-0.214902,-0.229443,-0.16101
13.062,-0.167007,-0.973155,0.468825
13.063,0.107787,0.0945605,0.13173
13.064,-0.0284944,0.422518,0.136001
13.065,-0.363732,0.694014,0.236543
13.066,-0.133847,-0.37816,-0.098
13.067,-0.0396659,-0.672986,0.490245
13.068,0.0880253,0.230724,0.142699
13.069,-0.0501297,0.324929,0.076897
13.07,-0.389524,0.42789,0.0382717
13.071,-0.162539,-0.676418,-0.002889
13.072,0.00207515,-0.453588,0.441726
13.073,0.0505159,0.351962,0.140537
13.074,-0.123023,0.431487,0.102996
13.075,-0.483429,0.278651,-0.0708379
13.076,-0.0277442,-0.516592,0.0908194
13.077,0.0770779,-0.133286,0.243481
13.078,0.000271827,0.485794,0.181165
13.079,-0.126885,0.28425,0.0241052
13.08,-0.422399,-0.224523,-0.256236
13.081,0.000451825,-0.583647,0.265357
13.082,0.0565207,-0.0370061,0.195001
13.083,-0.0597982,0.550709,0.194799
13.084,-0.227157,0.318091,0.0087286
13.085,-0.467093,-0.571246,-0.292465
13.086,0.0760933,-0.279798,0.151421
13.087,0.0694779,0.17688,0.136035
13.088,-0.140271,0.668582,0.253726
13.089,-0.183947,0.0762283,-0.0825514
13.09,-0.328767,-0.925322,-0.0216569
13.091,0.0967522,-0.198414,0.221911
13.092,0.0351091,0.190346,0.103265
13.093,-0.210657,0.664031,0.235851
13.094,-0.219014,-0.0968016,-0.144724
13.095,-0.225258,-1.0227,0.315632
13.096,0.10833,0.0139808,0.127543
13.097,0.00164357,0.356747,0.121659
13.098,-0.31358,0.72404,0.266918
13.099,-0.157864,-0.286883,-0.126512
13.1,-0.0939192,-0.827545,0.490432
13.101,0.101132,0.145755,0.147437
13.102,-0.0277727,0.309316,0.0825556
13.103,-0.361958,0.546873,0.124537
13.104,-0.163702,-0.529297,-0.0826559
13.105,-0.0283921,-0.601651,0.500874
13.106,0.0744156,0.288828,0.135426
13.107,-0.107679,0.484188,0.139202
13.108,-0.468319,0.47071,0.0552182
13.109,-0.0590871,-0.507435,0.0318288
13.11,0.0454856,-0.294669,0.335839
13.111,0.0316609,0.418816,0.163295
13.112,-0.111717,0.329055,0.0517075
13.113,-0.46942,0.077146,-0.17233
13.114,-0.0426338,-0.661682,0.222605
13.115,0.0507962,-0.131864,0.249824
13.116,-0.0235659,0.501167,0.177903
13.117,-0.199844,0.375219,0.0477889
13.118,-0.489821,-0.310136,-0.296981
13.119,0.0526833,-0.375213,0.160992
13.12,0.0695666,0.0639292,0.157487
13.121,-0.0946302,0.62178,0.231948
13.122,-0.167227,0.151971,-0.0484302
13.123,-0.326977,-0.753932,-0.138172
13.124,0.0866344,-0.276284,0.210113
13.125,0.0486419,0.146819,0.118955
13.126,-0.167392,0.664425,0.244638
13.127,-0.289288,0.0866817,-0.117406
13.128,-0.324338,-1.03315,0.100945
13.129,0.10826,-0.0773205,0.145422
13.13,0.0258466,0.277659,0.110891
13.131,-0.258357,0.718187,0.269872
13.132,-0.190686,-0.183208,-0.143475
13.133,-0.113698,-0.860762,0.381529
13.134,0.110192,0.0622396,0.154136
13.135,-0.00615972,0.284025,0.0870688
13.136,-0.322906,0.623984,0.187246
13.137,-0.175447,-0.396949,-0.12836
13.138,-0.0692114,-0.75327,0.522008
13.139,0.0891379,0.205636,0.122321
13.14,-0.0632542,0.41922,0.118354
13.141,-0.421304,0.570214,0.133422
13.142,-0.0988566,-0.4911,-0.0287346
13.143,0.0375466,-0.396897,0.369487
13.144,0.059013,0.340873,0.149247
13.145,-0.0825113,0.323646,0.0608927
13.146,-0.445085,0.25339,-0.0780651
13.147,-0.0534931,-0.58636,0.100457
13.148,0.0402556,-0.243596,0.317462
13.149,0.0104822,0.44611,0.16258
13.15,-0.149275,0.364499,0.0570166
13.151,-0.487568,-0.059262,-0.231903
13.152,0.0277451,-0.410205,0.123006
13.153,0.0740861,-0.0122365,0.189688
13.154,-0.0532347,0.56904,0.209158
13.155,-0.170698,0.247055,-0.00915308
13.156,-0.376347,-0.568379,-0.239191
13.157,0.0568727,-0.412203,0.256787
13.158,0.0594231,0.0936599,0.140191
13.159,-0.116814,0.599658,0.210206
13.16,-0.245557,0.170162,-0.068707
13.161,-0.375683,-0.902178,-0.0952017
13.162,0.100178,-0.172686,0.163616
13.163,0.0457184,0.274622,0.126183
13.164,-0.212685,0.715605,0.275127
13.165,-0.188753,-0.0742356,-0.125608
13.166,-0.217722,-0.992313,0.272908
13.167,0.110751,-0.0334993,0.17373
13.168,0.0120889,0.268635,0.0965176
13.169,-0.286991,0.686647,0.240711
13.17,-0.268586,-0.310432,-0.194943
13.171,-0.143753,-0.932751,0.51902
13.172,0.101165,0.13105,0.122174
13.173,-0.0415254,0.434522,0.136171
13.174,-0.381989,0.662739,0.209439
13.175,-0.120699,-0.408502,-0.0797221
13.176,-0.0157518,-0.593909,0.464926
13.177,0.0814902,0.271685,0.141728
13.178,-0.0640116,0.346812,0.0805625
13.179,-0.431857,0.449281,0.0456904
13.18,-0.138229,-0.690271,0.0429663
13.181,0.0165169,-0.384867,0.402372
13.182,0.0394067,0.374093,0.142793
13.183,-0.142023,0.44434,0.104537
13.184,-0.4993,0.210048,-0.112655
13.185,-0.00406819,-0.455897,0.0901054
13.186,0.075403,-0.101089,0.230287
13.187,-0.0137946,0.51147,0.189375
13.188,-0.140429,0.280727,0.0174157
13.189,-0.448151,-0.282561,-0.276492
13.19,0.0329167,-0.474867,0.215536
13.191,0.0593944,0.00306237,0.17559
13.192,-0.076612,0.579886,0.208373
13.193,-0.210428,0.245388,-0.0231204
13.194,-0.447952,-0.674867,-0.261753
13.195,0.0831896,-0.244497,0.147872
13.196,0.0595314,0.171836,0.128194
13.197,-0.158204,0.679574,0.257903
13.198,-0.18162,0.0363096,-0.0942589
13.199,-0.282606,-0.948169,0.0675571
13.2,0.107113,-0.125033,0.171865
13.201,0.0314939,0.22856,0.104532
13.202,-0.225308,0.658133,0.228759
13.203,-0.246205,-0.13922,-0.165637
13.204,-0.207937,-1.01971,0.378658
13.205,0.110527,0.0401985,0.134833
13.206,-0.00808157,0.380728,0.126412
13.207,-0.324662,0.700368,0.246452
13.208,-0.161191,-0.32978,-0.12609
13.209,-0.0463716,-0.713886,0.45066
13.21,0.0980186,0.175201,0.144387
13.211,-0.0377829,0.336805,0.0890857
13.212,-0.38834,0.56421,0.13334
13.213,-0.187169,-0.614384,-0.069441
13.214,-0.0138392,-0.547645,0.476686
13.215,0.0677507,0.308695,0.136591
13.216,-0.106687,0.44959,0.118955
13.217,-0.47432,0.422385,0.0211948
13.218,-0.0405448,-0.470514,0.0377252
13.219,0.0556652,-0.247565,0.307348
13.22,0.0233941,0.437074,0.165699
13.221,-0.126767,0.346073,0.0548664
13.222,-0.422218,-0.073528,-0.217139
13.223,-0.0123115,-0.581317,0.200275
13.224,0.0566126,-0.0943632,0.228055
13.225,-0.0348166,0.530123,0.191041
13.226,-0.2265,0.397687,0.0536636
13.227,-0.476497,-0.396351,-0.301061
13.228,0.059261,-0.364196,0.173018
13.229,0.076711,0.126635,0.146423
13.23,-0.109371,0.639351,0.240113
13.231,-0.173428,0.129438,-0.0594546
13.232,-0.330266,-0.813089,-0.107723
13.233,0.0917646,-0.247442,0.208843
13.234,0.0459443,0.169628,0.114713
13.235,-0.18158,0.669099,0.245222
13.236,-0.275853,0.0277386,-0.134258
13.237,-0.281588,-1.02769,0.174653
13.238,0.108366,-0.0486097,0.136497
13.239,0.0191525,0.326461,0.121457
13.24,-0.275068,0.728356,0.275564
13.241,-0.16135,-0.20388,-0.127994
13.242,-0.0982074,-0.834455,0.401031
13.243,0.109018,0.0865735,0.150026
13.244,-0.0114266,0.291374,0.0860219
13.245,-0.332679,0.606274,0.172498
13.246,-0.174674,-0.432662,-0.121054
13.247,-0.0639352,-0.729362,0.532262
13.248,0.0886348,0.230475,0.131015
13.249,-0.0808701,0.468445,0.139102
13.25,-0.436339,0.561244,0.124839
13.251,-0.0777024,-0.460778,-0.0169295
13.252,0.0477774,-0.355771,0.34639
13.253,0.0534934,0.365949,0.151831
13.254,-0.0911621,0.333554,0.0620934
13.255,-0.435226,0.185968,-0.112123
13.256,-0.0510457,-0.604185,0.122958
13.257,0.0430936,-0.218835,0.302559
13.258,0.00392948,0.454109,0.163519
13.259,-0.183241,0.426347,0.0820167
13.26,-0.508097,-0.0739409,-0.242836
13.261,0.0319754,-0.408242,0.131793
13.262,0.0829821,0.0306467,0.175029
13.263,-0.0605881,0.582524,0.215675
13.264,-0.166518,0.223387,-0.0184129
13.265,-0.425626,-0.578649,-0.267777
13.266,0.0580997,-0.407343,0.269526
13.267,0.0529775,0.0875031,0.135381
13.268,-0.129492,0.627898,0.226721
13.269,-0.216289,0.114642,-0.0813332
13.27,-0.352969,-0.926494,-0.0506064
13.271,0.100406,-0.137534,0.141141
13.272,0.0404827,0.249125,0.116726
13.273,-0.221089,0.714384,0.272724
13.274,-0.178264,-0.0953497,-0.124441
13.275,-0.189041,-0.960981,0.299723
13.276,0.112642,-0.00151144,0.148897
13.277,0.0082113,0.284983,0.0986662
13.278,-0.280871,0.630688,0.198747
13.279,-0.267558,-0.339771,-0.194622
13.28,-0.132572,-0.909049,0.532239
13.281,0.100171,0.147146,0.124078
13.282,-0.0400318,0.400711,0.119163
13.283,-0.386702,0.638527,0.189857
13.284,-0.125181,-0.443469,-0.0742836
13.285,0.0100691,-0.519692,0.418086
13.286,0.0770023,0.282324,0.143871
13.287,-0.0722376,0.362913,0.084899
13.288,-0.401174,0.330747,-0.0246945
13.289,-0.107244,-0.642586,0.0528989
13.29,0.0226777,-0.354457,0.384033
13.291,0.0345265,0.391739,0.148286
13.292,-0.144317,0.432444,0.0968337
13.293,-0.49348,0.152902,-0.141595
13.294,-0.00673319,-0.50119,0.121526
13.295,0.0819125,-0.0655755,0.212942
13.296,-0.02186,0.525195,0.193867
13.297,-0.146294,0.273959,0.0120781
13.298,-0.455125,-0.325935,-0.285352
13.299,0.0254271,-0.518954,0.275074
13.3,0.0566838,0.0151757,0.167681
13.301,-0.0865746,0.588388,0.211016
13.302,-0.204299,0.209307,-0.0378319
13.303,-0.413237,-0.742154,-0.215902
13.304,0.0877579,-0.222482,0.147717
13.305,0.057363,0.200107,0.126155
13.306,-0.170456,0.685757,0.260003
13.307,-0.198724,0.0201337,-0.106421
13.308,-0.225642,-0.921803,0.137141
13.309,0.108984,-0.102667,0.176573
13.31,0.0259142,0.23202,0.0996666
13.311,-0.246574,0.684882,0.24554
13.312,-0.267728,-0.181308,-0.182816
13.313,-0.185601,-0.995821,0.420694
13.314,0.108677,0.0656393,0.130041
13.315,-0.00960143,0.338661,0.106779
13.316,-0.335993,0.680443,0.229142
13.317,-0.132975,-0.333786,-0.104241
13.318,-0.0350658,-0.677364,0.457588
13.319,0.0947336,0.2093,0.139569
13.32,-0.0459326,0.342934,0.0876007
13.321,-0.4002,0.52858,0.105756
13.322,-0.164597,-0.628003,-0.0365097
13.323,-6.00266e-05,-0.491172,0.449762
13.324,0.0594081,0.326608,0.136342
13.325,-0.111778,0.433346,0.10782
13.326,-0.475076,0.347651,-0.0275206
13.327,-0.0411798,-0.521858,0.0702145
13.328,0.0725591,-0.177589,0.264563
13.329,0.0129762,0.459258,0.173348
13.33,-0.126366,0.315952,0.0396992
13.331,-0.47238,-0.0615962,-0.228385
13.332,-0.0132329,-0.609985,0.24864
13.333,0.0563645,-0.0689079,0.21318
13.334,-0.0441911,0.524965,0.184157
13.335,-0.228302,0.365342,0.0344844
13.336,-0.460763,-0.48182,-0.295568
13.337,0.0680668,-0.312219,0.152104
13.338,0.073409,0.14546,0.141508
13.339,-0.120589,0.647162,0.242975
13.34,-0.184266,0.117406,-0.0681808
13.341,-0.350987,-0.865698,-0.094712
13.342,0.0900886,-0.246264,0.23496
13.343,0.0403096,0.168823,0.108359
13.344,-0.193299,0.666768,0.241178
13.345,-0.228099,-0.0419035,-0.136163
13.346,-0.268472,-1.04538,0.234703
13.347,0.111241,-0.0293194,0.144445
13.348,0.0106837,0.359797,0.12863
13.349,-0.292404,0.729188,0.273851
13.35,-0.169771,-0.247042,-0.134857
13.351,-0.11821,-0.880967,0.469004
13.352,0.104876,0.109324,0.151674
13.353,-0.01877,0.299524,0.0842128
13.354,-0.351427,0.595029,0.161377
13.355,-0.155797,-0.456505,-0.0990628
13.356,-0.0397409,-0.654884,0.508154
13.357,0.079361,0.250854,0.12538
13.358,-0.0858929,0.446458,0.124537
13.359,-0.453208,0.525116,0.0960784
13.36,-0.0685514,-0.482705,0.00488425
13.361,0.0410123,-0.341242,0.355818
13.362,0.0436299,0.390023,0.154906
13.363,-0.108284,0.356256,0.0668908
13.364,-0.422231,0.0784962,-0.159812
13.365,-0.0432608,-0.623843,0.164344
13.366,0.0487152,-0.172542,0.27426
13.367,-0.00893448,0.479215,0.171504
13.368,-0.174536,0.365007,0.0494201
13.369,-0.505975,-0.180403,-0.275223
13.37,0.0418248,-0.400521,0.151913
13.371,0.0685504,0.0220398,0.172622
13.372,-0.0756824,0.593402,0.218407
13.373,-0.160679,0.177204,-0.0358642
13.374,-0.35679,-0.686918,-0.193041
13.375,0.0687664,-0.361551,0.262143
13.376,0.0502177,0.113182,0.125817
13.377,-0.146503,0.637346,0.229426
13.378,-0.218643,0.0717582,-0.0978507
13.379,-0.32697,-0.975681,0.0297113
13.38,0.103773,-0.104141,0.138111
13.381,0.0333641,0.273598,0.116062
13.382,-0.239444,0.715082,0.270279
13.383,-0.195006,-0.139239,-0.140301
13.384,-0.136994,-0.892732,0.344916
13.385,0.11119,0.0262453,0.160744
13.386,0.00096669,0.277558,0.0902554
13.387,-0.294977,0.606731,0.178647
13.388,-0.214353,-0.380119,-0.158924
13.389,-0.0959247,-0.824594,0.530349
13.39,0.0971492,0.181074,0.12828
13.391,-0.0569897,0.437046,0.130741
13.392,-0.40635,0.614988,0.169248
13.393,-0.115558,-0.474798,-0.0539661
13.394,0.0301643,-0.444876,0.382776
13.395,0.0686102,0.319802,0.144989
13.396,-0.0762346,0.336921,0.0701352
13.397,-0.422558,0.294173,-0.0503811
13.398,-0.0858854,-0.636433,0.0844441
13.399,0.0353352,-0.291896,0.344927
13.4,0.0232682,0.428607,0.16056
13.401,-0.176808,0.475872,0.113935
13.402,-0.509461,0.0757766,-0.182385
13.403,0.01182,-0.460272,0.127764
13.404,0.0676458,-0.0662973,0.214261
13.405,-0.0362468,0.539319,0.197481
13.406,-0.145861,0.23577,-0.00531204
13.407,-0.405947,-0.471587,-0.26776
13.408,0.0502071,-0.431326,0.236744
13.409,0.0583405,0.0551619,0.151764
13.41,-0.104823,0.613187,0.222785
13.411,-0.254618,0.234004,-0.0420677
13.412,-0.410252,-0.824715,-0.176309
13.413,0.0936633,-0.196674,0.151454
13.414,0.0528107,0.231025,0.124587
13.415,-0.188861,0.702489,0.269241
13.416,-0.176902,-0.0279718,-0.109558
13.417,-0.204801,-0.928542,0.192598
13.418,0.110657,-0.0725111,0.17348
13.419,0.0204961,0.253161,0.0995164
13.42,-0.26258,0.683148,0.241654
13.421,-0.260292,-0.234481,-0.185819
13.422,-0.168272,-0.975069,0.466492
13.423,0.107946,0.0928598,0.131934
13.424,-0.0279644,0.422067,0.136028
13.425,-0.362634,0.6942,0.236821
13.426,-0.130845,-0.370726,-0.0968347
13.427,-0.023255,-0.635988,0.457153
13.428,0.0895244,0.236339,0.137041
13.429,-0.050574,0.331775,0.0798893
13.43,-0.391996,0.444177,0.0486083
13.431,-0.146836,-0.637365,-0.00850643
13.432,0.00196742,-0.460909,0.443197
13.433,0.0523354,0.342523,0.137527
13.434,-0.138308,0.488266,0.132284
13.435,-0.493457,0.320847,-0.0472011
13.436,-0.0270988,-0.502734,0.0812645
13.437,0.0601622,-0.182532,0.275231
13.438,0.00348715,0.477387,0.178396
13.439,-0.137142,0.317266,0.0364824
13.44,-0.441434,-0.17903,-0.253251
13.441,0.0214101,-0.48567,0.18313
13.442,0.0636505,-0.0279072,0.193529
13.443,-0.055192,0.537464,0.187967
13.444,-0.212387,0.299992,0.00345261
13.445,-0.457479,-0.562647,-0.288179
13.446,0.0739335,-0.313141,0.176051
13.447,0.0696974,0.171401,0.136484
13.448,-0.136942,0.663508,0.250851
13.449,-0.172909,0.0729613,-0.0790332
13.45,-0.278788,-0.880983,0.00467304
13.451,0.0961842,-0.205439,0.221961
13.452,0.0373889,0.195934,0.106254
13.453,-0.209893,0.679343,0.247577
13.454,-0.271833,-0.0634764,-0.160098
13.455,-0.246622,-1.04509,0.295698
13.456,0.111522,-0.00213879,0.140856
13.457,0.00281889,0.375395,0.130411
13.458,-0.307807,0.72536,0.268726
13.459,-0.157388,-0.273175,-0.126628
13.46,-0.0890199,-0.818189,0.470383
13.461,0.104233,0.14673,0.1377
13.462,-0.0256186,0.313405,0.0856776
13.463,-0.350329,0.543041,0.123578
13.464,-0.213147,-0.576838,-0.111913
13.465,-0.0416744,-0.640706,0.523225
13.466,0.0756193,0.272904,0.129728
13.467,-0.0863439,0.422049,0.110602
13.468,-0.458373,0.482316,0.0647233
13.469,-0.0605001,-0.487756,0.0184768
13.47,0.0455891,-0.310242,0.340879
13.471,0.0368936,0.407798,0.159284
13.472,-0.105074,0.32496,0.0522331
13.473,-0.440555,0.063517,-0.171049
13.474,-0.0259614,-0.582319,0.159514
13.475,0.0508325,-0.14961,0.260449
13.476,-0.015961,0.488475,0.173684
13.477,-0.200259,0.400114,0.0619595
13.478,-0.502415,-0.236115,-0.287689
13.479,0.047955,-0.378293,0.148942
13.48,0.0726378,0.0534717,0.162925
13.481,-0.0849792,0.609992,0.22633
13.482,-0.174311,0.181681,-0.0391823
13.483,-0.400315,-0.713215,-0.216873
13.484,0.0739808,-0.337503,0.25548
13.485,0.0489983,0.125473,0.122121
13.486,-0.150933,0.626854,0.220884
13.487,-0.288446,0.11863,-0.104289
13.488,-0.339203,-1.01284,0.0522339
13.489,0.106221,-0.0940718,0.143374
13.49,0.0302641,0.271509,0.112935
13.491,-0.250028,0.727039,0.278157
13.492,-0.176664,-0.155397,-0.132601
13.493,-0.170885,-0.962615,0.386031
13.494,0.10934,0.0329668,0.163878
13.495,-0.00196626,0.281966,0.0895269
13.496,-0.301129,0.599578,0.172382
13.497,-0.204854,-0.395199,-0.150539
13.498,-0.0901541,-0.80724,0.537105
13.499,0.0956601,0.193382,0.129719
13.5,-0.0658441,0.459466,0.139655
13.501,-0.419496,0.614529,0.167321
13.502,-0.0966212,-0.453957,-0.0413772
13.503,0.015321,-0.4681,0.416961
13.504,0.0649875,0.331367,0.146075
13.505,-0.0771483,0.326259,0.0645208
13.506,-0.430847,0.276979,-0.0619046
13.507,-0.0622398,-0.582819,0.0806825
13.508,0.0398748,-0.267754,0.329891
13.509,0.0181223,0.434645,0.160648
13.51,-0.151979,0.394741,0.0728387
13.511,-0.510028,0.0405463,-0.198275
13.512,0.0164737,-0.452547,0.132147
13.513,0.0680427,-0.0528671,0.207524
13.514,-0.0417714,0.547644,0.200518
13.515,-0.147537,0.22692,-0.00985414
13.516,-0.414717,-0.496812,-0.270934
13.517,0.0618435,-0.371816,0.195127
13.518,0.0602521,0.0754878,0.146347
13.519,-0.108533,0.599827,0.212539
13.52,-0.265353,0.22922,-0.0475115
13.521,-0.37984,-0.852619,-0.132627
13.522,0.0956038,-0.176391,0.145345
13.523,0.0495397,0.243431,0.123505
13.524,-0.198521,0.707437,0.271282
13.525,-0.174148,-0.0484202,-0.112966
13.526,-0.196442,-0.935219,0.225064
13.527,0.108374,-0.0681232,0.185934
13.528,0.0172303,0.254977,0.0970208
13.529,-0.272788,0.688072,0.243925
13.53,-0.27747,-0.26352,-0.197245
13.531,-0.16287,-0.968588,0.496348
13.532,0.104143,0.110168,0.124381
13.533,-0.029919,0.404596,0.126155
13.534,-0.371466,0.686882,0.229911
13.535,-0.131347,-0.39387,-0.0926998
13.536,-0.0353165,-0.654582,0.491228
13.537,0.0852673,0.244561,0.142703
13.538,-0.0547629,0.330501,0.0771512
13.539,-0.389158,0.395654,0.017544
13.54,-0.127021,-0.626174,0.010851
13.541,0.0112032,-0.420464,0.420084
13.542,0.0472811,0.366927,0.145306
13.543,-0.12129,0.410651,0.0916987
13.544,-0.497819,0.274222,-0.0759899
13.545,-0.0165363,-0.484757,0.0875266
13.546,0.0620507,-0.158426,0.262471
13.547,-0.00391709,0.488686,0.181349
13.548,-0.140965,0.305503,0.0292653
13.549,-0.45197,-0.217485,-0.265815
13.55,0.0249741,-0.492208,0.207097
13.551,0.0575663,-0.0234314,0.188118
13.552,-0.0634251,0.547183,0.191296
13.553,-0.213796,0.278295,-0.00803509
13.554,-0.455265,-0.614866,-0.279291
13.555,0.0789559,-0.27375,0.156553
13.556,0.063629,0.160517,0.132468
13.557,-0.144368,0.664314,0.249582
13.558,-0.193852,0.0721103,-0.0879701
13.559,-0.273647,-0.906339,0.0365408
13.56,0.099697,-0.180214,0.212814
13.561,0.0358874,0.220277,0.107549
13.562,-0.209032,0.639184,0.21766
13.563,-0.23934,-0.108537,-0.156555
13.564,-0.232589,-1.04372,0.341107
13.565,0.110089,0.0207424,0.133028
13.566,0.00293647,0.316478,0.106185
13.567,-0.311987,0.701127,0.248718
13.568,-0.149771,-0.291383,-0.120628
13.569,-0.0567751,-0.742837,0.445808
13.57,0.100308,0.153728,0.146557
13.571,-0.0293676,0.309476,0.0816403
13.572,-0.373907,0.563957,0.135187
13.573,-0.146274,-0.511613,-0.0719121
13.574,-0.0247774,-0.587441,0.495598
13.575,0.0726886,0.295103,0.136153
13.576,-0.110403,0.484447,0.138478
13.577,-0.470894,0.458079,0.0460644
13.578,-0.0548652,-0.503275,0.0356031
13.579,0.043622,-0.291943,0.336894
13.58,0.0291678,0.419351,0.162843
13.581,-0.107345,0.306913,0.0425018
13.582,-0.456182,0.0224934,-0.192248
13.583,-0.00870155,-0.545335,0.162871
13.584,0.0544715,-0.115409,0.240143
13.585,-0.0273061,0.513706,0.183938
13.586,-0.178935,0.321974,0.0250301
13.587,-0.472962,-0.352313,-0.29573
13.588,0.0571363,-0.34177,0.14353
13.589,0.0731285,0.0898709,0.152146
13.59,-0.0994406,0.624401,0.232157
13.591,-0.189729,0.169777,-0.0497695
13.592,-0.320651,-0.778689,-0.118631
13.593,0.0872937,-0.273233,0.221323
13.594,0.0461391,0.148999,0.11593
13.595,-0.165501,0.631355,0.220852
13.596,-0.277258,0.0556047,-0.125011
13.597,-0.290916,-1.01513,0.137364
13.598,0.106689,-0.0611285,0.133808
13.599,0.023208,0.295814,0.114162
13.6,-0.266612,0.723709,0.273021
13.601,-0.170251,-0.191914,-0.132538
13.602,-0.136972,-0.911166,0.41765
13.603,0.110464,0.0784624,0.143154
13.604,-0.0086893,0.291918,0.0882215
13.605,-0.315086,0.583341,0.158248
13.606,-0.198044,-0.438457,-0.138534
13.607,-0.0697253,-0.749158,0.532102
13.608,0.0905633,0.219237,0.129781
13.609,-0.0762092,0.466003,0.139414
13.61,-0.431591,0.579467,0.139097
13.611,-0.079594,-0.447563,-0.0246652
13.612,0.0267824,-0.415698,0.392483
13.613,0.0569081,0.354884,0.148826
13.614,-0.0894487,0.340931,0.0664797
13.615,-0.455242,0.261727,-0.0753588
13.616,-0.0822025,-0.687923,0.146355
13.617,0.0459462,-0.226028,0.304944
13.618,0.00805612,0.451534,0.164289
13.619,-0.150248,0.359507,0.0540114
13.62,-0.490505,-0.0745593,-0.238087
13.621,0.0287361,-0.416543,0.130758
13.622,0.0817088,0.0163106,0.179907
13.623,-0.0539445,0.565746,0.207509
13.624,-0.154039,0.213055,-0.0183344
13.625,-0.373341,-0.578077,-0.235385
13.626,0.0602444,-0.398371,0.247519
13.627,0.054572,0.0797754,0.139445
13.628,-0.118037,0.600182,0.210245
13.629,-0.239622,0.158764,-0.0716721
13.63,-0.372886,-0.907731,-0.0881003
13.631,0.100583,-0.16887,0.162593
13.632,0.0451015,0.277426,0.126327
13.633,-0.214314,0.715493,0.27475
13.634,-0.177809,-0.0798188,-0.121304
13.635,-0.188139,-0.948271,0.27477
13.636,0.112102,-0.0255181,0.165949
13.637,0.0115036,0.269087,0.096158
13.638,-0.288613,0.686579,0.240423
13.639,-0.266517,-0.315414,-0.193891
13.64,-0.138852,-0.922927,0.517491
13.641,0.101236,0.133034,0.122781
13.642,-0.0426828,0.438649,0.137867
13.643,-0.386549,0.670219,0.214841
13.644,-0.125568,-0.423587,-0.0803211
13.645,-0.016181,-0.591809,0.46774
13.646,0.0801404,0.27215,0.143106
13.647,-0.06725,0.35763,0.084453
13.648,-0.408725,0.381672,0.00519524
13.649,-0.112408,-0.631432,0.0359865
13.65,0.0211872,-0.373415,0.392568
13.651,0.0398336,0.391058,0.151919
13.652,-0.156154,0.481555,0.123048
13.653,-0.500517,0.203374,-0.116524
13.654,-0.00246404,-0.452348,0.0906396
13.655,0.0697196,-0.111796,0.236903
13.656,-0.0155621,0.512045,0.188341
13.657,-0.149274,0.295884,0.0216059
13.658,-0.428802,-0.318349,-0.273431
13.659,0.0374451,-0.454929,0.20371
13.66,0.0577705,0.00233897,0.174817
13.661,-0.0754039,0.560636,0.196053
13.662,-0.219726,0.253524,-0.0221012
13.663,-0.440707,-0.692497,-0.252167
13.664,0.0846391,-0.249551,0.157369
13.665,0.0583005,0.170118,0.127153
13.666,-0.161255,0.685402,0.261685
13.667,-0.190048,0.0367846,-0.0977306
13.668,-0.290124,-0.963462,0.0728975
13.669,0.104373,-0.141411,0.199183
13.67,0.0302481,0.22495,0.102634
13.671,-0.236171,0.690891,0.251893
13.672,-0.286935,-0.136996,-0.183585
13.673,-0.218163,-1.04076,0.395869
13.674,0.109728,0.0476131,0.132121
13.675,-0.00545579,0.339942,0.109996
13.676,-0.331851,0.706446,0.250413
13.677,-0.152369,-0.329937,-0.119572
13.678,-0.0721834,-0.77076,0.500683
13.679,0.0964572,0.181114,0.144516
13.68,-0.0365786,0.315357,0.0799494
13.681,-0.38362,0.526957,0.107014
13.682,-0.127095,-0.518332,-0.0488483
13.683,-0.00647116,-0.521912,0.462562
13.684,0.0634842,0.309957,0.132637
13.685,-0.122101,0.488989,0.137575
13.686,-0.480357,0.404563,0.00839911
13.687,-0.0396359,-0.488216,0.0498154
13.688,0.060865,-0.223928,0.293088
13.689,0.0194329,0.445219,0.167726
13.69,-0.130141,0.343311,0.052243
13.691,-0.422759,-0.101212,-0.225859
13.692,-0.0122403,-0.592622,0.219128
13.693,0.0544499,-0.0895976,0.224815
13.694,-0.0372006,0.515072,0.180745
13.695,-0.219182,0.369202,0.0390989
13.696,-0.483296,-0.416095,-0.305218
13.697,0.0636065,-0.325305,0.149101
13.698,0.0758817,0.133001,0.144873
13.699,-0.113213,0.643547,0.242119
13.7,-0.179577,0.128557,-0.0621985
13.701,-0.365006,-0.837806,-0.127252
13.702,0.0871007,-0.265416,0.23974
13.703,0.0422748,0.159949,0.110808
13.704,-0.185093,0.662482,0.239583
13.705,-0.224377,-0.0223882,-0.1294
13.706,-0.269552,-1.02836,0.202379
13.707,0.10781,-0.0352969,0.131616
13.708,0.0162773,0.320657,0.117329
13.709,-0.279799,0.715999,0.264968
13.71,-0.182403,-0.233666,-0.142302
13.711,-0.0860888,-0.8108,0.410294
13.712,0.108277,0.107304,0.143159
13.713,-0.0166549,0.307698,0.0890364
13.714,-0.345953,0.611936,0.174835
13.715,-0.168689,-0.451628,-0.111658
13.716,-0.0542114,-0.697545,0.526464
13.717,0.0854633,0.244961,0.1318
13.718,-0.0873208,0.472966,0.13942
13.719,-0.445077,0.54306,0.110262
13.72,-0.0688952,-0.458363,-0.00720664
13.721,0.0364903,-0.36584,0.368287
13.722,0.0482129,0.378468,0.152771
13.723,-0.101879,0.351658,0.0669552
13.724,-0.443516,0.158183,-0.127992
13.725,-0.0324364,-0.55834,0.117964
13.726,0.0531633,-0.179634,0.276917
13.727,-0.00322247,0.460863,0.163699
13.728,-0.17482,0.3803,0.0578229
13.729,-0.498993,-0.155158,-0.26603
13.73,0.0368847,-0.415834,0.152368
13.731,0.0715368,0.0179125,0.175859
13.732,-0.0707557,0.594843,0.220692
13.733,-0.158294,0.18855,-0.0302991
13.734,-0.367287,-0.652697,-0.212452
13.735,0.065543,-0.376776,0.260795
13.736,0.0535195,0.109445,0.130288
13.737,-0.139289,0.639729,0.232822
13.738,-0.240605,0.116092,-0.0894502
13.739,-0.353223,-0.961395,-0.0202494
13.74,0.10434,-0.13655,0.158382
13.741,0.0380186,0.298054,0.126136
13.742,-0.232007,0.722022,0.276963
13.743,-0.175523,-0.116858,-0.126639
13.744,-0.16595,-0.934713,0.325682
13.745,0.112529,0.00993395,0.157748
13.746,0.00450518,0.285661,0.0959467
13.747,-0.302958,0.669641,0.225137
13.748,-0.246131,-0.365638,-0.180902
13.749,-0.106331,-0.852394,0.518939
13.75,0.097899,0.160318,0.123116
13.751,-0.0512423,0.438512,0.134012
13.752,-0.389159,0.615234,0.171572
13.753,-0.102236,-0.416457,-0.0597959
13.754,0.0139219,-0.499109,0.414395
13.755,0.0738248,0.30045,0.144315
13.756,-0.0698672,0.334741,0.0719364
13.757,-0.408503,0.313676,-0.0362398
13.758,-0.121947,-0.700714,0.079473
13.759,0.0240541,-0.336878,0.375477
13.76,0.0297375,0.399915,0.149279
13.761,-0.167215,0.478439,0.118087
13.762,-0.506419,0.136672,-0.152497
13.763,0.00588299,-0.453859,0.108816
13.764,0.0791866,-0.0595453,0.210917
13.765,-0.0255787,0.524958,0.192931
13.766,-0.148597,0.267971,0.00842223
13.767,-0.451995,-0.358103,-0.287442
13.768,0.0299184,-0.505601,0.275439
13.769,0.0564652,0.0245144,0.163087
13.77,-0.091938,0.595447,0.214215
13.771,-0.210712,0.205038,-0.0418887
13.772,-0.408703,-0.767489,-0.20209
13.773,0.0897075,-0.215839,0.150042
13.774,0.0583187,0.230878,0.129008
13.775,-0.177637,0.696004,0.266386
13.776,-0.180243,-0.00359906,-0.104935
13.777,-0.240136,-0.951746,0.148969
13.778,0.109591,-0.0940534,0.174517
13.779,0.024505,0.23422,0.0987431
13.78,-0.248246,0.676495,0.238803
13.781,-0.223637,-0.19463,-0.162548
13.782,-0.194802,-1.01576,0.442427
13.783,0.107232,0.0733353,0.126545
13.784,-0.0156876,0.37591,0.119826
13.785,-0.344581,0.690003,0.235632
13.786,-0.155955,-0.373166,-0.11688
13.787,-0.020384,-0.639512,0.434977
13.788,0.09333,0.216089,0.14018
13.789,-0.0467152,0.337028,0.0843824
13.79,-0.406439,0.528951,0.105136
13.791,-0.174775,-0.659819,-0.0296781
13.792,-0.00635561,-0.494046,0.462254
13.793,0.0566326,0.333535,0.137029
13.794,-0.122885,0.457877,0.118508
13.795,-0.488604,0.355506,-0.0247334
13.796,-0.0320728,-0.497419,0.0685118
13.797,0.0542058,-0.213629,0.293732
13.798,0.00993614,0.461023,0.173183
13.799,-0.122343,0.295405,0.0311489
13.8,-0.417794,-0.171388,-0.242983
13.801,0.00750027,-0.538065,0.207387
13.802,0.0605649,-0.0488723,0.203378
13.803,-0.0512891,0.552759,0.199141
13.804,-0.234324,0.361508,0.0307284
13.805,-0.451422,-0.52013,-0.288904
13.806,0.071229,-0.296104,0.148688
13.807,0.0698272,0.146359,0.138855
13.808,-0.127899,0.656027,0.247535
13.809,-0.169713,0.0881126,-0.0726517
13.81,-0.321925,-0.880901,-0.0506349
13.811,0.100227,-0.185919,0.180237
13.812,0.0415473,0.201976,0.111172
13.813,-0.193105,0.639451,0.22097
13.814,-0.268312,-0.0424817,-0.153025
13.815,-0.267312,-1.05922,0.26419
13.816,0.10845,-0.0100645,0.129822
13.817,0.00824358,0.351611,0.123734
13.818,-0.294869,0.71696,0.263681
13.819,-0.178126,-0.265154,-0.140365
13.82,-0.0705767,-0.777628,0.423451
13.821,0.10595,0.131635,0.141052
13.822,-0.022556,0.313141,0.0874947
13.823,-0.354046,0.58335,0.152327
13.824,-0.152363,-0.465031,-0.0935188
13.825,-0.0354683,-0.638935,0.50431
13.826,0.0776895,0.258399,0.126289
13.827,-0.0935964,0.465858,0.133011
13.828,-0.441572,0.477291,0.0635433
13.829,-0.0597394,-0.465459,0.00792253
13.83,0.0457663,-0.3204,0.343546
13.831,0.0404169,0.396688,0.155702
13.832,-0.110125,0.350633,0.0632882
13.833,-0.433398,0.0730996,-0.165063
13.834,-0.0496719,-0.656474,0.190704
13.835,0.0567035,-0.147704,0.25845
13.836,-0.0124581,0.477528,0.168864
13.837,-0.198094,0.404228,0.0649441
13.838,-0.503505,-0.213921,-0.282937
13.839,0.0459357,-0.381805,0.146232
13.84,0.0754857,0.0556226,0.163733
13.841,-0.0810796,0.604377,0.223635
13.842,-0.182021,0.201136,-0.0337308
13.843,-0.343012,-0.704819,-0.174973
13.844,0.0788452,-0.317197,0.226172
13.845,0.0514379,0.129092,0.124284
13.846,-0.153761,0.655474,0.240965
13.847,-0.285737,0.125955,-0.100385
13.848,-0.344493,-1.0043,0.0348157
13.849,0.105437,-0.100152,0.142766
13.85,0.0320193,0.285054,0.117978
13.851,-0.242901,0.715524,0.270083
13.852,-0.19424,-0.147585,-0.141102
13.853,-0.132406,-0.887069,0.352469
13.854,0.111143,0.0334905,0.159074
13.855,-0.000271012,0.276527,0.0888968
13.856,-0.302427,0.615962,0.18432
13.857,-0.252459,-0.414103,-0.181141
13.858,-0.103735,-0.838955,0.549365
13.859,0.0946494,0.183354,0.124035
13.86,-0.0551652,0.421484,0.12307
13.861,-0.410319,0.611801,0.16631
13.862,-0.108838,-0.468411,-0.0491956
13.863,0.0178758,-0.470327,0.410519
13.864,0.0673603,0.321096,0.14284
13.865,-0.0851395,0.366998,0.0815278
13.866,-0.410657,0.25395,-0.0706793
13.867,-0.0827265,-0.637947,0.091739
13.868,0.0365649,-0.281854,0.33923
13.869,0.0208247,0.434231,0.162135
13.87,-0.177938,0.469542,0.109694
13.871,-0.505592,0.0500469,-0.193059
13.872,0.017412,-0.42993,0.114995
13.873,0.0799205,-0.026571,0.196733
13.874,-0.0385669,0.546177,0.200693
13.875,-0.164522,0.26951,0.00354993
13.876,-0.387663,-0.489154,-0.256544
13.877,0.0500677,-0.433725,0.242961
13.878,0.0559932,0.050578,0.151383
13.879,-0.103094,0.594173,0.210168
13.88,-0.26853,0.250711,-0.0377875
13.881,-0.402645,-0.832798,-0.165324
13.882,0.0949989,-0.20704,0.166443
13.883,0.0529141,0.250238,0.127244
13.884,-0.193097,0.705863,0.271038
13.885,-0.189599,-0.0316377,-0.116386
13.886,-0.248011,-0.99677,0.200254
13.887,0.107964,-0.0782608,0.18814
13.888,0.019113,0.254604,0.098636
13.889,-0.267962,0.689046,0.245415
13.89,-0.279261,-0.246792,-0.196679
13.891,-0.169728,-0.98006,0.486074
13.892,0.104892,0.102122,0.124693
13.893,-0.027048,0.400907,0.125767
13.894,-0.366693,0.691842,0.234452
13.895,-0.13527,-0.387924,-0.0973189
13.896,-0.0395055,-0.66943,0.493696
13.897,0.0868699,0.236116,0.142705
13.898,-0.0514276,0.323987,0.0757808
13.899,-0.400413,0.440325,0.0446507
13.9,-0.113878,-0.580157,-0.000929055
13.901,0.00350959,-0.445085,0.437675
13.902,0.0493181,0.360586,0.143811
13.903,-0.11478,0.398846,0.0873567
13.904,-0.479486,0.25511,-0.0837293
13.905,-0.0155591,-0.467054,0.0765663
13.906,0.0763957,-0.129227,0.242187
13.907,-0.00103879,0.482451,0.179309
13.908,-0.131693,0.290409,0.0252501
13.909,-0.431838,-0.224626,-0.259847
13.91,0.0178935,-0.51811,0.219104
13.911,0.0613064,-0.0213125,0.189048
13.912,-0.0633243,0.568335,0.205066
13.913,-0.242074,0.338887,0.0160044
13.914,-0.43946,-0.598359,-0.272774
13.915,0.0773282,-0.271983,0.149224
13.916,0.0662352,0.167062,0.134128
13.917,-0.142651,0.670284,0.254486
13.918,-0.179553,0.0674371,-0.0836329
13.919,-0.297088,-0.912147,0.00846521
13.92,0.103849,-0.155134,0.173467
13.921,0.0368135,0.214615,0.107692
13.922,-0.206655,0.643032,0.220954
13.923,-0.277754,-0.0805061,-0.16687
13.924,-0.223696,-1.02198,0.319485
13.925,0.108308,0.0157804,0.127399
13.926,0.0010973,0.357697,0.121719
13.927,-0.314688,0.723689,0.266492
13.928,-0.157494,-0.289122,-0.126162
13.929,-0.0928297,-0.824874,0.491427
13.93,0.100896,0.147655,0.147258
13.931,-0.0283039,0.310039,0.0825418
13.932,-0.361237,0.540708,0.120221
13.933,-0.176458,-0.5533,-0.0858892
13.934,-0.0319247,-0.608098,0.508463
13.935,0.0721033,0.280403,0.128798
13.936,-0.107081,0.482808,0.138561
13.937,-0.467374,0.47081,0.0554166
13.938,-0.0549654,-0.489932,0.0275688
13.939,0.0487147,-0.289064,0.330123
13.94,0.0321718,0.419299,0.162124
13.941,-0.105915,0.313418,0.0462259
13.942,-0.426832,0.0020723,-0.19212
13.943,-0.0400242,-0.651383,0.214351
13.944,0.0554421,-0.125359,0.24597
13.945,-0.0229499,0.513591,0.18576
13.946,-0.221375,0.424785,0.0711364
13.947,-0.499032,-0.295149,-0.29804
13.948,0.0530779,-0.370232,0.157221
13.949,0.0673026,0.0553847,0.158868
13.95,-0.09334,0.614237,0.227227
13.951,-0.169114,0.152544,-0.0489417
13.952,-0.335455,-0.759456,-0.143187
13.953,0.0781895,-0.315265,0.252795
13.954,0.0468042,0.137995,0.117798
13.955,-0.162382,0.638444,0.226656
13.956,-0.265815,0.0632756,-0.118221
13.957,-0.325193,-1.03138,0.0972042
13.958,0.10779,-0.0775994,0.143374
13.959,0.0262647,0.268196,0.10865
13.96,-0.25533,0.710385,0.264157
13.961,-0.16585,-0.176068,-0.128623
13.962,-0.112868,-0.858298,0.377542
13.963,0.111074,0.0665081,0.147428
13.964,-0.00687436,0.293888,0.0903175
13.965,-0.322512,0.625509,0.188458
13.966,-0.175123,-0.394485,-0.128506
13.967,-0.0707398,-0.757171,0.523574
13.968,0.0893661,0.204285,0.122213
13.969,-0.0618232,0.414537,0.116439
13.97,-0.422346,0.576389,0.137917
13.971,-0.103036,-0.499123,-0.0300342
13.972,0.04066,-0.389994,0.362629
13.973,0.0592258,0.346904,0.150083
13.974,-0.0835412,0.328978,0.063048
13.975,-0.415257,0.196905,-0.102025
13.976,-0.0649485,-0.623498,0.112933
13.977,0.0435719,-0.238025,0.312551
13.978,0.0106242,0.452556,0.166333
13.979,-0.1835,0.449011,0.0955878
13.98,-0.48674,-0.0572508,-0.230954
13.981,0.0272417,-0.412825,0.123947
13.982,0.0790159,0.00124065,0.185179
13.983,-0.0525967,0.57114,0.211121
13.984,-0.155099,0.221637,-0.0150029
13.985,-0.379253,-0.559099,-0.242686
13.986,0.0538079,-0.424204,0.264437
13.987,0.058768,0.087702,0.141232
13.988,-0.118128,0.615182,0.220631
13.989,-0.21655,0.142408,-0.0705433
13.99,-0.367658,-0.88804,-0.0967853
13.991,0.0979433,-0.158711,0.143485
13.992,0.0454548,0.247341,0.120698
13.993,-0.207868,0.706961,0.269193
13.994,-0.193697,-0.0652808,-0.126097
13.995,-0.192937,-0.948843,0.26072
13.996,0.111524,-0.0365311,0.170334
13.997,0.013406,0.253345,0.0930702
13.998,-0.265961,0.627151,0.198557
13.999,-0.223419,-0.2871,-0.168467
14,-0.14095,-0.92726,0.505623
14.001,0.104611,0.127403,0.129763
14.002,-0.0398128,0.433661,0.136492
14.003,-0.380968,0.671362,0.216401
14.004,-0.113662,-0.387484,-0.07832
14.005,-0.0119872,-0.587571,0.45556
14.006,0.0819669,0.268071,0.137454
14.007,-0.0671315,0.365439,0.0884471
14.008,-0.396402,0.365418,-0.00272299
14.009,-0.124633,-0.654196,0.0348131
14.01,0.0141254,-0.393998,0.408469
14.011,0.0405476,0.37234,0.14275
14.012,-0.150089,0.472812,0.11935
14.013,-0.48207,0.188976,-0.120555
14.014,-0.0048343,-0.455169,0.0881062
14.015,0.0710849,-0.114726,0.237938
14.016,-0.0127057,0.505226,0.185434
14.017,-0.148907,0.301031,0.0242711
14.018,-0.419499,-0.314158,-0.268973
14.019,0.020224,-0.529661,0.259942
14.02,0.0640194,0.0133652,0.173737
14.021,-0.0735028,0.559334,0.195814
14.022,-0.231017,0.278156,-0.0132207
14.023,-0.439621,-0.679816,-0.254979
14.024,0.083587,-0.268087,0.170788
14.025,0.0634679,0.201335,0.131211
14.026,-0.156251,0.673195,0.253717
14.027,-0.194584,0.046328,-0.0966764
14.028,-0.259683,-0.927098,0.081269
14.029,0.104027,-0.14698,0.199354
14.03,0.0307518,0.21447,0.101394
14.031,-0.225731,0.663489,0.232721
14.032,-0.22241,-0.139722,-0.154275
14.033,-0.211159,-1.02335,0.374512
14.034,0.110915,0.0371944,0.136396
14.035,-0.00924097,0.395479,0.132631
14.036,-0.330367,0.71677,0.258925
14.037,-0.147921,-0.315996,-0.117564
14.038,-0.0630266,-0.752386,0.47855
14.039,0.0989283,0.183948,0.135406
14.04,-0.0393165,0.345238,0.0922067
14.041,-0.367453,0.502864,0.0925464
14.042,-0.193449,-0.624505,-0.0711023
14.043,-0.0224146,-0.563799,0.494714
14.044,0.0664498,0.306994,0.134329
14.045,-0.0930582,0.399568,0.0956793
14.046,-0.460543,0.38481,-0.00149675
14.047,-0.0391378,-0.471317,0.0403214
14.048,0.0589677,-0.235792,0.299545
14.049,0.0220603,0.439154,0.16594
14.05,-0.12689,0.341999,0.0527134
14.051,-0.421089,-0.0844305,-0.220211
14.052,-0.00680571,-0.563123,0.192335
14.053,0.0585802,-0.0857198,0.22342
14.054,-0.0368805,0.533675,0.19245
14.055,-0.230978,0.40038,0.0541242
14.056,-0.48904,-0.399893,-0.306721
14.057,0.0627101,-0.332594,0.15275
14.058,0.0732438,0.116163,0.146154
14.059,-0.110499,0.640284,0.240578
14.06,-0.171338,0.124733,-0.0603712
14.061,-0.309606,-0.808871,-0.0887546
14.062,0.0906559,-0.25314,0.21909
14.063,0.0434236,0.156679,0.112286
14.064,-0.176701,0.643068,0.226964
14.065,-0.279129,0.0280908,-0.13532
14.066,-0.275375,-1.02255,0.179969
14.067,0.107612,-0.044184,0.132782
14.068,0.0182455,0.326086,0.120683
14.069,-0.278096,0.730258,0.276664
14.07,-0.175627,-0.217428,-0.137424
14.071,-0.131155,-0.904295,0.443308
14.072,0.108185,0.0892747,0.151482
14.073,-0.0139333,0.308624,0.0912544
14.074,-0.347139,0.643681,0.198908
14.075,-0.232556,-0.505052,-0.150974
14.076,-0.0693059,-0.737013,0.546952
14.077,0.0859729,0.232658,0.12737
14.078,-0.0638422,0.389072,0.102072
14.079,-0.427553,0.526127,0.10019
14.08,-0.0726055,-0.45609,-0.0127901
14.081,0.0367452,-0.374263,0.369279
14.082,0.0510801,0.369102,0.150211
14.083,-0.100652,0.357267,0.070321
14.084,-0.425955,0.145084,-0.130291
14.085,-0.0758218,-0.6959,0.172584
14.086,0.0425698,-0.209688,0.297627
14.087,-7.5833e-05,0.461656,0.165728
14.088,-0.18469,0.416383,0.0757275
14.089,-0.508743,-0.105837,-0.253844
14.09,0.0338896,-0.418905,0.14668
14.091,0.0688255,-0.00145932,0.183019
14.092,-0.0643032,0.579,0.212565
14.093,-0.156065,0.193791,-0.0272694
14.094,-0.387429,-0.628464,-0.23338
14.095,0.0747843,-0.325998,0.199786
14.096,0.0568784,0.114813,0.132636
14.097,-0.130867,0.612072,0.215224
14.098,-0.273634,0.16427,-0.0801325
14.099,-0.344672,-0.940467,-0.0283782
14.1,0.101551,-0.128542,0.140885
14.101,0.0391008,0.269966,0.119913
14.102,-0.226574,0.717584,0.274333
14.103,-0.17064,-0.106277,-0.122354
14.104,-0.162891,-0.923455,0.30967
14.105,0.109321,-0.0133104,0.174458
14.106,0.00685162,0.262805,0.0901493
14.107,-0.292983,0.650779,0.212064
14.108,-0.191332,-0.319092,-0.147812
14.109,-0.108885,-0.858946,0.514387
14.11,0.097873,0.154446,0.121462
14.111,-0.0470453,0.422953,0.127483
14.112,-0.399159,0.65169,0.198699
14.113,-0.113849,-0.435077,-0.0657386
14.114,-0.0100122,-0.559744,0.463506
14.115,0.0741918,0.290224,0.14445
14.116,-0.0674141,0.328514,0.0700569
14.117,-0.411539,0.327263,-0.0287673
14.118,-0.121667,-0.695114,0.0746484
14.119,0.0271076,-0.334839,0.371432
14.12,0.0316681,0.407714,0.154763
14.121,-0.158105,0.457524,0.107736
14.122,-0.495127,0.129193,-0.153787
14.123,-0.00318944,-0.498147,0.126911
14.124,0.0819047,-0.0554558,0.208715
14.125,-0.0256581,0.530893,0.196037
14.126,-0.142905,0.25834,0.00601258
14.127,-0.399734,-0.402516,-0.265713
14.128,0.0373586,-0.475006,0.245144
14.129,0.056517,0.020794,0.164868
14.13,-0.0901256,0.594333,0.213989
14.131,-0.214039,0.214782,-0.0385783
14.132,-0.426021,-0.754998,-0.220623
14.133,0.0892112,-0.231528,0.160766
14.134,0.0533876,0.175428,0.122314
14.135,-0.17036,0.67873,0.254893
14.136,-0.172726,-0.00191311,-0.10104
14.137,-0.258199,-0.968409,0.135974
14.138,0.109781,-0.0901831,0.165065
14.139,0.0257296,0.248495,0.103187
14.14,-0.236639,0.638425,0.212005
14.141,-0.241403,-0.19393,-0.171652
14.142,-0.181231,-0.9914,0.433249
14.143,0.109018,0.0723997,0.132096
14.144,-0.0181727,0.394425,0.127255
14.145,-0.34463,0.692651,0.237758
14.146,-0.156302,-0.371551,-0.117398
14.147,-0.0209908,-0.641575,0.435001
14.148,0.0935908,0.215044,0.139962
14.149,-0.04705,0.3405,0.085858
14.15,-0.407121,0.53337,0.108228
14.151,-0.172813,-0.655152,-0.0301775
14.152,-0.00685523,-0.496622,0.463409
14.153,0.0569731,0.331637,0.136444
14.154,-0.127346,0.474221,0.126939
14.155,-0.4697,0.318297,-0.0447429
14.156,-0.0267164,-0.470611,0.0596365
14.157,0.0687769,-0.178919,0.268105
14.158,0.0100977,0.467143,0.175679
14.159,-0.123297,0.299983,0.0329979
14.16,-0.423697,-0.157184,-0.241599
14.161,-0.0100959,-0.603745,0.251235
14.162,0.0568057,-0.0618654,0.209265
14.163,-0.0469668,0.529524,0.185959
14.164,-0.237672,0.375664,0.0379715
14.165,-0.470788,-0.492939,-0.300209
14.166,0.0688681,-0.32447,0.16692
14.167,0.06683,0.121112,0.140436
14.168,-0.124698,0.652658,0.245736
14.169,-0.171159,0.095771,-0.0706371
14.17,-0.296559,-0.85373,-0.0415354
14.171,0.0912396,-0.238415,0.233045
14.172,0.0394549,0.17248,0.107391
14.173,-0.196728,0.668318,0.241684
14.174,-0.229372,-0.0504294,-0.13888
14.175,-0.267619,-1.0517,0.248699
14.176,0.109999,-0.0196969,0.136635
14.177,0.0131021,0.298315,0.107102
14.178,-0.287781,0.706693,0.256465
14.179,-0.1532,-0.241209,-0.124076
14.18,-0.0917243,-0.824862,0.445155
14.181,0.106566,0.125956,0.139038
14.182,-0.0201116,0.306115,0.0860795
14.183,-0.337028,0.549957,0.130624
14.184,-0.186902,-0.507213,-0.112104
14.185,-0.0447572,-0.664001,0.51937
14.186,0.0818089,0.260644,0.132948
14.187,-0.0940041,0.475661,0.138669
14.188,-0.451401,0.514682,0.0887454
14.189,-0.0644439,-0.47058,0.00423607
14.19,0.0568092,-0.302151,0.322442
14.191,0.0429359,0.394207,0.157384
14.192,-0.103125,0.336861,0.0589435
14.193,-0.467459,0.162396,-0.131213
14.194,-0.0599682,-0.68133,0.196605
14.195,0.0463286,-0.174174,0.275726
14.196,-0.0109983,0.487477,0.175397
14.197,-0.16773,0.344142,0.0402181
14.198,-0.481536,-0.228519,-0.278761
14.199,0.0456305,-0.371883,0.136609
14.2,0.0729044,0.0437248,0.166519
14.201,-0.0802863,0.604885,0.224251
14.202,-0.168618,0.183726,-0.0362094
14.203,-0.390797,-0.692087,-0.217109
14.204,0.0790756,-0.314953,0.218745
14.205,0.05271,0.130179,0.125498
14.206,-0.151746,0.654029,0.240354
14.207,-0.284995,0.131433,-0.0978501
14.208,-0.346858,-0.998798,0.0254771
14.209,0.104606,-0.10238,0.140453
14.21,0.0329324,0.311346,0.126275
14.211,-0.244153,0.725712,0.277984
14.212,-0.177085,-0.142775,-0.131239
14.213,-0.175335,-0.964932,0.369075
14.214,0.110854,0.0265768,0.161749
14.215,-9.72367e-05,0.292007,0.0946725
14.216,-0.315564,0.668899,0.222783
14.217,-0.256111,-0.408943,-0.18406
14.218,-0.105743,-0.844229,0.548847
14.219,0.0951445,0.181013,0.124183
14.22,-0.0526433,0.412831,0.119572
14.221,-0.405698,0.604901,0.161588
14.222,-0.111082,-0.470891,-0.0506678
14.223,0.0244947,-0.455902,0.395883
14.224,0.0679515,0.316542,0.146548
14.225,-0.0840586,0.366773,0.0818558
14.226,-0.409605,0.259945,-0.0671485
14.227,-0.0818487,-0.630143,0.086151
14.228,0.03709,-0.284156,0.339862
14.229,0.0217666,0.429464,0.160049
14.23,-0.168656,0.450018,0.10023
14.231,-0.498193,0.0516922,-0.190568
14.232,0.0082975,-0.482541,0.140106
14.233,0.0825759,-0.0226,0.195123
14.234,-0.0381186,0.549111,0.202486
14.235,-0.146055,0.236966,-0.00485233
14.236,-0.40001,-0.473096,-0.264486
14.237,0.041844,-0.466645,0.268677
14.238,0.0595235,0.0573439,0.151999
14.239,-0.104883,0.61696,0.2254
14.24,-0.272172,0.261409,-0.0333697
14.241,-0.416367,-0.828441,-0.179657
14.242,0.0946037,-0.200446,0.158443
14.243,0.0488153,0.19743,0.118166
14.244,-0.187107,0.687582,0.258241
14.245,-0.17256,-0.0367317,-0.109552
14.246,-0.228253,-0.970477,0.20398
14.247,0.111518,-0.0546596,0.156736
14.248,0.0191976,0.26181,0.100704
14.249,-0.25601,0.645726,0.21412
14.25,-0.274659,-0.245262,-0.194203
14.251,-0.166684,-0.973852,0.479075
14.252,0.105297,0.0992108,0.12519
14.253,-0.0243157,0.387923,0.1208
14.254,-0.360197,0.677524,0.223772
14.255,-0.147774,-0.402974,-0.104892
14.256,-0.00755904,-0.595049,0.429567
14.257,0.0880316,0.239331,0.141651
14.258,-0.0515047,0.328869,0.0780365
14.259,-0.38467,0.411547,0.0285076
14.26,-0.125943,-0.604245,-0.00209917
14.261,0.0109711,-0.432595,0.423091
14.262,0.0506535,0.360976,0.145204
14.263,-0.138232,0.474438,0.123791
14.264,-0.47617,0.258597,-0.0811189
14.265,-0.0162556,-0.465431,0.074205
14.266,0.072148,-0.142683,0.250333
14.267,-0.00059949,0.487973,0.181833
14.268,-0.133655,0.297754,0.0280827
14.269,-0.46188,-0.176653,-0.259728
14.27,0.0066273,-0.563151,0.252619
14.271,0.0640354,-0.0171847,0.188298
14.272,-0.0597468,0.543874,0.190441
14.273,-0.228315,0.31564,0.0070936
14.274,-0.466021,-0.581119,-0.290647
14.275,0.0768948,-0.279015,0.153582
14.276,0.0682945,0.174685,0.135272
14.277,-0.138286,0.65765,0.246328
14.278,-0.181046,0.0721337,-0.0827153
14.279,-0.313695,-0.918455,-0.00819196
14.28,0.102061,-0.174353,0.194496
14.281,0.0367002,0.206934,0.106625
14.282,-0.214627,0.680742,0.247793
14.283,-0.272386,-0.0779286,-0.164012
14.284,-0.236624,-1.03877,0.314202
14.285,0.111515,0.00676905,0.139889
14.286,0.000142405,0.379969,0.130847
14.287,-0.313018,0.724117,0.267051
14.288,-0.157327,-0.285093,-0.126211
14.289,-0.0922701,-0.824131,0.486851
14.29,0.101728,0.146389,0.146736
14.291,-0.0295313,0.326765,0.0892118
14.292,-0.377756,0.600797,0.162063
14.293,-0.203798,-0.586785,-0.0990464
14.294,-0.0334304,-0.614151,0.510486
14.295,0.0728887,0.278002,0.128671
14.296,-0.1064,0.484663,0.139907
14.297,-0.466529,0.475911,0.0591091
14.298,-0.0575299,-0.49534,0.0269614
14.299,0.0417886,-0.307414,0.344645
14.3,0.0330693,0.409868,0.16075
14.301,-0.105069,0.311259,0.0455108
14.302,-0.441389,0.0264751,-0.186658
14.303,-0.018356,-0.571214,0.167034
14.304,0.0516434,-0.13303,0.250534
14.305,-0.021456,0.491018,0.172753
14.306,-0.19373,0.365224,0.0439092
14.307,-0.482663,-0.312956,-0.294638
14.308,0.0516313,-0.383432,0.166144
14.309,0.0766197,0.0902395,0.154158
14.31,-0.092909,0.617008,0.229203
14.311,-0.188112,0.182411,-0.0439159
14.312,-0.329607,-0.755332,-0.139897
14.313,0.0830626,-0.295631,0.231055
14.314,0.0470871,0.136277,0.118337
14.315,-0.161084,0.637872,0.226527
14.316,-0.265011,0.0666173,-0.116723
14.317,-0.327623,-1.02934,0.0905043
14.318,0.107939,-0.0812092,0.145525
14.319,0.0267547,0.272208,0.110148
14.32,-0.253503,0.70959,0.263811
14.321,-0.164307,-0.172219,-0.127368
14.322,-0.122879,-0.8782,0.383173
14.323,0.108612,0.0492757,0.161203
14.324,-0.00531238,0.282294,0.0870625
14.325,-0.324403,0.635764,0.195975
14.326,-0.180439,-0.397879,-0.132057
14.327,-0.0735085,-0.764328,0.526098
14.328,0.090294,0.203046,0.12322
14.329,-0.0719957,0.465979,0.140998
14.33,-0.427364,0.598077,0.153745
14.331,-0.0919998,-0.465811,-0.0315733
14.332,0.0158251,-0.452693,0.416315
14.333,0.0602977,0.338813,0.149076
14.334,-0.0869354,0.345251,0.06969
14.335,-0.457076,0.298384,-0.0544455
14.336,-0.0917943,-0.699349,0.138053
14.337,0.0370293,-0.255167,0.325541
14.338,0.0121257,0.433521,0.156529
14.339,-0.173777,0.429487,0.0864993
14.34,-0.5103,-0.00811509,-0.218672
14.341,0.0224366,-0.442865,0.138376
14.342,0.0689869,-0.0334447,0.198135
14.343,-0.0491657,0.557932,0.204266
14.344,-0.151254,0.217139,-0.0155206
14.345,-0.392975,-0.550032,-0.252594
14.346,0.0589201,-0.402016,0.240502
14.347,0.055042,0.0725553,0.142302
14.348,-0.113946,0.597572,0.209533
14.349,-0.247276,0.181129,-0.0644297
14.35,-0.384471,-0.891154,-0.112193
14.351,0.0991488,-0.177451,0.161908
14.352,0.0470658,0.263568,0.124965
14.353,-0.202697,0.696116,0.261836
14.354,-0.171733,-0.0674097,-0.115791
14.355,-0.202741,-0.961909,0.256921
14.356,0.112514,-0.0279861,0.155565
14.357,0.0136785,0.271539,0.0987852
14.358,-0.274222,0.657419,0.220028
14.359,-0.202701,-0.273065,-0.155776
14.36,-0.131663,-0.908603,0.489753
14.361,0.101622,0.124133,0.121606
14.362,-0.0343985,0.40342,0.123316
14.363,-0.378851,0.668097,0.214049
14.364,-0.119992,-0.397766,-0.0816962
14.365,-0.00313044,-0.568651,0.435633
14.366,0.0829951,0.263782,0.141995
14.367,-0.0572924,0.325838,0.0736703
14.368,-0.408014,0.406743,0.0213419
14.369,-0.103536,-0.589713,0.0194336
14.37,0.0111446,-0.405946,0.416203
14.371,0.0426749,0.37826,0.147378
14.372,-0.123812,0.401269,0.0855969
14.373,-0.492162,0.220334,-0.105635
14.374,-0.0169169,-0.510829,0.107817
14.375,0.0803337,-0.0962611,0.226351
14.376,-0.011271,0.507154,0.187622
14.377,-0.1371,0.279488,0.0180429
14.378,-0.426159,-0.29205,-0.268999
14.379,0.0264459,-0.499962,0.228923
14.38,0.0604892,-0.000825403,0.178225
14.381,-0.0745422,0.584826,0.212344
14.382,-0.255114,0.327706,0.00640404
14.383,-0.451335,-0.659735,-0.267647
14.384,0.0822092,-0.249633,0.148382
14.385,0.0613356,0.175092,0.129648
14.386,-0.15397,0.671826,0.253013
14.387,-0.195685,0.052487,-0.0951714
14.388,-0.25451,-0.915342,0.0764732
14.389,0.100709,-0.162819,0.212765
14.39,0.0304714,0.205358,0.0997582
14.391,-0.228491,0.674704,0.240752
14.392,-0.222878,-0.139701,-0.154502
14.393,-0.212471,-1.02551,0.374955
14.394,0.111073,0.0368082,0.137124
14.395,-0.0089837,0.39251,0.131376
14.396,-0.32884,0.713601,0.256557
14.397,-0.13965,-0.303912,-0.112438
14.398,-0.0611517,-0.748176,0.475282
14.399,0.0987964,0.183535,0.134368
14.4,-0.0399963,0.348952,0.093605
14.401,-0.362355,0.487446,0.0827443
14.402,-0.148602,-0.551883,-0.0575127
14.403,-0.0174084,-0.551704,0.484591
14.404,0.0663594,0.307634,0.134527
14.405,-0.0925472,0.397125,0.094549
14.406,-0.460566,0.382908,-0.00272901
14.407,-0.0390227,-0.472259,0.041049
14.408,0.0617921,-0.22839,0.293951
14.409,0.0218742,0.442949,0.168411
14.41,-0.113229,0.304856,0.0392015
14.411,-0.428441,-0.0709879,-0.218289
14.412,-0.0278901,-0.639249,0.240102
14.413,0.0532775,-0.0992953,0.230374
14.414,-0.035256,0.520299,0.184732
14.415,-0.192954,0.326607,0.0231711
14.416,-0.490867,-0.389895,-0.306741
14.417,0.0615818,-0.34394,0.159796
14.418,0.0656975,0.0814888,0.14913
14.419,-0.107999,0.629427,0.233721
14.42,-0.171569,0.124872,-0.0604118
14.421,-0.310697,-0.809587,-0.089457
14.422,0.0893004,-0.259517,0.22607
14.423,0.0445457,0.162659,0.113331
14.424,-0.179015,0.656226,0.236162
14.425,-0.219084,-0.0113932,-0.124123
14.426,-0.279473,-1.02813,0.179867
14.427,0.108283,-0.0461148,0.135572
14.428,0.0180844,0.338448,0.125104
14.429,-0.269893,0.70777,0.2599
14.43,-0.157917,-0.206532,-0.126025
14.431,-0.122276,-0.886218,0.434209
14.432,0.109077,0.0970721,0.139691
14.433,-0.0152311,0.320733,0.0954726
14.434,-0.32908,0.585613,0.157724
14.435,-0.230112,-0.501772,-0.149847
14.436,-0.0653343,-0.729399,0.5386
14.437,0.0862048,0.229889,0.12664
14.438,-0.066047,0.402095,0.107969
14.439,-0.438109,0.560758,0.124256
14.44,-0.0745088,-0.454118,-0.0159462
14.441,0.0347488,-0.383807,0.374187
14.442,0.052621,0.364795,0.149391
14.443,-0.0987778,0.356599,0.0707035
14.444,-0.429571,0.165351,-0.121235
14.445,-0.0709467,-0.674519,0.156952
14.446,0.0511258,-0.200205,0.288738
14.447,0.00245065,0.45174,0.161416
14.448,-0.183675,0.420504,0.078436
14.449,-0.509398,-0.088831,-0.248352
14.45,0.0315987,-0.426806,0.147896
14.451,0.0709745,-0.000226685,0.183369
14.452,-0.0626108,0.581709,0.21476
14.453,-0.171867,0.227554,-0.0184635
14.454,-0.389674,-0.609095,-0.239497
14.455,0.0721469,-0.339041,0.204574
14.456,0.055109,0.0983164,0.134657
14.457,-0.131929,0.638037,0.233365
14.458,-0.272244,0.176858,-0.074087
14.459,-0.351396,-0.926255,-0.0489221
14.46,0.100602,-0.137454,0.141818
14.461,0.0411436,0.266443,0.120797
14.462,-0.222003,0.71872,0.275991
14.463,-0.178466,-0.0957763,-0.124621
14.464,-0.190528,-0.96374,0.300753
14.465,0.11264,-0.001037,0.1488
14.466,0.00811727,0.2849,0.0985623
14.467,-0.281619,0.632304,0.199839
14.468,-0.265317,-0.339867,-0.193317
14.469,-0.133131,-0.910221,0.532402
14.47,0.100576,0.147437,0.125035
14.471,-0.0353795,0.373391,0.107844
14.472,-0.38457,0.634155,0.186732
14.473,-0.1135,-0.419192,-0.0700695
14.474,-0.00053204,-0.545842,0.440319
14.475,0.0772448,0.285864,0.138519
14.476,-0.0716034,0.359417,0.0834059
14.477,-0.409876,0.350275,-0.0145338
14.478,-0.121915,-0.67803,0.0587646
14.479,0.0306012,-0.340639,0.369655
14.48,0.0342219,0.385983,0.145127
14.481,-0.142609,0.425894,0.0935388
14.482,-0.492319,0.146043,-0.14481
14.483,-0.00463037,-0.492973,0.118842
14.484,0.0787588,-0.0732029,0.216962
14.485,-0.0204031,0.515811,0.189691
14.486,-0.140105,0.261897,0.00869131
14.487,-0.400004,-0.37932,-0.265175
14.488,0.0405441,-0.453217,0.21691
14.489,0.0585921,0.0193537,0.167204
14.49,-0.0840908,0.579131,0.205552
14.491,-0.231873,0.254445,-0.0253385
14.492,-0.423811,-0.732339,-0.227447
14.493,0.0875552,-0.249559,0.170637
14.494,0.0606063,0.220336,0.12988
14.495,-0.170403,0.691873,0.264695
14.496,-0.19034,0.0174053,-0.103612
14.497,-0.2776,-0.97659,0.110418
14.498,0.10592,-0.122171,0.195188
14.499,0.0274193,0.23865,0.102551
14.5,-0.239126,0.667409,0.233373
14.501,-0.211624,-0.174209,-0.153793
14.502,-0.184377,-0.991703,0.412001
14.503,0.10665,0.0629249,0.123969
14.504,-0.0129812,0.37366,0.120332
14.505,-0.34002,0.696882,0.241701
14.506,-0.158043,-0.360865,-0.120266
14.507,-0.0248621,-0.6545,0.434842
14.508,0.095111,0.208071,0.138241
14.509,-0.0428869,0.328891,0.0826036
14.51,-0.385277,0.494634,0.084008
14.511,-0.13145,-0.554408,-0.0369825
14.512,-0.0117498,-0.518242,0.474045
14.513,0.0601469,0.324236,0.135936
14.514,-0.111614,0.436194,0.109514
14.515,-0.473752,0.352393,-0.0243226
14.516,-0.0413682,-0.51803,0.0670961
14.517,0.0683425,-0.191225,0.273478
14.518,0.0145716,0.454924,0.172051
14.519,-0.132632,0.336333,0.0477639
14.52,-0.418763,-0.137701,-0.234813
14.521,0.00426925,-0.538147,0.19501
14.522,0.0573102,-0.0691791,0.213643
14.523,-0.0444659,0.536679,0.191393
14.524,-0.18489,0.286756,0.00519951
14.525,-0.461528,-0.478202,-0.296034
14.526,0.0677446,-0.314575,0.153129
14.527,0.0724954,0.138855,0.141771
14.528,-0.11751,0.637386,0.236859
14.529,-0.168568,0.100701,-0.0678583
14.53,-0.334141,-0.861431,-0.0794067
14.531,0.0979188,-0.20477,0.187556
14.532,0.0419287,0.179404,0.110327
14.533,-0.194798,0.677587,0.24904
14.534,-0.290176,-0.000809205,-0.148886
14.535,-0.281206,-1.06053,0.230397
14.536,0.109966,-0.0253817,0.137532
14.537,0.0144522,0.294887,0.106989
14.538,-0.285277,0.70912,0.258748
14.539,-0.158645,-0.237872,-0.127575
14.54,-0.080752,-0.800191,0.420676
14.541,0.106421,0.112965,0.148298
14.542,-0.0190423,0.310333,0.0885648
14.543,-0.350356,0.604128,0.168337
14.544,-0.163367,-0.459575,-0.10497
14.545,-0.045113,-0.671037,0.515143
14.546,0.0818439,0.249168,0.127963
14.547,-0.0732822,0.404989,0.106466
14.548,-0.447512,0.529255,0.0998281
14.549,-0.0674018,-0.465506,-0.00203177
14.55,0.0521301,-0.322335,0.33406
14.551,0.0462656,0.378824,0.155041
14.552,-0.0997274,0.337798,0.0607512
14.553,-0.464491,0.186647,-0.118123
14.554,-0.0668359,-0.688663,0.187171
14.555,0.0450129,-0.188448,0.28449
14.556,-0.00616255,0.473735,0.169647
14.557,-0.17804,0.381359,0.0574712
14.558,-0.494484,-0.177399,-0.270729
14.559,0.0368972,-0.427164,0.164456
14.56,0.0813898,0.0594007,0.165122
14.561,-0.0741295,0.598323,0.222001
14.562,-0.158438,0.181846,-0.0331101
14.563,-0.379557,-0.667178,-0.216936
14.564,0.0788996,-0.307697,0.197655
14.565,0.0556117,0.128049,0.128887
14.566,-0.138181,0.613982,0.214769
14.567,-0.240424,0.100881,-0.0952692
14.568,-0.347071,-0.977749,0.00356867
14.569,0.105138,-0.122938,0.153409
14.57,0.0355289,0.279758,0.119388
14.571,-0.23574,0.719798,0.274599
14.572,-0.171607,-0.125549,-0.125863
14.573,-0.143262,-0.89768,0.327829
14.574,0.112523,0.0207298,0.154808
14.575,0.00260729,0.285299,0.0943195
14.576,-0.310493,0.676274,0.22925
14.577,-0.255259,-0.387933,-0.185272
14.578,-0.110334,-0.857807,0.540006
14.579,0.096337,0.16848,0.122529
14.58,-0.0572193,0.453935,0.140016
14.581,-0.407304,0.63726,0.186416
14.582,-0.104705,-0.438012,-0.0555652
14.583,0.00899736,-0.503109,0.427259
14.584,0.0709912,0.308913,0.141303
14.585,-0.0808896,0.366954,0.0832644
14.586,-0.407466,0.280955,-0.0549323
14.587,-0.0892713,-0.635521,0.0774863
14.588,0.0338115,-0.302444,0.351032
14.589,0.0256687,0.42311,0.159087
14.59,-0.174423,0.478634,0.11629
14.591,-0.50805,0.0931886,-0.173966
14.592,0.0115278,-0.447685,0.116205
14.593,0.0777242,-0.0468414,0.20546
14.594,-0.0338202,0.544296,0.200868
14.595,-0.156473,0.266283,0.0048213
14.596,-0.44097,-0.416133,-0.285931
14.597,0.0425413,-0.461612,0.254621
14.598,0.0593643,0.0478465,0.155518
14.599,-0.100389,0.612867,0.223791
14.6,-0.268955,0.270414,-0.0278658
14.601,-0.422027,-0.805093,-0.195951
14.602,0.0927786,-0.206491,0.155213
14.603,0.0512433,0.19809,0.120529
14.604,-0.184579,0.696987,0.265855
14.605,-0.181485,-0.0183062,-0.109314
14.606,-0.241636,-0.970705,0.1735
14.607,0.110811,-0.0701963,0.159384
14.608,0.0221911,0.255929,0.101794
14.609,-0.246795,0.641318,0.212381
14.61,-0.274386,-0.220019,-0.191335
14.611,-0.16939,-0.975189,0.454323
14.612,0.108071,0.0868808,0.131145
14.613,-0.0231403,0.402037,0.128351
14.614,-0.351599,0.681897,0.228318
14.615,-0.14927,-0.384792,-0.109604
14.616,-0.0143594,-0.618901,0.433381
14.617,0.0908075,0.226661,0.141245
14.618,-0.0466227,0.320997,0.0769236
14.619,-0.401113,0.48309,0.0735545
14.62,-0.112333,-0.547994,-0.0172504
14.621,0.0108061,-0.447308,0.425683
14.622,0.0528068,0.33963,0.136559
14.623,-0.129058,0.461179,0.118543
14.624,-0.489454,0.321121,-0.0463695
14.625,-0.0214534,-0.466602,0.0659147
14.626,0.0654759,-0.173632,0.268018
14.627,0.00490669,0.473504,0.175459
14.628,-0.137987,0.321919,0.0385311
14.629,-0.425541,-0.194592,-0.251158
14.63,-0.00382165,-0.592307,0.26016
14.631,0.055774,-0.0490744,0.201474
14.632,-0.0563223,0.554538,0.198482
14.633,-0.19627,0.275971,-0.00377401
14.634,-0.451696,-0.555305,-0.285821
14.635,0.0739625,-0.294858,0.157061
14.636,0.0655488,0.139085,0.136433
14.637,-0.133355,0.657072,0.24683
14.638,-0.19691,0.101482,-0.0789212
14.639,-0.276567,-0.873829,0.00121506
14.64,0.099745,-0.191254,0.203296
14.641,0.037393,0.191628,0.105913
14.642,-0.203464,0.658216,0.232837
14.643,-0.234586,-0.0753984,-0.147191
14.644,-0.259978,-1.06188,0.290997
14.645,0.110573,-0.00084724,0.136341
14.646,0.00789789,0.313492,0.108631
14.647,-0.299444,0.705731,0.254081
14.648,-0.15414,-0.266471,-0.124571
14.649,-0.0672841,-0.769768,0.435132
14.65,0.103007,0.133014,0.148333
14.651,-0.024916,0.312914,0.0859042
14.652,-0.349664,0.547375,0.126784
14.653,-0.213003,-0.571093,-0.113957
14.654,-0.0439476,-0.648464,0.526294
14.655,0.0769034,0.272597,0.131225
14.656,-0.0783851,0.394414,0.0987011
14.657,-0.445998,0.459201,0.050371
14.658,-0.0553389,-0.467542,0.0149005
14.659,0.0484073,-0.302914,0.334961
14.66,0.0366418,0.405923,0.157758
14.661,-0.113708,0.349205,0.0612166
14.662,-0.430688,0.0387434,-0.17878
14.663,-0.0498119,-0.669914,0.211194
14.664,0.0487036,-0.1508,0.261349
14.665,-0.0183718,0.500171,0.179592
14.666,-0.175419,0.339745,0.0354825
14.667,-0.487531,-0.27302,-0.289876
14.668,0.0470944,-0.4007,0.16939
14.669,0.0799604,0.0900176,0.155956
14.67,-0.0895909,0.61841,0.230921
14.671,-0.177998,0.17716,-0.0424216
14.672,-0.385071,-0.737676,-0.195738
14.673,0.0797416,-0.312246,0.237901
14.674,0.0500581,0.139141,0.121359
14.675,-0.161324,0.661545,0.24379
14.676,-0.289378,0.106487,-0.109559
14.677,-0.332271,-1.02112,0.0727721
14.678,0.106411,-0.085051,0.140493
14.679,0.0285147,0.303567,0.120642
14.68,-0.254087,0.728032,0.278339
14.681,-0.178711,-0.164679,-0.134816
14.682,-0.17008,-0.964726,0.398906
14.683,0.109132,0.0416792,0.162145
14.684,-0.00382046,0.285865,0.0895414
14.685,-0.306256,0.599846,0.171762
14.686,-0.231845,-0.429169,-0.165158
14.687,-0.0840063,-0.791896,0.532806
14.688,0.0943725,0.197748,0.128624
14.689,-0.0642332,0.445574,0.132457
14.69,-0.411062,0.585206,0.14598
14.691,-0.0959449,-0.45666,-0.0396123
14.692,0.0144656,-0.467471,0.418972
14.693,0.0642294,0.333651,0.147713
14.694,-0.08389,0.347784,0.0722388
14.695,-0.454009,0.324053,-0.0385028
14.696,-0.0986186,-0.700472,0.124437
14.697,0.0348008,-0.272941,0.336235
14.698,0.0165789,0.423792,0.153791
14.699,-0.156654,0.400852,0.0748588
14.7,-0.50388,0.0137264,-0.208158
14.701,0.0194724,-0.438908,0.127312
14.702,0.0728493,-0.0358998,0.200142
14.703,-0.0446775,0.559141,0.205932
14.704,-0.147934,0.226178,-0.0103295
14.705,-0.411291,-0.502759,-0.268601
14.706,0.0619724,-0.372736,0.197301
14.707,0.0611232,0.079705,0.145803
14.708,-0.107987,0.592357,0.207579
14.709,-0.240684,0.189865,-0.0584357
14.71,-0.386649,-0.865403,-0.131295
14.711,0.0974592,-0.18904,0.162925
14.712,0.0493109,0.253069,0.12485
14.713,-0.195751,0.691737,0.259765
14.714,-0.172155,-0.0545889,-0.113331
14.715,-0.213274,-0.966536,0.235643
14.716,0.112158,-0.0387407,0.155491
14.717,0.0159394,0.274041,0.101481
14.718,-0.261528,0.632953,0.203623
14.719,-0.251812,-0.275726,-0.184339
14.72,-0.157158,-0.958272,0.500453
14.721,0.102648,0.113544,0.121646
14.722,-0.0287386,0.386452,0.117733
14.723,-0.369309,0.664474,0.212324
14.724,-0.139998,-0.41856,-0.094716
14.725,0.00251361,-0.560265,0.419198
14.726,0.0845593,0.259625,0.13976
14.727,-0.058229,0.337234,0.078656
14.728,-0.411746,0.432853,0.0378287
14.729,-0.0957328,-0.556759,0.00942924
14.73,0.0201624,-0.393938,0.400028
14.731,0.0438067,0.365194,0.14165
14.732,-0.15019,0.486977,0.128088
14.733,-0.500404,0.252519,-0.0890569
14.734,-0.0149804,-0.494134,0.0978621
14.735,0.063851,-0.143647,0.254385
14.736,-0.00822709,0.498142,0.184575
14.737,-0.148875,0.31364,0.0305808
14.738,-0.40899,-0.297137,-0.26244
14.739,0.0269663,-0.494265,0.220448
14.74,0.0614799,-0.00152757,0.179188
14.741,-0.072597,0.579636,0.209489
14.742,-0.247761,0.320589,0.00444488
14.743,-0.429559,-0.654896,-0.254826
14.744,0.0815483,-0.253143,0.148799
14.745,0.0626709,0.178075,0.130677
14.746,-0.153413,0.676914,0.256949
14.747,-0.174411,0.0412972,-0.0896216
14.748,-0.256017,-0.908804,0.066671
14.749,0.101244,-0.164778,0.209708
14.75,0.0332166,0.223947,0.105448
14.751,-0.219493,0.65437,0.226984
14.752,-0.267474,-0.117404,-0.171017
14.753,-0.226553,-1.04192,0.360525
14.754,0.108805,0.0306131,0.128594
14.755,-0.0046228,0.378519,0.127408
14.756,-0.314429,0.694782,0.243344
14.757,-0.142388,-0.293864,-0.115176
14.758,-0.0635121,-0.756342,0.467648
14.759,0.100334,0.173733,0.13469
14.76,-0.0373107,0.348344,0.0947631
14.761,-0.359178,0.501019,0.0926076
14.762,-0.1664,-0.566449,-0.0700046
14.763,-0.0210646,-0.569532,0.490464
14.764,0.0696577,0.302329,0.135792
14.765,-0.104045,0.449705,0.119926
14.766,-0.472056,0.437411,0.0316951
14.767,-0.0434183,-0.47018,0.0332491
14.768,0.0536463,-0.259875,0.31412
14.769,0.0260485,0.431861,0.164604
14.77,-0.12185,0.340647,0.0538265
14.771,-0.43502,-0.0312871,-0.206779
14.772,-0.0255303,-0.62016,0.214631
14.773,0.058206,-0.102227,0.23277
14.774,-0.0297625,0.517955,0.185525
14.775,-0.183128,0.323643,0.0246003
14.776,-0.48172,-0.358959,-0.300051
14.777,0.0556483,-0.376873,0.173646
14.778,0.0772581,0.114179,0.149062
14.779,-0.102599,0.630381,0.23574
14.78,-0.169146,0.138074,-0.0545153
14.781,-0.317333,-0.782533,-0.1131
14.782,0.0898793,-0.258384,0.208079
14.783,0.0469892,0.159075,0.116224
14.784,-0.176583,0.671986,0.248386
14.785,-0.287176,0.0561455,-0.12824
14.786,-0.305249,-1.03966,0.144589
14.787,0.107408,-0.0580088,0.135466
14.788,0.0211453,0.339055,0.12739
14.789,-0.270578,0.729729,0.277291
14.79,-0.173559,-0.199605,-0.135066
14.791,-0.148378,-0.934967,0.435642
14.792,0.107779,0.0715732,0.156992
14.793,-0.0101467,0.292051,0.0872134
14.794,-0.319441,0.581515,0.156224
14.795,-0.21429,-0.46706,-0.145372
14.796,-0.0768958,-0.761262,0.549878
14.797,0.088169,0.221201,0.126366
14.798,-0.0614072,0.394316,0.105892
14.799,-0.426012,0.554206,0.120926
14.8,-0.0910656,-0.488719,-0.0205705
14.801,0.0274249,-0.410351,0.390803
14.802,0.0557434,0.358977,0.150022
14.803,-0.0856483,0.323237,0.0593407
14.804,-0.44117,0.216446,-0.0974685
14.805,-0.0429119,-0.562629,0.10006
14.806,0.0480685,-0.215453,0.298268
14.807,0.00587228,0.448413,0.161347
14.808,-0.194279,0.459968,0.0995147
14.809,-0.509921,-0.0608421,-0.238669
14.81,0.0284635,-0.43284,0.145003
14.811,0.0705176,-0.0110375,0.18805
14.812,-0.0578894,0.573476,0.211052
14.813,-0.173774,0.240369,-0.0133082
14.814,-0.367266,-0.597345,-0.227214
14.815,0.066997,-0.367659,0.225864
14.816,0.0568366,0.0986792,0.136336
14.817,-0.128992,0.635175,0.23203
14.818,-0.267517,0.179467,-0.0714715
14.819,-0.360317,-0.918893,-0.0654221
14.82,0.100303,-0.146816,0.145728
14.821,0.0434283,0.277772,0.125126
14.822,-0.214873,0.708025,0.268876
14.823,-0.198659,-0.0813433,-0.131873
14.824,-0.16802,-0.920065,0.282482
14.825,0.11165,-0.0199055,0.168094
14.826,0.010289,0.255856,0.090997
14.827,-0.286391,0.662237,0.221846
14.828,-0.198682,-0.299126,-0.153245
14.829,-0.1187,-0.881633,0.502994
14.83,0.0996689,0.140254,0.12131
14.831,-0.0396195,0.405573,0.121859
14.832,-0.385894,0.647248,0.196768
14.833,-0.131237,-0.447065,-0.0790276
14.834,0.0141306,-0.512859,0.407661
14.835,0.0781318,0.283927,0.143087
14.836,-0.0638108,0.329764,0.072363
14.837,-0.401082,0.339221,-0.019593
14.838,-0.117132,-0.661593,0.0525645
14.839,0.0201785,-0.364874,0.390847
14.84,0.0358109,0.382986,0.144705
14.841,-0.14932,0.451297,0.106512
14.842,-0.504566,0.189724,-0.124668
14.843,-0.00360283,-0.476104,0.106633
14.844,0.0639454,-0.118688,0.241538
14.845,-0.0181535,0.511542,0.188172
14.846,-0.136619,0.259253,0.00877458
14.847,-0.431574,-0.340206,-0.276931
14.848,0.0435132,-0.429227,0.191967
14.849,0.0633444,0.0283256,0.1667
14.85,-0.0809376,0.566604,0.198222
14.851,-0.224262,0.244789,-0.0277317
14.852,-0.429041,-0.72729,-0.233035
14.853,0.0871684,-0.251919,0.1712
14.854,0.0609776,0.219529,0.130111
14.855,-0.16944,0.690792,0.264055
14.856,-0.183033,0.0148562,-0.101134
14.857,-0.275089,-0.970711,0.107422
14.858,0.10772,-0.115206,0.184319
14.859,0.0273338,0.232384,0.101149
14.86,-0.245071,0.692547,0.251725
14.861,-0.282363,-0.167762,-0.18739
14.862,-0.201901,-1.02234,0.421315
14.863,0.106653,0.0613259,0.123848
14.864,-0.0112439,0.361828,0.115958
14.865,-0.339077,0.696532,0.241538
14.866,-0.159337,-0.360751,-0.121274
14.867,-0.0263576,-0.658436,0.436965
14.868,0.095204,0.205214,0.140476
14.869,-0.0428176,0.330569,0.0834225
14.87,-0.391232,0.514163,0.096789
14.871,-0.123245,-0.533855,-0.0374526
14.872,0.00145152,-0.491428,0.446626
14.873,0.0593808,0.320561,0.133529
14.874,-0.119545,0.460531,0.121154
14.875,-0.483616,0.374781,-0.0115989
14.876,-0.0309727,-0.471449,0.0531968
14.877,0.0660345,-0.196996,0.277722
14.878,0.0141907,0.459463,0.173222
14.879,-0.125995,0.317351,0.0405312
14.88,-0.472568,-0.0549233,-0.226102
14.881,-0.0142343,-0.611705,0.247282
14.882,0.0565399,-0.0707627,0.214314
14.883,-0.0435057,0.526758,0.185531
14.884,-0.237756,0.388639,0.0455051
14.885,-0.483915,-0.45868,-0.306847
14.886,0.0671976,-0.32902,0.165178
14.887,0.0658789,0.108095,0.142347
14.888,-0.120517,0.647513,0.243238
14.889,-0.180248,0.113389,-0.0680704
14.89,-0.352829,-0.86482,-0.097279
14.891,0.0897183,-0.247922,0.236176
14.892,0.0404706,0.169836,0.108547
14.893,-0.189269,0.651319,0.230469
14.894,-0.253606,-0.0268212,-0.142731
14.895,-0.266472,-1.04217,0.233912
14.896,0.111193,-0.0294947,0.144221
14.897,0.0107422,0.36059,0.128992
14.898,-0.292222,0.728698,0.273475
14.899,-0.165055,-0.243603,-0.131792
14.9,-0.117212,-0.878869,0.467008
14.901,0.105231,0.109689,0.151154
14.902,-0.0191833,0.306614,0.0869015
14.903,-0.33839,0.563582,0.140216
14.904,-0.224726,-0.541541,-0.134435
14.905,-0.0553305,-0.690328,0.537179
14.906,0.0809673,0.251348,0.127648
14.907,-0.0793845,0.42602,0.115501
14.908,-0.443236,0.50848,0.0853645
14.909,-0.0809896,-0.516589,0.00624469
14.91,0.0559347,-0.307895,0.324999
14.911,0.0441379,0.39108,0.156635
14.912,-0.100429,0.332413,0.0577744
14.913,-0.453697,0.144639,-0.136986
14.914,-0.0318688,-0.576662,0.137968
14.915,0.04609,-0.181082,0.279877
14.916,-0.00779173,0.472559,0.168177
14.917,-0.208119,0.444893,0.0867106
14.918,-0.506315,-0.175466,-0.273998
14.919,0.0411558,-0.403589,0.152938
14.92,0.0692542,0.0228821,0.172656
14.921,-0.0745502,0.590876,0.217102
14.922,-0.159818,0.176898,-0.0356561
14.923,-0.368619,-0.684561,-0.203037
14.924,0.0776173,-0.321742,0.219519
14.925,0.0532854,0.125912,0.126808
14.926,-0.148761,0.652234,0.23971
14.927,-0.2853,0.141351,-0.0937203
14.928,-0.352944,-0.992601,0.0104687
14.929,0.105341,-0.112465,0.148308
14.93,0.0332836,0.249625,0.110399
14.931,-0.235904,0.70713,0.264665
14.932,-0.168145,-0.135817,-0.125409
14.933,-0.144977,-0.906834,0.345915
14.934,0.109395,0.0152271,0.167989
14.935,0.00155921,0.271538,0.0886211
14.936,-0.309041,0.651633,0.21034
14.937,-0.193962,-0.361687,-0.146559
14.938,-0.102285,-0.838568,0.538024
14.939,0.0972006,0.17854,0.127465
14.94,-0.0501615,0.406483,0.117356
14.941,-0.404828,0.612716,0.167681
14.942,-0.116926,-0.476907,-0.0546235
14.943,0.0289292,-0.448076,0.385493
14.944,0.0687787,0.317442,0.146224
14.945,-0.0731343,0.326594,0.0664898
14.946,-0.429209,0.310349,-0.0421849
14.947,-0.0660923,-0.572518,0.0655237
14.948,0.0400019,-0.282623,0.336617
14.949,0.0223369,0.412638,0.151265
14.95,-0.160477,0.43126,0.0913369
14.951,-0.503786,0.0651372,-0.185914
14.952,0.013691,-0.444551,0.118509
14.953,0.0779009,-0.0400993,0.202491
14.954,-0.0364785,0.548347,0.202365
14.955,-0.157676,0.262389,0.00256265
14.956,-0.4395,-0.433223,-0.285561
14.957,0.0439954,-0.457571,0.257628
14.958,0.0609458,0.0590221,0.152616
14.959,-0.100692,0.597808,0.213321
14.96,-0.221117,0.193312,-0.050561
14.961,-0.418636,-0.815946,-0.1879
14.962,0.0932661,-0.199594,0.151982
14.963,0.0530322,0.226,0.124224
14.964,-0.187818,0.702528,0.269435
14.965,-0.184256,-0.0227447,-0.111712
14.966,-0.256502,-0.995132,0.178369
14.967,0.107036,-0.0908396,0.192081
14.968,0.0208237,0.241396,0.0968226
14.969,-0.254066,0.659612,0.224943
14.97,-0.219999,-0.222938,-0.163345
14.971,-0.179364,-0.994755,0.469163
14.972,0.105448,0.0899957,0.124076
14.973,-0.0264728,0.419716,0.135557
14.974,-0.36054,0.697366,0.239618
14.975,-0.138285,-0.37687,-0.10196
14.976,-0.045851,-0.690275,0.497689
14.977,0.0889675,0.226373,0.142702
14.978,-0.0493494,0.32725,0.0783928
14.979,-0.381682,0.421012,0.0351521
14.98,-0.123929,-0.587232,-0.0098666
14.981,0.00345753,-0.455832,0.439822
14.982,0.0521686,0.347312,0.139681
14.983,-0.121744,0.434376,0.105086
14.984,-0.481459,0.290472,-0.0635144
14.985,-0.0291669,-0.513445,0.0856174
14.986,0.0727571,-0.150616,0.253423
14.987,0.00360564,0.475373,0.177534
14.988,-0.140158,0.324088,0.0388745
14.989,-0.415523,-0.215606,-0.251838
14.99,0.0135321,-0.528073,0.216509
14.991,0.061052,-0.0317272,0.194368
14.992,-0.0587368,0.562789,0.203006
14.993,-0.241268,0.351658,0.023351
14.994,-0.44795,-0.567546,-0.28227
14.995,0.0749335,-0.283924,0.150889
14.996,0.0700048,0.171629,0.136692
14.997,-0.137233,0.665769,0.2524
14.998,-0.180313,0.0792566,-0.0800393
14.999,-0.316485,-0.907628,-0.021564
15,0.101813,-0.177091,0.189318
15.001,0.0366021,0.18969,0.104891
15.002,-0.199776,0.638224,0.218749
15.003,-0.241316,-0.0796881,-0.151161
15.004,-0.24677,-1.04823,0.302229
15.005,0.110764,0.00228127,0.136818
15.006,0.0062762,0.326249,0.112328
15.007,-0.30837,0.725857,0.269057
15.008,-0.162151,-0.278469,-0.129722
15.009,-0.102239,-0.846594,0.489606
15.01,0.102365,0.138645,0.147765
15.011,-0.0261871,0.312958,0.0851284
15.012,-0.348812,0.532667,0.116436
15.013,-0.196783,-0.562481,-0.102042
15.014,-0.0282927,-0.611192,0.496594
15.015,0.074699,0.271687,0.128119
15.016,-0.103373,0.483955,0.140473
15.017,-0.463022,0.487679,0.067887
15.018,-0.0578869,-0.483479,0.0198003
15.019,0.0543704,-0.286471,0.322192
15.02,0.0361157,0.411008,0.161278
15.021,-0.111291,0.339986,0.0573918
15.022,-0.463789,0.0970451,-0.161941
15.023,-0.0402163,-0.641121,0.197294
15.024,0.0561723,-0.134738,0.251287
15.025,-0.0179426,0.494261,0.176231
15.026,-0.179756,0.349705,0.0395026
15.027,-0.501984,-0.25294,-0.291144
15.028,0.0490421,-0.381951,0.155865
15.029,0.0679026,0.0436052,0.163609
15.03,-0.086769,0.606519,0.22387
15.031,-0.164734,0.159992,-0.0443185
15.032,-0.33522,-0.733401,-0.155752
15.033,0.0818698,-0.30234,0.225913
15.034,0.0491541,0.134488,0.120944
15.035,-0.155456,0.63498,0.225688
15.036,-0.263491,0.0825886,-0.110276
15.037,-0.336745,-1.01812,0.0621305
15.038,0.107249,-0.092711,0.147407
15.039,0.0291513,0.270122,0.111632
15.04,-0.250398,0.719509,0.272125
15.041,-0.187231,-0.162029,-0.139216
15.042,-0.135837,-0.898921,0.37265
15.043,0.110649,0.042237,0.158387
15.044,-0.002779,0.28837,0.0912733
15.045,-0.315123,0.639325,0.200032
15.046,-0.18017,-0.37224,-0.135465
15.047,-0.08214,-0.789838,0.524704
15.048,0.0922872,0.189478,0.121961
15.049,-0.0603717,0.432173,0.126633
15.05,-0.41994,0.615168,0.167761
15.051,-0.100484,-0.464614,-0.0415621
15.052,0.0071911,-0.486078,0.434298
15.053,0.0641011,0.325306,0.147459
15.054,-0.0778985,0.326546,0.0643266
15.055,-0.428238,0.265419,-0.0679358
15.056,-0.0698474,-0.612219,0.0923261
15.057,0.0359136,-0.272855,0.335381
15.058,0.0173884,0.430288,0.15779
15.059,-0.152799,0.395304,0.0729016
15.06,-0.509704,0.0358745,-0.200221
15.061,0.0178732,-0.444956,0.128746
15.062,0.0688333,-0.0497498,0.206109
15.063,-0.0421055,0.548399,0.200855
15.064,-0.147297,0.226085,-0.0101296
15.065,-0.42232,-0.492738,-0.275308
15.066,0.0604107,-0.383813,0.207019
15.067,0.0570776,0.0643865,0.147169
15.068,-0.109431,0.607856,0.217832
15.069,-0.213788,0.1618,-0.0616283
15.07,-0.379674,-0.853123,-0.132156
15.071,0.095638,-0.176153,0.145324
15.072,0.0494891,0.24356,0.123482
15.073,-0.198679,0.707569,0.271356
15.074,-0.174447,-0.0486475,-0.113163
15.075,-0.19427,-0.932023,0.225296
15.076,0.10971,-0.0624106,0.180527
15.077,0.0173267,0.260686,0.0987199
15.078,-0.27067,0.680307,0.2382
15.079,-0.250851,-0.261205,-0.182988
15.08,-0.165784,-0.973736,0.49419
15.081,0.105407,0.108743,0.127335
15.082,-0.022036,0.353386,0.10573
15.083,-0.361456,0.659155,0.209122
15.084,-0.119469,-0.372965,-0.0866338
15.085,-0.0190534,-0.616141,0.459983
15.086,0.0857719,0.251166,0.135837
15.087,-0.0602485,0.356402,0.0870733
15.088,-0.3975,0.412759,0.0270419
15.089,-0.14447,-0.665379,0.014119
15.09,0.0191314,-0.405237,0.404322
15.091,0.0459841,0.357958,0.139789
15.092,-0.137935,0.459141,0.114606
15.093,-0.495679,0.26771,-0.0794207
15.094,-0.0122048,-0.46045,0.078082
15.095,0.0664915,-0.146483,0.254788
15.096,-0.00490494,0.494353,0.182827
15.097,-0.134139,0.288662,0.0235097
15.098,-0.439304,-0.234827,-0.264678
15.099,0.0298132,-0.464874,0.18608
15.1,0.0640999,-0.00649616,0.183091
15.101,-0.0644186,0.549192,0.192248
15.102,-0.227929,0.300464,-0.000819309
15.103,-0.454238,-0.61861,-0.278008
15.104,0.0792224,-0.274504,0.158251
15.105,0.0614711,0.149724,0.131591
15.106,-0.147102,0.674251,0.256415
15.107,-0.184881,0.0627182,-0.0873932
15.108,-0.319608,-0.942473,0.00649918
15.109,0.0988377,-0.181666,0.216982
15.11,0.0332987,0.19875,0.102046
15.111,-0.212194,0.646656,0.222586
15.112,-0.289741,-0.0893966,-0.173985
15.113,-0.239007,-1.05477,0.345428
15.114,0.11014,0.0233959,0.133149
15.115,0.0021519,0.318403,0.106375
15.116,-0.312963,0.69864,0.246607
15.117,-0.144623,-0.289944,-0.11703
15.118,-0.0555684,-0.739276,0.448452
15.119,0.100111,0.158942,0.145695
15.12,-0.0324403,0.326343,0.0873115
15.121,-0.381644,0.582791,0.148027
15.122,-0.199841,-0.603581,-0.0878147
15.123,-0.0302569,-0.596227,0.507621
15.124,0.0704396,0.29225,0.132052
15.125,-0.0915008,0.413856,0.104102
15.126,-0.471243,0.455365,0.0441368
15.127,-0.0531445,-0.498745,0.0354383
15.128,0.0436915,-0.29067,0.33633
15.129,0.0287546,0.420618,0.163169
15.13,-0.108013,0.307912,0.0427213
15.131,-0.444005,-0.000603916,-0.198012
15.132,-0.00860054,-0.545086,0.162859
15.133,0.0545739,-0.115033,0.239928
15.134,-0.0274381,0.514649,0.184462
15.135,-0.18293,0.329758,0.0278769
15.136,-0.488749,-0.335058,-0.300084
15.137,0.0556283,-0.36161,0.157062
15.138,0.0670771,0.063377,0.155932
15.139,-0.0970895,0.617377,0.228337
15.14,-0.165314,0.13893,-0.0526718
15.141,-0.346852,-0.781937,-0.141955
15.142,0.0902209,-0.252986,0.195418
15.143,0.0473008,0.15166,0.117042
15.144,-0.171102,0.66184,0.241946
15.145,-0.260259,0.0450228,-0.122684
15.146,-0.313527,-1.03526,0.122891
15.147,0.106556,-0.0648338,0.134378
15.148,0.0240053,0.301013,0.116417
15.149,-0.261897,0.715339,0.267036
15.15,-0.184114,-0.192712,-0.14066
15.151,-0.117992,-0.872154,0.397339
15.152,0.109152,0.0652537,0.15606
15.153,-0.0101267,0.318047,0.0977318
15.154,-0.314157,0.583987,0.158868
15.155,-0.195656,-0.433101,-0.137699
15.156,-0.0730164,-0.757149,0.536466
15.157,0.091126,0.217929,0.130344
15.158,-0.0761364,0.467535,0.140331
15.159,-0.433056,0.585498,0.143483
15.16,-0.0897253,-0.477411,-0.0240318
15.161,0.0169601,-0.439191,0.413367
15.162,0.0567461,0.348784,0.150345
15.163,-0.0869185,0.331458,0.0628279
15.164,-0.419886,0.18475,-0.109279
15.165,-0.080113,-0.681876,0.14392
15.166,0.048501,-0.221125,0.300948
15.167,0.00785969,0.441399,0.158515
15.168,-0.174137,0.415472,0.0781476
15.169,-0.501945,-0.0599994,-0.236177
15.17,0.0263885,-0.436459,0.142814
15.171,0.0700049,-0.0187886,0.191455
15.172,-0.0546933,0.567261,0.208204
15.173,-0.157637,0.218066,-0.0175067
15.174,-0.386878,-0.574558,-0.244743
15.175,0.0596618,-0.400859,0.249516
15.176,0.0555119,0.0826969,0.139501
15.177,-0.120237,0.613522,0.218926
15.178,-0.23659,0.158335,-0.0708468
15.179,-0.378836,-0.904689,-0.096751
15.18,0.100179,-0.170992,0.162093
15.181,0.0457108,0.273978,0.126038
15.182,-0.212398,0.715167,0.274842
15.183,-0.184102,-0.0746407,-0.12341
15.184,-0.226383,-1.00407,0.27079
15.185,0.108942,-0.0403944,0.180515
15.186,0.011892,0.252596,0.0914716
15.187,-0.282394,0.664765,0.224397
15.188,-0.201694,-0.288719,-0.155251
15.189,-0.12558,-0.896232,0.499241
15.19,0.10053,0.132725,0.12126
15.191,-0.0354632,0.393905,0.117973
15.192,-0.380595,0.649897,0.199484
15.193,-0.13252,-0.437776,-0.0829247
15.194,0.0117779,-0.524117,0.409546
15.195,0.0799435,0.278706,0.141111
15.196,-0.0646253,0.341212,0.0775269
15.197,-0.427158,0.419995,0.0268251
15.198,-0.114576,-0.643435,0.0419012
15.199,0.0176969,-0.376783,0.398129
15.2,0.0377015,0.377485,0.143267
15.201,-0.134956,0.417052,0.0908456
15.202,-0.498639,0.190511,-0.123078
15.203,-0.00410056,-0.468319,0.0993841
15.204,0.0727192,-0.102663,0.231783
15.205,-0.0159322,0.511467,0.187763
15.206,-0.154128,0.304891,0.0243975
15.207,-0.405636,-0.348538,-0.266054
15.208,0.0299252,-0.49565,0.241558
15.209,0.056843,0.00307899,0.17377
15.21,-0.0799349,0.579551,0.20711
15.211,-0.201745,0.222045,-0.03121
15.212,-0.421702,-0.706846,-0.234629
15.213,0.0852776,-0.236147,0.148923
15.214,0.0608354,0.199768,0.129072
15.215,-0.162633,0.682527,0.259296
15.216,-0.183517,0.0283252,-0.0974584
15.217,-0.288334,-0.966181,0.0790292
15.218,0.104483,-0.138857,0.19931
15.219,0.0300115,0.231312,0.103581
15.22,-0.231874,0.667932,0.235012
15.221,-0.21303,-0.154009,-0.151787
15.222,-0.196174,-1.00479,0.390125
15.223,0.107545,0.0499988,0.125467
15.224,-0.0115771,0.392765,0.130059
15.225,-0.327774,0.692309,0.23962
15.226,-0.142062,-0.320534,-0.112762
15.227,-0.0369689,-0.689203,0.442266
15.228,0.0968262,0.184279,0.143719
15.229,-0.0413742,0.345945,0.0914381
15.23,-0.373127,0.500775,0.0901889
15.231,-0.17733,-0.612898,-0.0594478
15.232,-0.00631366,-0.524748,0.46191
15.233,0.06381,0.305805,0.131115
15.234,-0.103505,0.427293,0.107238
15.235,-0.473308,0.39329,0.00202775
15.236,-0.048391,-0.519787,0.0565023
15.237,0.0663896,-0.212299,0.283399
15.238,0.0206067,0.440011,0.167914
15.239,-0.121551,0.323048,0.0450107
15.24,-0.472986,-0.00679845,-0.208371
15.241,-0.0228808,-0.62741,0.238765
15.242,0.05541,-0.0899935,0.225268
15.243,-0.0362209,0.516568,0.182049
15.244,-0.232587,0.402201,0.0548016
15.245,-0.489648,-0.404041,-0.307268
15.246,0.0626924,-0.342307,0.162105
15.247,0.0657323,0.0869359,0.147585
15.248,-0.109755,0.62949,0.233315
15.249,-0.167736,0.114943,-0.0624823
15.25,-0.33494,-0.832501,-0.10015
15.251,0.0957461,-0.216071,0.183195
15.252,0.0455602,0.182038,0.114319
15.253,-0.178222,0.63448,0.220391
15.254,-0.259987,-0.00144204,-0.137753
15.255,-0.287594,-1.05033,0.197736
15.256,0.108185,-0.0374359,0.133296
15.257,0.0153162,0.350894,0.128028
15.258,-0.282961,0.730124,0.275885
15.259,-0.17415,-0.227837,-0.137027
15.26,-0.125138,-0.893583,0.451049
15.261,0.107569,0.097928,0.150317
15.262,-0.0159412,0.31061,0.0907313
15.263,-0.351043,0.637514,0.19363
15.264,-0.23072,-0.518813,-0.145972
15.265,-0.0643863,-0.720697,0.544329
15.266,0.0844744,0.240483,0.128233
15.267,-0.0659649,0.387687,0.100414
15.268,-0.43379,0.5201,0.0949946
15.269,-0.0733718,-0.471059,-0.00698951
15.27,0.0476351,-0.342279,0.345155
15.271,0.0493344,0.36884,0.153231
15.272,-0.0913016,0.319744,0.0552484
15.273,-0.450858,0.178448,-0.119424
15.274,-0.0373163,-0.575986,0.124597
15.275,0.0469156,-0.194999,0.287662
15.276,-0.00219532,0.4745,0.172083
15.277,-0.176745,0.390771,0.0631681
15.278,-0.492904,-0.149749,-0.262576
15.279,0.0341799,-0.429201,0.158016
15.28,0.0812662,0.0462841,0.169255
15.281,-0.0674605,0.585128,0.2155
15.282,-0.172261,0.214939,-0.0242129
15.283,-0.400705,-0.633624,-0.241037
15.284,0.0744594,-0.332844,0.211663
15.285,0.0519531,0.0994197,0.130973
15.286,-0.135746,0.626772,0.224397
15.287,-0.229508,0.108491,-0.0884726
15.288,-0.366998,-0.961925,-0.037113
15.289,0.102368,-0.127688,0.143559
15.29,0.0390805,0.292537,0.125447
15.291,-0.228256,0.719254,0.27541
15.292,-0.168515,-0.109185,-0.121698
15.293,-0.185591,-0.965429,0.323674
15.294,0.112777,0.0107489,0.150177
15.295,0.00563496,0.283436,0.0960656
15.296,-0.300633,0.672228,0.227482
15.297,-0.252129,-0.35908,-0.184939
15.298,-0.106181,-0.853069,0.512142
15.299,0.0976086,0.156038,0.121393
15.3,-0.0469011,0.419276,0.125595
15.301,-0.399931,0.64845,0.196055
15.302,-0.107213,-0.423252,-0.0627352
15.303,0.0165651,-0.495992,0.407437
15.304,0.0741299,0.289299,0.144394
15.305,-0.0673573,0.327519,0.0696046
15.306,-0.417864,0.339709,-0.0224547
15.307,-0.0919969,-0.618303,0.0582086
15.308,0.0288454,-0.329384,0.367376
15.309,0.0311257,0.411658,0.156553
15.31,-0.166451,0.476793,0.117268
15.311,-0.503593,0.133128,-0.153664
15.312,0.00694352,-0.443465,0.102934
15.313,0.0763886,-0.0675574,0.214842
15.314,-0.0266841,0.532732,0.196414
15.315,-0.143964,0.258095,0.00550873
15.316,-0.403263,-0.405591,-0.267509
15.317,0.0304653,-0.503363,0.272475
15.318,0.0573596,0.0256944,0.163293
15.319,-0.0873562,0.573283,0.200673
15.32,-0.229947,0.234971,-0.0341935
15.321,-0.416112,-0.76424,-0.209299
15.322,0.0899835,-0.236207,0.169082
15.323,0.0582795,0.228559,0.128753
15.324,-0.176676,0.695041,0.265882
15.325,-0.176803,-0.0034238,-0.103315
15.326,-0.22023,-0.924047,0.15131
15.327,0.109573,-0.094224,0.174741
15.328,0.0245309,0.23502,0.0989444
15.329,-0.249637,0.681469,0.242408
15.33,-0.248016,-0.195879,-0.175238
15.331,-0.186093,-1.00054,0.438213
15.332,0.10898,0.0727324,0.132003
15.333,-0.0180566,0.392941,0.126601
15.334,-0.346609,0.697657,0.241526
15.335,-0.142323,-0.353106,-0.109056
15.336,-0.0562439,-0.724633,0.499025
15.337,0.0924937,0.205128,0.143361
15.338,-0.0433438,0.32084,0.078631
15.339,-0.384782,0.473051,0.0692394
15.34,-0.153866,-0.616048,-0.030489
15.341,-0.00896469,-0.504332,0.467987
15.342,0.0584686,0.334979,0.139453
15.343,-0.104611,0.402552,0.0930188
15.344,-0.473263,0.329067,-0.0387661
15.345,-0.0308,-0.486267,0.0630451
15.346,0.0646512,-0.192393,0.276868
15.347,0.0112179,0.462031,0.172386
15.348,-0.136303,0.335752,0.0461836
15.349,-0.420479,-0.160497,-0.241292
15.35,-0.00195353,-0.573955,0.229707
15.351,0.0562147,-0.064107,0.210341
15.352,-0.0463209,0.526007,0.184007
15.353,-0.204363,0.311265,0.0116949
15.354,-0.473005,-0.494056,-0.301269
15.355,0.0696453,-0.310325,0.155807
15.356,0.0685191,0.129684,0.140258
15.357,-0.123554,0.647002,0.241894
15.358,-0.193262,0.118417,-0.0712863
15.359,-0.288581,-0.851406,-0.0335508
15.36,0.0974384,-0.209813,0.204017
15.361,0.040986,0.18913,0.109681
15.362,-0.200512,0.680899,0.250479
15.363,-0.292017,-0.0173709,-0.154789
15.364,-0.271231,-1.06093,0.256851
15.365,0.109366,-0.0137233,0.133347
15.366,0.00998692,0.338155,0.119516
15.367,-0.295288,0.722589,0.268127
15.368,-0.157934,-0.247712,-0.127228
15.369,-0.0794787,-0.79775,0.430167
15.37,0.104375,0.114293,0.151087
15.371,-0.0201707,0.302099,0.0843506
15.372,-0.346887,0.571191,0.144449
15.373,-0.186635,-0.510318,-0.110896
15.374,-0.044226,-0.661373,0.519383
15.375,0.0813782,0.262136,0.132956
15.376,-0.0953599,0.478658,0.139988
15.377,-0.455566,0.519391,0.0916136
15.378,-0.0700875,-0.495648,0.00957169
15.379,0.0331249,-0.354191,0.370664
15.38,0.0417484,0.389769,0.15693
15.381,-0.0994245,0.321682,0.0528615
15.382,-0.420982,0.0629381,-0.166129
15.383,-0.0319433,-0.589422,0.152144
15.384,0.049599,-0.164437,0.26935
15.385,-0.0113615,0.483684,0.172978
15.386,-0.173753,0.356065,0.0447703
15.387,-0.503048,-0.202251,-0.279929
15.388,0.0452483,-0.375816,0.138927
15.389,0.0799764,0.0676015,0.162088
15.39,-0.0776398,0.595884,0.219455
15.391,-0.16195,0.175109,-0.0372028
15.392,-0.347536,-0.694946,-0.182632
15.393,0.0748613,-0.336281,0.240707
15.394,0.0512156,0.120425,0.125518
15.395,-0.145174,0.628744,0.223566
15.396,-0.263299,0.113833,-0.0980764
15.397,-0.352802,-0.992625,0.0106903
15.398,0.105274,-0.112056,0.147781
15.399,0.0332717,0.249065,0.110269
15.4,-0.236344,0.708475,0.265646
15.401,-0.172729,-0.136204,-0.127977
15.402,-0.145801,-0.907791,0.344546
15.403,0.10942,0.014099,0.168199
15.404,0.00179499,0.271183,0.0886917
15.405,-0.308238,0.651336,0.210228
15.406,-0.192474,-0.358512,-0.145817
15.407,-0.0988459,-0.831724,0.531307
15.408,0.097914,0.17881,0.129232
15.409,-0.0603797,0.456827,0.140349
15.41,-0.411616,0.629224,0.17964
15.411,-0.100843,-0.441349,-0.0504249
15.412,0.0172106,-0.476862,0.411096
15.413,0.0690676,0.316886,0.143177
15.414,-0.0784517,0.348834,0.0750848
15.415,-0.448307,0.361532,-0.0143446
15.416,-0.110497,-0.702919,0.102974
15.417,0.0292251,-0.30484,0.356251
15.418,0.023046,0.415296,0.153113
15.419,-0.171211,0.463675,0.107865
15.42,-0.488375,0.0489426,-0.189388
15.421,0.014784,-0.431475,0.110396
15.422,0.073002,-0.0543599,0.208827
15.423,-0.036132,0.544661,0.199869
15.424,-0.161501,0.270645,0.00513485
15.425,-0.401577,-0.463687,-0.265809
15.426,0.040835,-0.469829,0.267739
15.427,0.0604654,0.0568381,0.153008
15.428,-0.101866,0.606823,0.219189
15.429,-0.222576,0.195672,-0.0499916
15.43,-0.420109,-0.815343,-0.189432
15.431,0.0937895,-0.207077,0.160244
15.432,0.0501981,0.199041,0.119581
15.433,-0.185676,0.692379,0.26215
15.434,-0.197175,-0.0172823,-0.116183
15.435,-0.20823,-0.933683,0.19253
15.436,0.108141,-0.0854293,0.187721
15.437,0.0211053,0.262285,0.10253
15.438,-0.249087,0.63704,0.208792
15.439,-0.25196,-0.233421,-0.181397
15.44,-0.178184,-0.993515,0.474647
15.441,0.106732,0.0941021,0.128196
15.442,-0.0177948,0.349187,0.106331
15.443,-0.352399,0.666341,0.215913
15.444,-0.124081,-0.360173,-0.0929971
15.445,-0.0253957,-0.639959,0.462734
15.446,0.0888245,0.237489,0.135276
15.447,-0.0564936,0.357932,0.0896178
15.448,-0.384718,0.415559,0.031086
15.449,-0.134005,-0.619554,-0.00308104
15.45,0.00629439,-0.444714,0.433095
15.451,0.0511867,0.355662,0.142955
15.452,-0.11315,0.400883,0.0890524
15.453,-0.479911,0.273517,-0.0732011
15.454,-0.0211766,-0.484463,0.0786706
15.455,0.0643374,-0.166872,0.265528
15.456,0.00100635,0.483941,0.179725
15.457,-0.126867,0.286199,0.0250377
15.458,-0.417223,-0.224987,-0.254335
15.459,0.00755257,-0.556454,0.2424
15.46,0.0600983,-0.0318588,0.19399
15.461,-0.0600074,0.566972,0.205311
15.462,-0.246364,0.357156,0.0251467
15.463,-0.466468,-0.566248,-0.2927
15.464,0.0755143,-0.278026,0.147996
15.465,0.0644418,0.144904,0.134739
15.466,-0.137993,0.66191,0.249287
15.467,-0.193955,0.0888512,-0.0822615
15.468,-0.277096,-0.886498,0.0121436
15.469,0.0962064,-0.20265,0.223123
15.47,0.0355782,0.188397,0.103645
15.471,-0.209626,0.666204,0.237677
15.472,-0.216693,-0.092912,-0.142837
15.473,-0.231666,-1.03007,0.310745
15.474,0.109118,0.00978412,0.130202
15.475,0.00169243,0.369892,0.127335
15.476,-0.302487,0.700631,0.249606
15.477,-0.146896,-0.270488,-0.119495
15.478,-0.0826572,-0.803397,0.470565
15.479,0.103233,0.1535,0.135878
15.48,-0.031051,0.341273,0.0949417
15.481,-0.349297,0.521137,0.108231
15.482,-0.162811,-0.522974,-0.0841686
15.483,-0.0321337,-0.612131,0.507569
15.484,0.0741977,0.282319,0.132082
15.485,-0.0817316,0.393651,0.0969328
15.486,-0.45171,0.442809,0.0383239
15.487,-0.0514895,-0.47106,0.0220882
15.488,0.056744,-0.272441,0.314894
15.489,0.0332767,0.417436,0.162892
15.49,-0.110403,0.328953,0.0521583
15.491,-0.46721,0.0828557,-0.169227
15.492,-0.0428092,-0.658267,0.216059
15.493,0.0513011,-0.135791,0.252192
15.494,-0.020641,0.489487,0.172201
15.495,-0.188704,0.356863,0.0407431
15.496,-0.489785,-0.298973,-0.295209
15.497,0.0510063,-0.384059,0.164627
15.498,0.0752922,0.0817136,0.155672
15.499,-0.0931931,0.622064,0.232372
15.5,-0.170225,0.15893,-0.0468628
15.501,-0.355744,-0.752578,-0.164739
15.502,0.0871836,-0.2696,0.197774
15.503,0.0489747,0.141828,0.119839
15.504,-0.163248,0.656663,0.239776
15.505,-0.253319,0.0614186,-0.114417
15.506,-0.314457,-1.01385,0.0932519
15.507,0.108527,-0.0890846,0.152505
15.508,0.0265349,0.325524,0.126308
15.509,-0.258391,0.728171,0.277813
15.51,-0.172302,-0.172453,-0.132011
15.511,-0.146942,-0.924774,0.397571
15.512,0.111256,0.0629396,0.143058
15.513,-0.00663274,0.308605,0.096293
15.514,-0.314206,0.610681,0.17856
15.515,-0.229323,-0.437851,-0.162048
15.516,-0.0814204,-0.783712,0.534656
15.517,0.0937944,0.203301,0.129664
15.518,-0.0704224,0.465056,0.141069
15.519,-0.425019,0.602007,0.157032
15.52,-0.0908752,-0.455918,-0.0342493
15.521,0.0281823,-0.428091,0.389791
15.522,0.0620406,0.340445,0.147217
15.523,-0.0796591,0.324499,0.0625552
15.524,-0.442706,0.275975,-0.0648005
15.525,-0.0585671,-0.587774,0.0918307
15.526,0.0382636,-0.259063,0.326764
15.527,0.0143727,0.44001,0.161396
15.528,-0.145587,0.367081,0.0596096
15.529,-0.489367,-0.0263368,-0.220297
15.53,0.0239048,-0.418213,0.120441
15.531,0.077555,-0.0138016,0.191108
15.532,-0.0481774,0.564262,0.207956
15.533,-0.148995,0.220589,-0.0131704
15.534,-0.416034,-0.519183,-0.269775
15.535,0.0640496,-0.366998,0.200004
15.536,0.060535,0.085981,0.143387
15.537,-0.111634,0.595043,0.208421
15.538,-0.236726,0.173708,-0.0642954
15.539,-0.383929,-0.882425,-0.117548
15.54,0.0987167,-0.184078,0.165523
15.541,0.0478329,0.265678,0.125974
15.542,-0.205475,0.709259,0.27146
15.543,-0.172611,-0.0632426,-0.115379
15.544,-0.196104,-0.947878,0.249308
15.545,0.110647,-0.0468857,0.175491
15.546,0.0148377,0.252169,0.0940433
15.547,-0.263425,0.632861,0.203236
15.548,-0.25585,-0.282132,-0.186873
15.549,-0.145387,-0.935607,0.493666
15.55,0.105753,0.118514,0.130826
15.551,-0.0371111,0.432483,0.137111
15.552,-0.377883,0.680577,0.224112
15.553,-0.130657,-0.409481,-0.088557
15.554,-0.0248172,-0.622812,0.477447
15.555,0.0833243,0.256296,0.142719
15.556,-0.0640268,0.362032,0.088133
15.557,-0.391758,0.375331,0.00428736
15.558,-0.110018,-0.603775,0.0196228
15.559,0.0153625,-0.399009,0.408307
15.56,0.0436082,0.376812,0.147376
15.561,-0.127847,0.416309,0.0927208
15.562,-0.498811,0.240682,-0.0955168
15.563,-0.00797281,-0.458745,0.0847074
15.564,0.0727906,-0.118774,0.239253
15.565,-0.00952689,0.503207,0.185934
15.566,-0.131589,0.271756,0.0164542
15.567,-0.432268,-0.276006,-0.26914
15.568,0.0317486,-0.469885,0.201418
15.569,0.0574785,-0.012534,0.182257
15.57,-0.0689228,0.554493,0.194164
15.571,-0.232344,0.294521,-0.00518046
15.572,-0.453738,-0.644997,-0.272465
15.573,0.0811499,-0.254108,0.14817
15.574,0.0613209,0.166567,0.130053
15.575,-0.151792,0.671866,0.253523
15.576,-0.199425,0.0620864,-0.0935673
15.577,-0.252515,-0.906625,0.0699955
15.578,0.103759,-0.15312,0.198201
15.579,0.0313155,0.202623,0.100321
15.58,-0.225795,0.674781,0.241279
15.581,-0.224694,-0.13178,-0.154044
15.582,-0.220226,-1.03439,0.366192
15.583,0.110671,0.0322327,0.135196
15.584,-0.00472651,0.368762,0.122969
15.585,-0.326027,0.719963,0.262052
15.586,-0.157893,-0.316391,-0.124813
15.587,-0.0756311,-0.782731,0.49062
15.588,0.099451,0.171614,0.143608
15.589,-0.036219,0.337703,0.0903719
15.59,-0.380205,0.557028,0.129217
15.591,-0.149608,-0.536584,-0.0653036
15.592,-0.0258897,-0.579321,0.500476
15.593,0.0680997,0.29667,0.131446
15.594,-0.111324,0.475101,0.132528
15.595,-0.457788,0.405144,0.0122049
15.596,-0.0429328,-0.470038,0.0338875
15.597,0.0532526,-0.259594,0.314419
15.598,0.0256106,0.433706,0.165452
15.599,-0.114144,0.318093,0.0453261
15.6,-0.447576,-0.0100706,-0.202616
15.601,-0.00270129,-0.525494,0.156516
15.602,0.060705,-0.0947087,0.228739
15.603,-0.0296914,0.503208,0.176556
15.604,-0.197036,0.346701,0.0327583
15.605,-0.479499,-0.375153,-0.300694
15.606,0.0571737,-0.371944,0.17383
15.607,0.0769575,0.119331,0.147885
15.608,-0.105627,0.63503,0.238153
15.609,-0.16805,0.130775,-0.0568198
15.61,-0.318633,-0.79527,-0.106806
15.611,0.0851286,-0.280484,0.238499
15.612,0.0477742,0.169944,0.116684
15.613,-0.170648,0.635977,0.223081
15.614,-0.290395,0.0537652,-0.130209
15.615,-0.307777,-1.04823,0.152133
15.616,0.109333,-0.0572269,0.143003
15.617,0.021342,0.288582,0.110431
15.618,-0.270012,0.719368,0.269093
15.619,-0.186768,-0.209335,-0.143509
15.62,-0.0987046,-0.834852,0.397249
15.621,0.109688,0.0875614,0.146284
15.622,-0.0129355,0.310755,0.0928126
15.623,-0.343315,0.643266,0.199101
15.624,-0.236403,-0.497502,-0.155777
15.625,-0.0724789,-0.747147,0.548516
15.626,0.0870267,0.228503,0.127374
15.627,-0.0617402,0.385964,0.101393
15.628,-0.427458,0.537345,0.108352
15.629,-0.0770238,-0.461477,-0.0158081
15.63,0.048299,-0.352868,0.345121
15.631,0.0529529,0.367461,0.152097
15.632,-0.0916653,0.333375,0.0617971
15.633,-0.43567,0.182274,-0.114109
15.634,-0.0496561,-0.601842,0.123597
15.635,0.0427401,-0.217709,0.302094
15.636,0.00337758,0.450577,0.161245
15.637,-0.188689,0.436198,0.0864411
15.638,-0.490233,-0.108976,-0.249411
15.639,0.0322726,-0.412623,0.136409
15.64,0.0771488,0.0144659,0.179438
15.641,-0.0609005,0.580593,0.214139
15.642,-0.161872,0.215053,-0.0203857
15.643,-0.40988,-0.588062,-0.25665
15.644,0.0692974,-0.355341,0.216115
15.645,0.0540397,0.0899082,0.135823
15.646,-0.123754,0.60491,0.21203
15.647,-0.247607,0.151996,-0.0771733
15.648,-0.365387,-0.928228,-0.0637845
15.649,0.102083,-0.157691,0.161841
15.65,0.0424755,0.283835,0.125816
15.651,-0.220714,0.718595,0.276123
15.652,-0.183154,-0.092547,-0.126416
15.653,-0.214779,-1.00033,0.29982
15.654,0.109321,-0.0236766,0.176532
15.655,0.00892915,0.258529,0.0906087
15.656,-0.289776,0.660111,0.219701
15.657,-0.196477,-0.307947,-0.15162
15.658,-0.113746,-0.870666,0.50651
15.659,0.0989846,0.146366,0.121483
15.66,-0.0440548,0.420566,0.127585
15.661,-0.394076,0.65828,0.204494
15.662,-0.113876,-0.421274,-0.0698442
15.663,-0.00386629,-0.552975,0.447657
15.664,0.0772463,0.288134,0.140272
15.665,-0.0671083,0.340092,0.0758221
15.666,-0.425744,0.390942,0.00815328
15.667,-0.0874172,-0.584377,0.0397272
15.668,0.0241832,-0.353031,0.381752
15.669,0.0354702,0.399857,0.153285
15.67,-0.160192,0.477348,0.119319
15.671,-0.49744,0.162763,-0.137382
15.672,-0.0051099,-0.49055,0.115623
15.673,0.0745608,-0.0877056,0.224378
15.674,-0.0202414,0.520638,0.191547
15.675,-0.143687,0.272715,0.0124319
15.676,-0.443182,-0.328275,-0.280651
15.677,0.0398984,-0.45244,0.211863
15.678,0.0569946,0.0103944,0.170248
15.679,-0.0823414,0.577115,0.204743
15.68,-0.232642,0.260678,-0.0224855
15.681,-0.428126,-0.721767,-0.234267
15.682,0.0866944,-0.255877,0.173131
15.683,0.0609953,0.21579,0.129883
15.684,-0.167163,0.686726,0.261509
15.685,-0.175796,0.0146558,-0.0979575
15.686,-0.23329,-0.91901,0.118589
15.687,0.1077,-0.116999,0.183119
15.688,0.0279728,0.233819,0.102073
15.689,-0.241751,0.685051,0.246458
15.69,-0.270251,-0.164939,-0.181351
15.691,-0.190007,-0.999084,0.405079
15.692,0.107573,0.0579528,0.126039
15.693,-0.0148213,0.402184,0.132811
15.694,-0.340273,0.710852,0.252929
15.695,-0.141222,-0.331334,-0.110974
15.696,-0.0396129,-0.69253,0.455556
15.697,0.0963476,0.196345,0.141456
15.698,-0.0383286,0.316185,0.079316
15.699,-0.389341,0.526144,0.105587
15.7,-0.130403,-0.538001,-0.0436925
15.701,-0.00718676,-0.517106,0.464475
15.702,0.0636249,0.324196,0.139519
15.703,-0.124287,0.487479,0.135977
15.704,-0.48313,0.393699,0.000809532
15.705,-0.0409968,-0.505502,0.0589418
15.706,0.052291,-0.236596,0.305737
15.707,0.0169478,0.445863,0.169076
15.708,-0.116005,0.296744,0.0342182
15.709,-0.453098,-0.0759081,-0.227513
15.71,0.00853997,-0.51016,0.171519
15.711,0.0626213,-0.0620951,0.211179
15.712,-0.0415411,0.520234,0.182235
15.713,-0.210986,0.338657,0.0243801
15.714,-0.470107,-0.463514,-0.300369
15.715,0.0653249,-0.345181,0.175652
15.716,0.0738967,0.144131,0.142004
15.717,-0.120049,0.64895,0.244352
15.718,-0.168447,0.102414,-0.0672113
15.719,-0.334843,-0.858226,-0.0824768
15.72,0.0976911,-0.205944,0.186823
15.721,0.0427318,0.182551,0.111296
15.722,-0.194075,0.677445,0.24907
15.723,-0.290589,0.00194822,-0.148145
15.724,-0.282606,-1.06068,0.227211
15.725,0.110283,-0.0272681,0.139244
15.726,0.0144194,0.301071,0.109065
15.727,-0.284643,0.71029,0.259768
15.728,-0.16257,-0.238204,-0.130102
15.729,-0.103312,-0.849451,0.446545
15.73,0.107044,0.118052,0.136396
15.731,-0.0208227,0.326979,0.0946039
15.732,-0.340288,0.573122,0.14686
15.733,-0.211725,-0.523525,-0.128827
15.734,-0.0429824,-0.66724,0.510247
15.735,0.0806405,0.244638,0.1246
15.736,-0.0771942,0.41969,0.11287
15.737,-0.446322,0.521736,0.0945103
15.738,-0.0752344,-0.494282,0.0020028
15.739,0.0303757,-0.371652,0.379215
15.74,0.0453729,0.379366,0.154964
15.741,-0.0947996,0.317963,0.0529286
15.742,-0.449759,0.141941,-0.1374
15.743,-0.0277097,-0.55579,0.126019
15.744,0.0550632,-0.164095,0.267853
15.745,-0.00759325,0.469205,0.166339
15.746,-0.191012,0.404006,0.0667459
15.747,-0.505165,-0.175984,-0.273774
15.748,0.0423502,-0.388575,0.142153
15.749,0.0790239,0.0544559,0.16575
15.75,-0.0740146,0.593809,0.219151
15.751,-0.178476,0.210364,-0.0284439
15.752,-0.357784,-0.675457,-0.197903
15.753,0.0672708,-0.368323,0.263454
15.754,0.0506847,0.109682,0.1271
15.755,-0.143711,0.634663,0.228144
15.756,-0.220198,0.0798693,-0.0955917
15.757,-0.329144,-0.967586,0.0182013
15.758,0.103519,-0.109364,0.139362
15.759,0.0348005,0.289765,0.121446
15.76,-0.237617,0.721476,0.275664
15.761,-0.167244,-0.128317,-0.123887
15.762,-0.168413,-0.946833,0.348223
15.763,0.112315,0.028938,0.144883
15.764,0.00138962,0.296796,0.0975806
15.765,-0.296103,0.62139,0.189365
15.766,-0.256965,-0.392157,-0.186045
15.767,-0.112715,-0.861987,0.546753
15.768,0.097001,0.173621,0.125374
15.769,-0.0430675,0.375327,0.104854
15.77,-0.396892,0.602293,0.160714
15.771,-0.0964875,-0.424068,-0.0516046
15.772,0.0124528,-0.490458,0.420884
15.773,0.0695602,0.31326,0.141549
15.774,-0.0809755,0.360667,0.0800009
15.775,-0.416393,0.289003,-0.0521459
15.776,-0.110924,-0.699629,0.0987397
15.777,0.0305976,-0.305704,0.355442
15.778,0.0244593,0.412394,0.152449
15.779,-0.168951,0.462914,0.108011
15.78,-0.486857,0.0584299,-0.184871
15.781,0.0132213,-0.435028,0.109767
15.782,0.0769231,-0.047882,0.205935
15.783,-0.0343405,0.544201,0.200416
15.784,-0.143409,0.240082,-0.00246691
15.785,-0.423918,-0.435284,-0.277953
15.786,0.0551563,-0.394006,0.194305
15.787,0.0614665,0.0572961,0.153688
15.788,-0.0980048,0.589494,0.208423
15.789,-0.266324,0.263688,-0.0306007
15.79,-0.409742,-0.807761,-0.184441
15.791,0.0931701,-0.218204,0.167564
15.792,0.0550228,0.242248,0.127755
15.793,-0.186955,0.702259,0.26941
15.794,-0.188113,-0.0191597,-0.112577
15.795,-0.262232,-1.00023,0.173778
15.796,0.106544,-0.093184,0.193879
15.797,0.0205715,0.233009,0.0945688
15.798,-0.258895,0.673407,0.234709
15.799,-0.214341,-0.224801,-0.160355
15.8,-0.166434,-0.971323,0.462883
15.801,0.108067,0.0920552,0.132207
15.802,-0.0276947,0.421454,0.135845
15.803,-0.362451,0.695298,0.237727
15.804,-0.13517,-0.376977,-0.0993346
15.805,-0.0424872,-0.680735,0.493909
15.806,0.0882463,0.228006,0.142823
15.807,-0.0496642,0.323887,0.0766533
15.808,-0.393823,0.440741,0.0460196
15.809,-0.14113,-0.631265,-0.00495353
15.81,0.00046289,-0.459894,0.44557
15.811,0.0517264,0.354649,0.142925
15.812,-0.114472,0.406912,0.0919371
15.813,-0.48879,0.297551,-0.0605698
15.814,-0.0235119,-0.491105,0.0792285
15.815,0.0583469,-0.183874,0.276843
15.816,0.00263796,0.473971,0.176554
15.817,-0.125892,0.284274,0.0244921
15.818,-0.430209,-0.209051,-0.256026
15.819,0.00966497,-0.547348,0.2344
15.82,0.0560662,-0.0423031,0.197752
15.821,-0.058991,0.556589,0.198876
15.822,-0.193017,0.263036,-0.00906185
15.823,-0.444765,-0.577857,-0.279069
15.824,0.0756967,-0.277515,0.148191
15.825,0.0648785,0.148367,0.134698
15.826,-0.137698,0.659272,0.247411
15.827,-0.195091,0.0885141,-0.0828292
15.828,-0.271118,-0.883675,0.0179454
15.829,0.100369,-0.184202,0.204878
15.83,0.0354021,0.188745,0.103471
15.831,-0.21107,0.669688,0.24004
15.832,-0.21946,-0.0941066,-0.144382
15.833,-0.226647,-1.02316,0.311861
15.834,0.108387,0.0122543,0.127793
15.835,0.0018444,0.359781,0.123075
15.836,-0.311804,0.723184,0.266457
15.837,-0.15032,-0.275944,-0.121694
15.838,-0.0567079,-0.744386,0.431412
15.839,0.103352,0.153944,0.139615
15.84,-0.0281802,0.317865,0.0860548
15.841,-0.361666,0.555873,0.131084
15.842,-0.153683,-0.504427,-0.081976
15.843,-0.0353291,-0.620816,0.513303
15.844,0.0733563,0.274684,0.127819
15.845,-0.100243,0.465263,0.130355
15.846,-0.452378,0.453499,0.0455266
15.847,-0.0582081,-0.490107,0.0230097
15.848,0.0453521,-0.304158,0.339251
15.849,0.0346978,0.41445,0.161931
15.85,-0.112125,0.338064,0.0560998
15.851,-0.466534,0.091205,-0.165275
15.852,-0.0439727,-0.658294,0.212013
15.853,0.052629,-0.136881,0.252796
15.854,-0.0200334,0.50195,0.179924
15.855,-0.172649,0.329196,0.0307754
15.856,-0.475146,-0.300784,-0.289889
15.857,0.0523586,-0.356228,0.142014
15.858,0.0764981,0.0828671,0.156036
15.859,-0.091058,0.6184,0.230606
15.86,-0.162875,0.153647,-0.046072
15.861,-0.364956,-0.746307,-0.17552
15.862,0.0873152,-0.264441,0.188932
15.863,0.0510959,0.150832,0.121271
15.864,-0.158019,0.634704,0.224916
15.865,-0.275966,0.085707,-0.113353
15.866,-0.30668,-1.00128,0.0907538
15.867,0.105609,-0.0796568,0.135626
15.868,0.0276763,0.285376,0.114583
15.869,-0.255335,0.72221,0.273486
15.87,-0.175857,-0.169301,-0.133713
15.871,-0.164395,-0.956214,0.40315
15.872,0.108625,0.0440698,0.16247
15.873,-0.00454613,0.282423,0.0876983
15.874,-0.315042,0.615445,0.181994
15.875,-0.212458,-0.422235,-0.152233
15.876,-0.0838586,-0.788684,0.539295
15.877,0.0936451,0.20318,0.129289
15.878,-0.0696679,0.46198,0.139593
15.879,-0.424122,0.602176,0.15727
15.88,-0.0885096,-0.447366,-0.0348916
15.881,0.0386841,-0.403726,0.366659
15.882,0.061969,0.341071,0.147844
15.883,-0.0830538,0.336,0.0667133
15.884,-0.428849,0.246758,-0.0784484
15.885,-0.0697152,-0.623976,0.103681
15.886,0.0414218,-0.253081,0.321585
15.887,0.014333,0.4457,0.164597
15.888,-0.183112,0.460871,0.102964
15.889,-0.497782,-0.0122586,-0.217087
15.89,0.0168415,-0.468261,0.148421
15.891,0.0828697,0.00210502,0.185433
15.892,-0.0482362,0.564474,0.208425
15.893,-0.149168,0.220765,-0.0131593
15.894,-0.412364,-0.521746,-0.267462
15.895,0.0646109,-0.362224,0.195478
15.896,0.0598007,0.0838158,0.143348
15.897,-0.112595,0.600734,0.212067
15.898,-0.27754,0.231841,-0.0496938
15.899,-0.398535,-0.883338,-0.131488
15.9,0.0976421,-0.170521,0.149542
15.901,0.0474234,0.24609,0.122153
15.902,-0.204471,0.711134,0.273057
15.903,-0.179878,-0.0589707,-0.118063
15.904,-0.21042,-0.966662,0.243796
15.905,0.112268,-0.0340496,0.154486
15.906,0.014995,0.275678,0.101192
15.907,-0.263225,0.630532,0.201533
15.908,-0.239802,-0.281017,-0.177834
15.909,-0.148887,-0.942651,0.501827
15.91,0.10407,0.119816,0.126266
15.911,-0.0253726,0.356852,0.105411
15.912,-0.368149,0.652597,0.203144
15.913,-0.11696,-0.384595,-0.0819621
15.914,-0.00273277,-0.570393,0.432638
15.915,0.0833548,0.255551,0.14275
15.916,-0.0629175,0.357256,0.0862509
15.917,-0.400846,0.399293,0.0177872
15.918,-0.137873,-0.666536,0.0245163
15.919,0.0215106,-0.390772,0.397224
15.92,0.0433378,0.363634,0.14053
15.921,-0.128848,0.420795,0.094953
15.922,-0.494612,0.235026,-0.0979261
15.923,-0.0128966,-0.483919,0.0939302
15.924,0.0618093,-0.148471,0.257509
15.925,-0.00797778,0.493397,0.18229
15.926,-0.13187,0.272121,0.0165191
15.927,-0.42737,-0.282029,-0.268068
15.928,0.0257459,-0.500363,0.225762
15.929,0.0611871,-0.00207224,0.179275
15.93,-0.0729375,0.581779,0.210814
15.931,-0.256646,0.335629,0.0103987
15.932,-0.454997,-0.651175,-0.271897
15.933,0.0820945,-0.260633,0.156999
15.934,0.0608266,0.16636,0.129631
15.935,-0.153277,0.67475,0.255352
15.936,-0.191153,0.0532863,-0.09304
15.937,-0.289958,-0.942531,0.0497101
15.938,0.106236,-0.135481,0.175947
15.939,0.031989,0.2115,0.102253
15.94,-0.223567,0.668966,0.237249
15.941,-0.214364,-0.130307,-0.148724
15.942,-0.210529,-1.01814,0.361812
15.943,0.108696,0.0343634,0.128282
15.944,-0.00586408,0.380841,0.127743
15.945,-0.31653,0.693311,0.241896
15.946,-0.141838,-0.29854,-0.114458
15.947,-0.0563523,-0.738971,0.460236
15.948,0.100225,0.176676,0.138791
15.949,-0.0344661,0.324407,0.0852592
15.95,-0.37663,0.545641,0.121462
15.951,-0.134275,-0.506322,-0.0615635
15.952,-0.0132828,-0.552036,0.474508
15.953,0.06736,0.295688,0.130247
15.954,-0.110345,0.46884,0.129094
15.955,-0.460192,0.405635,0.0121571
15.956,-0.0443898,-0.478544,0.0365946
15.957,0.068079,-0.223943,0.285696
15.958,0.0252554,0.43584,0.166756
15.959,-0.11395,0.315885,0.0443105
15.96,-0.438752,-0.0292227,-0.207138
15.961,-0.0150451,-0.582511,0.192587
15.962,0.0573244,-0.100943,0.231955
15.963,-0.0315409,0.526823,0.190315
15.964,-0.228384,0.411938,0.0616567
15.965,-0.493414,-0.361511,-0.305109
15.966,0.0591816,-0.350282,0.157801
15.967,0.0666354,0.0750991,0.1518
15.968,-0.102853,0.622546,0.230326
15.969,-0.166459,0.127501,-0.0573943
15.97,-0.342811,-0.807237,-0.123852
15.971,0.0932201,-0.232348,0.186391
15.972,0.0478222,0.174838,0.116665
15.973,-0.171248,0.631338,0.219596
15.974,-0.252296,0.0138183,-0.130027
15.975,-0.287431,-1.03283,0.170253
15.976,0.110103,-0.0558748,0.146411
15.977,0.0186034,0.340572,0.126246
15.978,-0.272278,0.719049,0.268512
15.979,-0.18647,-0.214919,-0.143717
15.98,-0.0965607,-0.831204,0.401357
15.981,0.109204,0.0900605,0.147908
15.982,-0.0134712,0.307883,0.0912623
15.983,-0.346104,0.644427,0.199623
15.984,-0.233847,-0.502658,-0.152571
15.985,-0.0706229,-0.740925,0.548019
15.986,0.0866904,0.232586,0.128476
15.987,-0.0649805,0.395612,0.105
15.988,-0.430287,0.537096,0.107796
15.989,-0.0821706,-0.481447,-0.0130969
15.99,0.0232343,-0.409199,0.398305
15.991,0.0519829,0.361535,0.152103
15.992,-0.0889608,0.320972,0.0568299
15.993,-0.449594,0.199263,-0.108359
15.994,-0.0417535,-0.579874,0.118684
15.995,0.0449179,-0.208383,0.295947
15.996,0.00135528,0.464428,0.168059
15.997,-0.15549,0.352135,0.0483694
15.998,-0.488906,-0.128706,-0.25513
15.999,0.0348239,-0.403738,0.135242
16,0.0818756,0.0371124,0.172522
16.001,-0.0633788,0.582052,0.214754
16.002,-0.176483,0.233147,-0.017554
16.003,-0.360976,-0.623614,-0.216278
16.004,0.0715665,-0.346584,0.216778
16.005,0.0539018,0.098837,0.133247
16.006,-0.130513,0.620167,0.220998
16.007,-0.249172,0.142921,-0.0814991
16.008,-0.360734,-0.941226,-0.0475086
16.009,0.10301,-0.150165,0.16115
16.01,0.0407172,0.287278,0.12533
16.011,-0.223533,0.71596,0.273601
16.012,-0.173652,-0.100286,-0.122927
16.013,-0.158895,-0.911938,0.297657
16.014,0.112606,-0.00294052,0.159514
16.015,0.00729188,0.279942,0.096201
16.016,-0.297324,0.676414,0.231219
16.017,-0.261559,-0.348796,-0.190965
16.018,-0.12532,-0.893714,0.529528
16.019,0.099355,0.149532,0.123028
16.02,-0.047568,0.437319,0.134972
16.021,-0.385148,0.630239,0.183627
16.022,-0.108614,-0.412583,-0.0671895
16.023,0.017701,-0.499914,0.401983
16.024,0.0766771,0.291286,0.141963
16.025,-0.0673254,0.336818,0.0741221
16.026,-0.413815,0.353176,-0.0134787
16.027,-0.10354,-0.63541,0.0530814
16.028,0.026257,-0.345046,0.376362
16.029,0.0343546,0.404228,0.154842
16.03,-0.162538,0.478224,0.119221
16.031,-0.50166,0.15746,-0.140978
16.032,0.00265131,-0.452584,0.101025
16.033,0.0819202,-0.0633706,0.212019
16.034,-0.0227058,0.5267,0.194487
16.035,-0.150054,0.279726,0.0134871
16.036,-0.453482,-0.334457,-0.28567
16.037,0.0269923,-0.513957,0.273332
16.038,0.056826,0.0173158,0.166769
16.039,-0.0864498,0.583469,0.207743
16.04,-0.217567,0.226907,-0.0341191
16.041,-0.438636,-0.738644,-0.235994
16.042,0.0885048,-0.237226,0.162802
16.043,0.0547336,0.178676,0.123555
16.044,-0.169525,0.683356,0.258517
16.045,-0.1997,0.0213503,-0.106475
16.046,-0.225987,-0.922004,0.136719
16.047,0.10886,-0.103817,0.177764
16.048,0.0260872,0.235313,0.100537
16.049,-0.248734,0.692839,0.251366
16.05,-0.280835,-0.180288,-0.188796
16.051,-0.194979,-1.01354,0.431037
16.052,0.107016,0.067182,0.125306
16.053,-0.0182481,0.408346,0.134019
16.054,-0.346663,0.708353,0.250135
16.055,-0.147406,-0.354776,-0.112833
16.056,-0.0564475,-0.726652,0.496292
16.057,0.093294,0.202635,0.143273
16.058,-0.0425988,0.32286,0.0799697
16.059,-0.373514,0.455721,0.0594174
16.06,-0.14388,-0.589335,-0.033456
16.061,-0.00112302,-0.490659,0.451899
16.062,0.0597782,0.335015,0.140803
16.063,-0.125883,0.475546,0.128194
16.064,-0.46854,0.328474,-0.0383271
16.065,-0.0284604,-0.47067,0.0567955
16.066,0.0667878,-0.188584,0.273646
16.067,0.0117234,0.464303,0.174445
16.068,-0.124096,0.306065,0.0356596
16.069,-0.447291,-0.112684,-0.237253
16.07,0.0139185,-0.495996,0.171048
16.071,0.0619956,-0.0529709,0.206087
16.072,-0.0461758,0.529828,0.186444
16.073,-0.240613,0.385209,0.0427806
16.074,-0.480041,-0.481746,-0.304977
16.075,0.0693461,-0.310727,0.155129
16.076,0.0695488,0.133067,0.140501
16.077,-0.12383,0.651503,0.245109
16.078,-0.173463,0.0997302,-0.0702091
16.079,-0.291382,-0.846517,-0.0408876
16.08,0.0965888,-0.215601,0.206275
16.081,0.0413559,0.184852,0.109877
16.082,-0.198777,0.682274,0.251848
16.083,-0.287835,-0.0140763,-0.152214
16.084,-0.270685,-1.05454,0.246028
16.085,0.10874,-0.0185615,0.131876
16.086,0.00965981,0.362854,0.129246
16.087,-0.294288,0.727971,0.272611
16.088,-0.160945,-0.245458,-0.129171
16.089,-0.0964578,-0.835079,0.447646
16.09,0.106528,0.124156,0.136676
16.091,-0.0231499,0.334958,0.0967108
16.092,-0.337626,0.55076,0.131103
16.093,-0.193713,-0.516704,-0.115211
16.094,-0.0522956,-0.680415,0.533928
16.095,0.0795599,0.252863,0.126415
16.096,-0.0944299,0.479971,0.141092
16.097,-0.453758,0.522852,0.09436
16.098,-0.0675187,-0.481414,0.00559479
16.099,0.0442469,-0.332388,0.348809
16.1,0.043217,0.389824,0.15431
16.101,-0.10836,0.354598,0.0660018
16.102,-0.425221,0.0799032,-0.159983
16.103,-0.0557015,-0.666546,0.187392
16.104,0.0546763,-0.159876,0.26564
16.105,-0.00920707,0.472421,0.167424
16.106,-0.198566,0.416349,0.0719503
16.107,-0.493784,-0.201248,-0.276609
16.108,0.039668,-0.420083,0.165699
16.109,0.0812543,0.0680591,0.162481
16.11,-0.078454,0.605073,0.225132
16.111,-0.170114,0.189972,-0.0341625
16.112,-0.405869,-0.678901,-0.232179
16.113,0.0693113,-0.358942,0.261996
16.114,0.0501429,0.115555,0.125247
16.115,-0.145798,0.629606,0.224037
16.116,-0.259619,0.108332,-0.0990268
16.117,-0.350289,-0.993716,0.0153026
16.118,0.10442,-0.106762,0.141628
16.119,0.0339571,0.304647,0.125016
16.12,-0.238379,0.71621,0.271392
16.121,-0.193258,-0.135523,-0.138834
16.122,-0.136917,-0.890665,0.339036
16.123,0.112382,0.0304068,0.152782
16.124,0.000808725,0.285213,0.0928779
16.125,-0.312454,0.664822,0.220043
16.126,-0.245024,-0.397062,-0.177916
16.127,-0.0912938,-0.815805,0.519189
16.128,0.0947117,0.175413,0.121693
16.129,-0.055551,0.43184,0.128508
16.13,-0.410725,0.629257,0.179772
16.131,-0.0982236,-0.432879,-0.0505369
16.132,0.0294013,-0.448382,0.384103
16.133,0.0691495,0.318003,0.144796
16.134,-0.0758661,0.33773,0.0706963
16.135,-0.425256,0.305351,-0.0443797
16.136,-0.0744789,-0.597959,0.0714433
16.137,0.0283076,-0.308581,0.358807
16.138,0.023627,0.419485,0.155734
16.139,-0.137754,0.376156,0.0671074
16.14,-0.488377,0.0479355,-0.189825
16.141,0.0149124,-0.431279,0.110522
16.142,0.0729832,-0.0540381,0.208674
16.143,-0.036305,0.544997,0.200017
16.144,-0.16097,0.269231,0.00464468
16.145,-0.407374,-0.4602,-0.269023
16.146,0.0485352,-0.437139,0.237595
16.147,0.0582015,0.0504734,0.153458
16.148,-0.101819,0.605977,0.218617
16.149,-0.217482,0.188663,-0.0514034
16.15,-0.408856,-0.815606,-0.179775
16.151,0.093688,-0.212156,0.164358
16.152,0.0532012,0.227805,0.124556
16.153,-0.18772,0.702741,0.269635
16.154,-0.188662,-0.0205334,-0.113178
16.155,-0.259767,-0.999167,0.177478
16.156,0.106436,-0.0924223,0.194186
16.157,0.0202931,0.235103,0.0947855
16.158,-0.253821,0.653184,0.220111
16.159,-0.247513,-0.231394,-0.178879
16.16,-0.174091,-0.985807,0.470386
16.161,0.105041,0.0917131,0.123341
16.162,-0.0266452,0.416594,0.133878
16.163,-0.357891,0.687159,0.231745
16.164,-0.139293,-0.378316,-0.102538
16.165,-0.0446212,-0.687474,0.495418
16.166,0.0888505,0.225033,0.142852
16.167,-0.0486892,0.322953,0.0767309
16.168,-0.396063,0.453824,0.0543936
16.169,-0.121421,-0.581271,-0.0101466
16.17,0.000668431,-0.461725,0.445546
16.171,0.0517034,0.344863,0.138108
16.172,-0.139752,0.489878,0.132866
16.173,-0.493259,0.312839,-0.0520778
16.174,-0.021848,-0.48095,0.0749599
16.175,0.0699323,-0.15723,0.258009
16.176,0.00275104,0.481662,0.179484
16.177,-0.127888,0.29255,0.0276911
16.178,-0.420698,-0.209472,-0.252555
16.179,-0.000615809,-0.583468,0.257801
16.18,0.0581816,-0.0402857,0.197658
16.181,-0.0561728,0.547906,0.194265
16.182,-0.209665,0.298004,0.00323478
16.183,-0.463295,-0.552311,-0.292462
16.184,0.0739112,-0.302741,0.164481
16.185,0.062448,0.124756,0.136026
16.186,-0.132025,0.650103,0.242356
16.187,-0.170608,0.0731223,-0.0780058
16.188,-0.312854,-0.90346,-0.0205518
16.189,0.102303,-0.170751,0.179915
16.19,0.0385304,0.205236,0.108353
16.191,-0.204478,0.65785,0.232372
16.192,-0.237428,-0.0777178,-0.148988
16.193,-0.255311,-1.0579,0.296665
16.194,0.10842,0.00322476,0.128462
16.195,0.00477554,0.352274,0.121774
16.196,-0.307062,0.726527,0.26977
16.197,-0.165606,-0.278203,-0.132053
16.198,-0.097182,-0.835977,0.480185
16.199,0.103419,0.13885,0.146376
16.2,-0.0283983,0.336699,0.0943759
16.201,-0.348127,0.536797,0.119474
16.202,-0.203875,-0.566315,-0.107273
16.203,-0.0288621,-0.614599,0.496687
16.204,0.0749091,0.268415,0.127023
16.205,-0.0944735,0.452764,0.125052
16.206,-0.462386,0.494918,0.0731189
16.207,-0.0646996,-0.503322,0.0212735
16.208,0.0398728,-0.322531,0.352095
16.209,0.0366765,0.402284,0.159335
16.21,-0.103036,0.316929,0.0490842
16.211,-0.424052,0.0282768,-0.181162
16.212,-0.0367898,-0.62738,0.187749
16.213,0.0488734,-0.15159,0.261813
16.214,-0.0174179,0.493354,0.175926
16.215,-0.179835,0.351404,0.040399
16.216,-0.502495,-0.248525,-0.2904
16.217,0.0483477,-0.38662,0.158362
16.218,0.06964,0.0485536,0.162876
16.219,-0.0866379,0.609381,0.225803
16.22,-0.185671,0.192832,-0.0386119
16.221,-0.334888,-0.730685,-0.156725
16.222,0.0830314,-0.295891,0.21775
16.223,0.0509476,0.143256,0.121858
16.224,-0.160383,0.657127,0.240734
16.225,-0.270803,0.0878493,-0.110785
16.226,-0.323303,-1.0085,0.0720932
16.227,0.107875,-0.0971966,0.153168
16.228,0.0286539,0.322018,0.12662
16.229,-0.253952,0.727576,0.277985
16.23,-0.173986,-0.163315,-0.132013
16.231,-0.156813,-0.940119,0.390483
16.232,0.111709,0.0525676,0.149278
16.233,-0.00379198,0.289868,0.0910696
16.234,-0.317247,0.636897,0.197872
16.235,-0.178626,-0.377494,-0.133645
16.236,-0.0797609,-0.782828,0.525594
16.237,0.0917842,0.193495,0.122432
16.238,-0.0658171,0.452248,0.135571
16.239,-0.408952,0.577973,0.140816
16.24,-0.0877189,-0.436995,-0.0378573
16.241,0.0187779,-0.454693,0.409899
16.242,0.0632492,0.33587,0.145882
16.243,-0.0829923,0.341921,0.0696805
16.244,-0.44839,0.305166,-0.0488333
16.245,-0.0886362,-0.674546,0.116835
16.246,0.0405766,-0.261597,0.326388
16.247,0.0165775,0.439111,0.162212
16.248,-0.163946,0.420076,0.0837649
16.249,-0.498293,0.0056677,-0.210052
16.25,0.0145148,-0.472531,0.146445
16.251,0.0826973,-0.00487056,0.188104
16.252,-0.0452687,0.559284,0.206257
16.253,-0.151365,0.231115,-0.00943617
16.254,-0.381565,-0.520219,-0.249815
16.255,0.0567581,-0.406908,0.230635
16.256,0.0589527,0.073487,0.145805
16.257,-0.113303,0.622276,0.226868
16.258,-0.267337,0.227387,-0.0489733
16.259,-0.37917,-0.859583,-0.127632
16.26,0.0958638,-0.172796,0.144105
16.261,0.0474327,0.225439,0.11926
16.262,-0.200303,0.705506,0.269415
16.263,-0.180412,-0.0513859,-0.116664
16.264,-0.217406,-0.97035,0.231399
16.265,0.112036,-0.0401496,0.154534
16.266,0.0163172,0.268581,0.100146
16.267,-0.262363,0.640898,0.209431
16.268,-0.276245,-0.271028,-0.197174
16.269,-0.160468,-0.964478,0.501071
16.27,0.104429,0.114341,0.125951
16.271,-0.0244093,0.360063,0.107457
16.272,-0.364173,0.65512,0.205617
16.273,-0.117491,-0.377102,-0.0840455
16.274,-0.0196492,-0.6139,0.464535
16.275,0.084793,0.257357,0.137591
16.276,-0.059915,0.348522,0.0833375
16.277,-0.422667,0.4668,0.0590445
16.278,-0.148592,-0.683778,0.0220773
16.279,0.00981956,-0.416821,0.421195
16.28,0.0444818,0.362269,0.14073
16.281,-0.143577,0.469897,0.119446
16.282,-0.480545,0.22251,-0.102185
16.283,-0.00974969,-0.458628,0.0813156
16.284,0.0673079,-0.137809,0.250281
16.285,-0.00754944,0.498971,0.184275
16.286,-0.136756,0.288124,0.0222938
16.287,-0.450832,-0.237413,-0.269509
16.288,0.0275497,-0.486467,0.209343
16.289,0.0579456,-0.015889,0.18432
16.29,-0.0665764,0.551604,0.193076
16.291,-0.227887,0.293774,-0.00429205
16.292,-0.448836,-0.634966,-0.271558
16.293,0.0802155,-0.281023,0.168821
16.294,0.0636883,0.172793,0.131735
16.295,-0.149659,0.674222,0.255765
16.296,-0.173039,0.0478266,-0.0870422
16.297,-0.273354,-0.915583,0.046544
16.298,0.102986,-0.16207,0.198775
16.299,0.0328163,0.199841,0.101636
16.3,-0.214772,0.650758,0.225155
16.301,-0.284269,-0.0971007,-0.173611
16.302,-0.227336,-1.03797,0.346456
16.303,0.111202,0.0220824,0.137566
16.304,-0.00417915,0.385902,0.131023
16.305,-0.321118,0.721164,0.263639
16.306,-0.153564,-0.300339,-0.122813
16.307,-0.0813471,-0.79759,0.48883
16.308,0.100596,0.162799,0.144266
16.309,-0.0342894,0.338711,0.0919209
16.31,-0.368211,0.542326,0.120323
16.311,-0.146971,-0.516283,-0.070818
16.312,-0.0269465,-0.59024,0.500573
16.313,0.070877,0.290115,0.131602
16.314,-0.0933018,0.423083,0.108561
16.315,-0.466779,0.449159,0.0404823
16.316,-0.0502811,-0.482593,0.0301976
16.317,0.0625083,-0.249813,0.300643
16.318,0.0304557,0.415943,0.162036
16.319,-0.107154,0.309624,0.0438906
16.32,-0.438869,0.00205383,-0.195551
16.321,-0.0208069,-0.591004,0.185944
16.322,0.05625,-0.115288,0.240154
16.323,-0.0264327,0.51906,0.187629
16.324,-0.224215,0.419588,0.0672904
16.325,-0.496969,-0.322066,-0.301506
16.326,0.0555375,-0.36328,0.158427
16.327,0.066914,0.063009,0.155938
16.328,-0.0974795,0.61862,0.229075
16.329,-0.169581,0.144395,-0.0522773
16.33,-0.325957,-0.774177,-0.126361
16.331,0.0825586,-0.29524,0.241239
16.332,0.0496414,0.163624,0.118881
16.333,-0.163414,0.62764,0.218638
16.334,-0.245986,0.0320908,-0.121719
16.335,-0.301751,-1.02617,0.132196
16.336,0.109544,-0.0728165,0.15031
16.337,0.0224056,0.334755,0.126683
16.338,-0.267335,0.728637,0.276887
16.339,-0.166581,-0.18971,-0.130196
16.34,-0.112213,-0.860567,0.394053
16.341,0.107914,0.0625655,0.159034
16.342,-0.00839379,0.287404,0.0866859
16.343,-0.32606,0.613678,0.179021
16.344,-0.180568,-0.41854,-0.128609
16.345,-0.0748757,-0.760619,0.540604
16.346,0.0901014,0.216512,0.127796
16.347,-0.0598299,0.395792,0.107368
16.348,-0.426543,0.571964,0.134076
16.349,-0.0981113,-0.49621,-0.02556
16.35,0.0422953,-0.381227,0.359004
16.351,0.0576708,0.351251,0.150734
16.352,-0.0863024,0.333185,0.0639404
16.353,-0.424076,0.202556,-0.101086
16.354,-0.0886624,-0.70019,0.146251
16.355,0.0375064,-0.246472,0.320598
16.356,0.00910724,0.449489,0.163715
16.357,-0.149421,0.360654,0.0548961
16.358,-0.490605,-0.0661482,-0.235191
16.359,0.0278064,-0.418001,0.129687
16.36,0.0820702,0.0143292,0.180712
16.361,-0.0531236,0.566525,0.208237
16.362,-0.16866,0.242142,-0.0107074
16.363,-0.39503,-0.56232,-0.251933
16.364,0.0649202,-0.372822,0.218131
16.365,0.0553911,0.0802046,0.140154
16.366,-0.118044,0.606351,0.214506
16.367,-0.276765,0.213954,-0.058165
16.368,-0.39035,-0.90304,-0.110017
16.369,0.0983396,-0.157713,0.14439
16.37,0.0460354,0.26562,0.124556
16.371,-0.204746,0.695554,0.261036
16.372,-0.171521,-0.0732791,-0.116854
16.373,-0.197713,-0.958893,0.266211
16.374,0.11264,-0.0234678,0.156199
16.375,0.0127658,0.261702,0.0949719
16.376,-0.280505,0.670776,0.229321
16.377,-0.217202,-0.287343,-0.164752
16.378,-0.14747,-0.940141,0.515359
16.379,0.101831,0.127228,0.122721
16.38,-0.0406512,0.43723,0.13802
16.381,-0.382843,0.672823,0.217343
16.382,-0.119552,-0.402608,-0.0801284
16.383,-0.00623474,-0.573418,0.444068
16.384,0.0819561,0.26909,0.138228
16.385,-0.0647293,0.35446,0.084019
16.386,-0.415475,0.414862,0.0253646
16.387,-0.0905057,-0.560117,0.0188156
16.388,0.0235181,-0.375117,0.39001
16.389,0.0404764,0.374359,0.143705
16.39,-0.15472,0.48631,0.126409
16.391,-0.502415,0.225011,-0.104989
16.392,-0.00979098,-0.486083,0.101887
16.393,0.0626722,-0.135488,0.250554
16.394,-0.0124796,0.50168,0.184951
16.395,-0.133382,0.265268,0.012765
16.396,-0.444414,-0.290971,-0.276285
16.397,0.0367195,-0.455358,0.200995
16.398,0.0591129,0.00292787,0.175464
16.399,-0.0762904,0.575884,0.205809
16.4,-0.199864,0.228757,-0.0275038
16.401,-0.427566,-0.685368,-0.24531
16.402,0.0838472,-0.247039,0.152214
16.403,0.0637877,0.205196,0.131559
16.404,-0.159766,0.684137,0.261058
16.405,-0.186871,0.0376409,-0.0961158
16.406,-0.302113,-0.968824,0.0598127
16.407,0.102146,-0.151607,0.208362
16.408,0.0297241,0.214383,0.100299
16.409,-0.222988,0.643763,0.218436
16.41,-0.275479,-0.137307,-0.178627
16.411,-0.197824,-1.004,0.378879
16.412,0.107574,0.0455153,0.125341
16.413,-0.00868991,0.37765,0.124648
16.414,-0.331677,0.713296,0.255958
16.415,-0.138516,-0.30848,-0.11121
16.416,-0.0586266,-0.74101,0.475954
16.417,0.0981286,0.187819,0.134416
16.418,-0.0413954,0.350699,0.0936954
16.419,-0.364248,0.482344,0.0789449
16.42,-0.147591,-0.557767,-0.0536877
16.421,-0.0141015,-0.540288,0.478241
16.422,0.0658227,0.315174,0.137519
16.423,-0.110617,0.453722,0.120047
16.424,-0.479179,0.41418,0.0149806
16.425,-0.0434255,-0.497004,0.0493752
16.426,0.0497737,-0.254041,0.315481
16.427,0.0210685,0.436934,0.166843
16.428,-0.113682,0.301458,0.0373845
16.429,-0.442674,-0.0621971,-0.219783
16.43,0.000347186,-0.534594,0.176699
16.431,0.0541887,-0.0935212,0.227097
16.432,-0.0357727,0.513119,0.180113
16.433,-0.218719,0.372878,0.0413136
16.434,-0.482407,-0.406951,-0.304314
16.435,0.0622196,-0.339038,0.157184
16.436,0.0670899,0.0887536,0.148152
16.437,-0.109002,0.632987,0.235925
16.438,-0.190494,0.148041,-0.0588388
16.439,-0.306856,-0.810302,-0.0848422
16.44,0.0929826,-0.239906,0.206208
16.441,0.0450939,0.172006,0.113753
16.442,-0.185088,0.67374,0.248011
16.443,-0.290909,0.0314175,-0.138355
16.444,-0.296639,-1.05524,0.185817
16.445,0.109845,-0.0438825,0.141309
16.446,0.0182957,0.294306,0.109821
16.447,-0.276554,0.715749,0.265267
16.448,-0.182128,-0.226176,-0.141792
16.449,-0.0917437,-0.822426,0.409023
16.45,0.108119,0.0962117,0.149473
16.451,-0.0137018,0.294057,0.085471
16.452,-0.338438,0.602803,0.169059
16.453,-0.166187,-0.437089,-0.113011
16.454,-0.0501491,-0.693031,0.514153
16.455,0.083541,0.233155,0.124081
16.456,-0.0787982,0.445151,0.126468
16.457,-0.444336,0.556224,0.120106
16.458,-0.0824305,-0.493769,-0.00752456
16.459,0.0296379,-0.38723,0.38367
16.46,0.0500644,0.372344,0.154096
16.461,-0.0966613,0.341542,0.0638569
16.462,-0.464407,0.221689,-0.0994339
16.463,-0.0722597,-0.689451,0.173234
16.464,0.0432231,-0.205975,0.295251
16.465,-0.000751027,0.459951,0.164414
16.466,-0.201826,0.454567,0.0942571
16.467,-0.50744,-0.119808,-0.257959
16.468,0.0364967,-0.403108,0.139138
16.469,0.0778625,0.030426,0.173602
16.47,-0.0671222,0.590979,0.219112
16.471,-0.166659,0.209214,-0.0246807
16.472,-0.419221,-0.616073,-0.257035
16.473,0.0625001,-0.389202,0.266665
16.474,0.0519415,0.0975213,0.131452
16.475,-0.136682,0.634554,0.229724
16.476,-0.220997,0.101454,-0.0880329
16.477,-0.343272,-0.947142,-0.0205718
16.478,0.101803,-0.124772,0.140013
16.479,0.0378542,0.258656,0.116366
16.48,-0.228063,0.714792,0.271887
16.481,-0.189435,-0.111024,-0.132907
16.482,-0.17793,-0.953274,0.323665
16.483,0.112579,0.0132591,0.146954
16.484,0.00492642,0.29136,0.0983059
16.485,-0.28724,0.623161,0.192093
16.486,-0.261678,-0.365751,-0.190506
16.487,-0.123198,-0.887505,0.540948
16.488,0.0992118,0.160925,0.125999
16.489,-0.0384459,0.369874,0.104524
16.49,-0.391246,0.618703,0.17397
16.491,-0.103032,-0.418441,-0.0600017
16.492,0.0197388,-0.485312,0.401581
16.493,0.0732519,0.294479,0.14473
16.494,-0.070344,0.336466,0.0725601
16.495,-0.414755,0.327517,-0.0292273
16.496,-0.109291,-0.668765,0.0719718
16.497,0.027279,-0.332309,0.370222
16.498,0.0309332,0.407691,0.154225
16.499,-0.144901,0.418951,0.0888151
16.5,-0.495589,0.120056,-0.158354
16.501,-0.00180174,-0.496535,0.128676
16.502,0.0819723,-0.0515312,0.207064
16.503,-0.0270951,0.532867,0.196701
16.504,-0.140789,0.25095,0.00341721
16.505,-0.414433,-0.40055,-0.272849
16.506,0.0399315,-0.465174,0.23963
16.507,0.057794,0.0278715,0.162665
16.508,-0.0879138,0.575093,0.201708
16.509,-0.248242,0.262767,-0.0259882
16.51,-0.430148,-0.75839,-0.222415
16.511,0.0888036,-0.216068,0.146889
16.512,0.0551363,0.194689,0.12402
16.513,-0.174695,0.690213,0.262534
16.514,-0.187787,0.00525932,-0.105926
16.515,-0.279481,-0.990938,0.125832
16.516,0.105024,-0.1174,0.199681
16.517,0.0245241,0.225465,0.0969097
16.518,-0.238481,0.644022,0.21585
16.519,-0.280349,-0.188041,-0.189796
16.52,-0.191955,-1.01012,0.437851
16.521,0.106584,0.0710318,0.124553
16.522,-0.0195843,0.409534,0.133912
16.523,-0.348938,0.706507,0.248372
16.524,-0.144508,-0.356614,-0.110289
16.525,-0.0574416,-0.727101,0.501573
16.526,0.0925262,0.206908,0.143138
16.527,-0.0436382,0.322606,0.0792833
16.528,-0.377212,0.454559,0.058014
16.529,-0.163511,-0.635031,-0.0310592
16.53,0.00392057,-0.477651,0.441307
16.531,0.0571442,0.326195,0.13408
16.532,-0.112858,0.428164,0.104485
16.533,-0.480141,0.339208,-0.0336331
16.534,-0.0390666,-0.524486,0.0759252
16.535,0.0747875,-0.164527,0.257653
16.536,0.00958944,0.468508,0.175622
16.537,-0.124695,0.30205,0.0334776
16.538,-0.436147,-0.143676,-0.242376
16.539,0.00529491,-0.545066,0.209842
16.54,0.0604347,-0.0517485,0.204902
16.541,-0.0501257,0.551338,0.198649
16.542,-0.234691,0.365868,0.0331133
16.543,-0.453609,-0.511828,-0.29061
16.544,0.0705497,-0.297052,0.147268
16.545,0.0666953,0.12696,0.13927
16.546,-0.126799,0.652658,0.245203
16.547,-0.188384,0.10818,-0.0731704
16.548,-0.322694,-0.878387,-0.053535
16.549,0.100007,-0.187378,0.180142
16.55,0.0417905,0.201048,0.111346
16.551,-0.192327,0.639263,0.220988
16.552,-0.268219,-0.0400265,-0.152305
16.553,-0.268803,-1.05948,0.260598
16.554,0.108541,-0.0115545,0.13029
16.555,0.00812735,0.358789,0.126604
16.556,-0.290375,0.705646,0.255268
16.557,-0.151756,-0.246269,-0.12315
16.558,-0.094575,-0.831115,0.456169
16.559,0.105646,0.131683,0.135661
16.56,-0.0246089,0.331727,0.0943834
16.561,-0.344903,0.556636,0.134185
16.562,-0.217907,-0.556775,-0.123531
16.563,-0.0496255,-0.669254,0.532468
16.564,0.0792371,0.263792,0.13051
16.565,-0.0754297,0.395109,0.100289
16.566,-0.441504,0.474928,0.0619056
16.567,-0.0598963,-0.467807,0.00887922
16.568,0.0524199,-0.304035,0.329679
16.569,0.0405851,0.398429,0.158942
16.57,-0.0983592,0.315857,0.0504454
16.571,-0.447948,0.103507,-0.15515
16.572,-0.020762,-0.545491,0.131783
16.573,0.0551577,-0.150006,0.260038
16.574,-0.0126608,0.481895,0.171319
16.575,-0.20702,0.426009,0.0755067
16.576,-0.481814,-0.239445,-0.2812
16.577,0.0466509,-0.370508,0.138224
16.578,0.0761573,0.0588972,0.163
16.579,-0.0818825,0.607829,0.225808
16.58,-0.160662,0.169196,-0.0390823
16.581,-0.371522,-0.704716,-0.197978
16.582,0.0828799,-0.288464,0.194543
16.583,0.054146,0.141319,0.125475
16.584,-0.146865,0.620762,0.21749
16.585,-0.263098,0.0997425,-0.103573
16.586,-0.345931,-1.00478,0.0332423
16.587,0.10636,-0.104286,0.148865
16.588,0.0315748,0.26391,0.112149
16.589,-0.244068,0.718991,0.272692
16.59,-0.185783,-0.146923,-0.136504
16.591,-0.161806,-0.94238,0.368407
16.592,0.112078,0.0415069,0.144681
16.593,-0.00186081,0.306503,0.0988706
16.594,-0.299008,0.604186,0.17612
16.595,-0.220133,-0.397346,-0.161069
16.596,-0.0976189,-0.825597,0.541556
16.597,0.095251,0.185041,0.125717
16.598,-0.0465926,0.376657,0.103766
16.599,-0.404395,0.593055,0.152753
16.6,-0.0935165,-0.434394,-0.0450518
16.601,0.028679,-0.44238,0.387248
16.602,0.066511,0.316375,0.146523
16.603,-0.0757001,0.327419,0.0657307
16.604,-0.423131,0.276038,-0.0609029
16.605,-0.0875259,-0.653213,0.0972024
16.606,0.031117,-0.292838,0.348924
16.607,0.0204412,0.420484,0.154297
16.608,-0.175678,0.465802,0.107976
16.609,-0.495825,0.0392052,-0.195417
16.61,0.0105412,-0.474507,0.137947
16.611,0.0824065,-0.0205948,0.194318
16.612,-0.0388387,0.54892,0.20218
16.613,-0.157999,0.257756,0.000279219
16.614,-0.442213,-0.443636,-0.286936
16.615,0.0414222,-0.468733,0.274259
16.616,0.055647,0.0489286,0.15172
16.617,-0.105473,0.607807,0.218873
16.618,-0.211688,0.171022,-0.05703
16.619,-0.386148,-0.833596,-0.149884
16.62,0.0942557,-0.184946,0.145751
16.621,0.0509543,0.233025,0.123265
16.622,-0.193909,0.70544,0.270543
16.623,-0.177758,-0.0379061,-0.112321
16.624,-0.20286,-0.935601,0.208911
16.625,0.107946,-0.0781509,0.188195
16.626,0.019058,0.253745,0.0983529
16.627,-0.268559,0.690915,0.246785
16.628,-0.276622,-0.247867,-0.195447
16.629,-0.170153,-0.980794,0.485845
16.63,0.105107,0.102012,0.125211
16.631,-0.0246315,0.384754,0.119091
16.632,-0.36062,0.67195,0.219298
16.633,-0.141974,-0.399386,-0.100711
16.634,-0.0122331,-0.605026,0.440779
16.635,0.0873264,0.23751,0.14242
16.636,-0.0577139,0.357609,0.088874
16.637,-0.387863,0.412533,0.0285775
16.638,-0.14692,-0.654723,0.00307743
16.639,0.0143679,-0.424979,0.416047
16.64,0.0490114,0.350492,0.138585
16.641,-0.138073,0.472635,0.122737
16.642,-0.476556,0.256759,-0.0822402
16.643,-0.0157643,-0.464375,0.0743621
16.644,0.0702927,-0.146252,0.252906
16.645,-0.00114186,0.487673,0.180783
16.646,-0.130241,0.288889,0.0250585
16.647,-0.420176,-0.233997,-0.257187
16.648,0.00239996,-0.578439,0.264544
16.649,0.0562111,-0.0355103,0.193997
16.65,-0.0623689,0.56249,0.201554
16.651,-0.200982,0.267968,-0.00920273
16.652,-0.452675,-0.590414,-0.281783
16.653,0.0762262,-0.303814,0.175846
16.654,0.0683897,0.178984,0.13515
16.655,-0.141864,0.667595,0.252719
16.656,-0.173841,0.0639052,-0.0823576
16.657,-0.269202,-0.887778,0.0246507
16.658,0.100289,-0.182738,0.20705
16.659,0.0352946,0.193905,0.103775
16.66,-0.204008,0.638717,0.218285
16.661,-0.24002,-0.0930493,-0.153589
16.662,-0.241001,-1.04771,0.320376
16.663,0.110112,0.0112927,0.133539
16.664,0.00537551,0.312864,0.106559
16.665,-0.305709,0.701519,0.249874
16.666,-0.147108,-0.276022,-0.119452
16.667,-0.0668242,-0.767349,0.451507
16.668,0.102847,0.152604,0.143142
16.669,-0.0274684,0.311116,0.0835291
16.67,-0.351422,0.524226,0.110059
16.671,-0.186814,-0.56203,-0.0925985
16.672,-0.0353862,-0.619726,0.513902
16.673,0.0728259,0.27508,0.12739
16.674,-0.0896352,0.423002,0.109885
16.675,-0.461971,0.466623,0.0532355
16.676,-0.0570233,-0.490334,0.0248304
16.677,0.0462784,-0.299182,0.336466
16.678,0.0337261,0.416729,0.162341
16.679,-0.111492,0.333317,0.0539364
16.68,-0.47161,0.0943146,-0.165058
16.681,-0.0425936,-0.657349,0.215271
16.682,0.0519776,-0.134705,0.251531
16.683,-0.0207392,0.493529,0.174556
16.684,-0.220003,0.427321,0.0730148
16.685,-0.499914,-0.282112,-0.296074
16.686,0.0519159,-0.372824,0.156012
16.687,0.0675159,0.0517101,0.160338
16.688,-0.091225,0.611723,0.226113
16.689,-0.167251,0.154318,-0.0475247
16.69,-0.329172,-0.749799,-0.142317
16.691,0.0851436,-0.285039,0.216951
16.692,0.0497662,0.149822,0.119924
16.693,-0.165691,0.660859,0.242353
16.694,-0.275763,0.076887,-0.11664
16.695,-0.303402,-1.00659,0.103084
16.696,0.10603,-0.0750899,0.135624
16.697,0.0264541,0.302408,0.118725
16.698,-0.25791,0.722897,0.273649
16.699,-0.173147,-0.173929,-0.132641
16.7,-0.152223,-0.93527,0.403012
16.701,0.111108,0.059497,0.151067
16.702,-0.00656282,0.302616,0.0939617
16.703,-0.329014,0.654682,0.209875
16.704,-0.2426,-0.452146,-0.169277
16.705,-0.0855001,-0.790501,0.545632
16.706,0.0908273,0.201074,0.123399
16.707,-0.0708571,0.464728,0.140713
16.708,-0.426232,0.601961,0.156853
16.709,-0.096356,-0.473416,-0.0334206
16.71,0.0131692,-0.460925,0.421969
16.711,0.0607247,0.335109,0.148518
16.712,-0.0815316,0.326224,0.0625728
16.713,-0.427102,0.230573,-0.0869033
16.714,-0.0782551,-0.657904,0.120777
16.715,0.035337,-0.261576,0.329995
16.716,0.0127721,0.443356,0.16234
16.717,-0.147219,0.366232,0.0586198
16.718,-0.488342,-0.0405468,-0.225341
16.719,0.0256502,-0.41387,0.121016
16.72,0.0735961,-0.0201784,0.193097
16.721,-0.0505294,0.566348,0.208402
16.722,-0.159729,0.234263,-0.0111004
16.723,-0.43347,-0.51719,-0.279539
16.724,0.0503593,-0.437217,0.273519
16.725,0.0545263,0.0707389,0.142397
16.726,-0.117087,0.612672,0.219149
16.727,-0.223922,0.152841,-0.0688562
16.728,-0.391539,-0.891156,-0.119385
16.729,0.0974954,-0.163092,0.144355
16.73,0.0468757,0.254305,0.123091
16.731,-0.205515,0.708536,0.270895
16.732,-0.176231,-0.0629155,-0.117108
16.733,-0.18373,-0.927502,0.246922
16.734,0.111203,-0.0435354,0.17249
16.735,0.0145661,0.247989,0.0926176
16.736,-0.270395,0.651669,0.216256
16.737,-0.223727,-0.276446,-0.168411
16.738,-0.147385,-0.939749,0.501454
16.739,0.104604,0.120877,0.127949
16.74,-0.028363,0.375342,0.112525
16.741,-0.37832,0.680155,0.223724
16.742,-0.130768,-0.410828,-0.0883334
16.743,-0.023153,-0.618428,0.474561
16.744,0.0834654,0.259154,0.142386
16.745,-0.0600102,0.343086,0.0806315
16.746,-0.426218,0.465092,0.0573373
16.747,-0.148146,-0.69099,0.0284087
16.748,0.0108607,-0.408603,0.417388
16.749,0.0430748,0.373046,0.145012
16.75,-0.122874,0.401469,0.0860252
16.751,-0.491329,0.226058,-0.102309
16.752,-0.01831,-0.513241,0.106977
16.753,0.0799438,-0.0998363,0.228019
16.754,-0.0101935,0.505558,0.187302
16.755,-0.143209,0.295535,0.0235663
16.756,-0.459742,-0.245968,-0.274497
16.757,0.0148018,-0.546844,0.267232
16.758,0.0583159,-0.00740911,0.180137
16.759,-0.0705262,0.558672,0.196347
16.76,-0.255286,0.332121,0.00879973
16.761,-0.455288,-0.651233,-0.272065
16.762,0.0821609,-0.262818,0.159216
16.763,0.0587012,0.153691,0.128652
16.764,-0.151332,0.6672,0.250367
16.765,-0.177626,0.0415169,-0.0909564
16.766,-0.25551,-0.910394,0.0692597
16.767,0.101076,-0.164414,0.210679
16.768,0.0323919,0.217159,0.10352
16.769,-0.229474,0.690951,0.253058
16.77,-0.285005,-0.115256,-0.178108
16.771,-0.223787,-1.04064,0.368793
16.772,0.108324,0.0346849,0.127178
16.773,-0.00724259,0.392376,0.132283
16.774,-0.326682,0.718371,0.260677
16.775,-0.148644,-0.308175,-0.11873
16.776,-0.0615923,-0.750938,0.469118
16.777,0.0997216,0.177537,0.134419
16.778,-0.0381901,0.347425,0.0938513
16.779,-0.359861,0.494627,0.0880855
16.78,-0.151963,-0.547452,-0.0631169
16.781,-0.0196414,-0.562411,0.488306
16.782,0.0682911,0.304456,0.135191
16.783,-0.0932209,0.406355,0.0993228
16.784,-0.466908,0.414426,0.0169629
16.785,-0.0569032,-0.530296,0.0498936
16.786,0.0676148,-0.221615,0.285446
16.787,0.02443,0.43589,0.167359
16.788,-0.112023,0.309095,0.0417277
16.789,-0.421777,-0.0607322,-0.21285
16.79,-0.0116595,-0.57262,0.189593
16.791,0.0581869,-0.0956011,0.228992
16.792,-0.0328744,0.526405,0.189498
16.793,-0.218335,0.386763,0.0493926
16.794,-0.473623,-0.384306,-0.298948
16.795,0.0593395,-0.349205,0.157278
16.796,0.066946,0.0767126,0.151539
16.797,-0.102904,0.62251,0.230289
16.798,-0.166744,0.12762,-0.0574653
16.799,-0.337619,-0.806031,-0.119442
16.8,0.0925044,-0.240657,0.195902
16.801,0.0445183,0.152707,0.113786
16.802,-0.170824,0.633953,0.221577
16.803,-0.280478,0.0414859,-0.131169
16.804,-0.281508,-1.01979,0.162796
16.805,0.107272,-0.0510479,0.133215
16.806,0.0203318,0.314986,0.118279
16.807,-0.271579,0.720928,0.270079
16.808,-0.182304,-0.210142,-0.140955
16.809,-0.107019,-0.852937,0.40787
16.81,0.107715,0.0767164,0.155792
16.811,-0.0118472,0.302435,0.0901533
16.812,-0.337883,0.630374,0.189955
16.813,-0.191606,-0.448295,-0.131445
16.814,-0.0661059,-0.73556,0.534196
16.815,0.0890694,0.228119,0.130788
16.816,-0.080439,0.470275,0.14033
16.817,-0.438322,0.571617,0.132361
16.818,-0.0845344,-0.480049,-0.0166342
16.819,0.0211156,-0.419146,0.403486
16.82,0.0535364,0.357625,0.151562
16.821,-0.0881903,0.324081,0.0586706
16.822,-0.429266,0.17315,-0.117274
16.823,-0.0722518,-0.674047,0.153132
16.824,0.0503152,-0.20544,0.291876
16.825,0.00379306,0.448542,0.160324
16.826,-0.171937,0.396275,0.0677011
16.827,-0.494662,-0.106358,-0.249892
16.828,0.0290108,-0.441341,0.155202
16.829,0.082438,0.0343965,0.173603
16.83,-0.0624008,0.583971,0.216194
16.831,-0.154892,0.200581,-0.0239749
16.832,-0.387153,-0.607644,-0.23816
16.833,0.0704042,-0.350508,0.214874
16.834,0.0534773,0.0911796,0.13486
16.835,-0.125496,0.606166,0.212457
16.836,-0.247967,0.147218,-0.0793046
16.837,-0.362608,-0.934308,-0.0555579
16.838,0.10253,-0.153823,0.16127
16.839,0.0416626,0.286474,0.125844
16.84,-0.2229,0.719637,0.276577
16.841,-0.185823,-0.0969324,-0.128573
16.842,-0.210087,-0.996589,0.307483
16.843,0.10919,-0.0200552,0.176137
16.844,0.00799984,0.261593,0.0907574
16.845,-0.285486,0.638149,0.203626
16.846,-0.238323,-0.337108,-0.177202
16.847,-0.131978,-0.907583,0.534365
16.848,0.100885,0.150311,0.126574
16.849,-0.0358353,0.371974,0.106913
16.85,-0.384151,0.62669,0.18101
16.851,-0.105168,-0.406255,-0.0655917
16.852,-0.00198174,-0.545277,0.445147
16.853,0.0762308,0.291973,0.140668
16.854,-0.0680368,0.339098,0.0749065
16.855,-0.422996,0.373543,-0.00243912
16.856,-0.0792102,-0.565344,0.0389817
16.857,0.0303527,-0.335193,0.367971
16.858,0.032925,0.393458,0.148067
16.859,-0.159949,0.470682,0.115264
16.86,-0.486656,0.130208,-0.151436
16.861,0.00387968,-0.446444,0.0988851
16.862,0.073883,-0.0831397,0.222371
16.863,-0.0226949,0.522538,0.191544
16.864,-0.157947,0.295802,0.01858
16.865,-0.400173,-0.392875,-0.265715
16.866,0.0378237,-0.470776,0.237483
16.867,0.0585795,0.0239562,0.165075
16.868,-0.0865806,0.58289,0.207315
16.869,-0.222959,0.234244,-0.0323709
16.87,-0.430939,-0.742952,-0.22884
16.871,0.0880794,-0.227924,0.153021
16.872,0.0590578,0.212052,0.12812
16.873,-0.167619,0.679929,0.256345
16.874,-0.187764,0.0155501,-0.10302
16.875,-0.286353,-0.985003,0.105526
16.876,0.104138,-0.128223,0.202631
16.877,0.0260639,0.220769,0.0975768
16.878,-0.235067,0.648359,0.219694
16.879,-0.285219,-0.170059,-0.189085
16.88,-0.203331,-1.02614,0.427454
16.881,0.108709,0.0646653,0.130042
16.882,-0.00925986,0.337683,0.106578
16.883,-0.335612,0.681284,0.229856
16.884,-0.132741,-0.331975,-0.104283
16.885,-0.0413673,-0.692472,0.468505
16.886,0.094427,0.209393,0.134612
16.887,-0.0480812,0.355762,0.0926905
16.888,-0.373402,0.455196,0.0590856
16.889,-0.141824,-0.585323,-0.0331756
16.89,-0.000936056,-0.490047,0.451503
16.891,0.0596813,0.33501,0.140699
16.892,-0.124278,0.470112,0.125401
16.893,-0.471566,0.335216,-0.0346845
16.894,-0.030718,-0.47971,0.058859
16.895,0.0729242,-0.17551,0.26345
16.896,0.0124301,0.461226,0.173972
16.897,-0.119869,0.297866,0.0332734
16.898,-0.420846,-0.145088,-0.237489
16.899,-0.00346567,-0.574542,0.22392
16.9,0.0547139,-0.0729656,0.215
16.901,-0.046181,0.540099,0.192915
16.902,-0.187152,0.286548,0.004373
16.903,-0.456058,-0.491921,-0.292881
16.904,0.0689545,-0.30299,0.147073
16.905,0.067807,0.123543,0.140767
16.906,-0.122765,0.646916,0.242031
16.907,-0.195181,0.122953,-0.0703121
16.908,-0.290391,-0.850101,-0.0368392
16.909,0.0963407,-0.216318,0.20968
16.91,0.0400438,0.177465,0.108165
16.911,-0.188777,0.638419,0.221085
16.912,-0.268473,-0.0283277,-0.14908
16.913,-0.274604,-1.05882,0.243914
16.914,0.10841,-0.01817,0.130732
16.915,0.0103274,0.351632,0.12509
16.916,-0.286033,0.705634,0.255871
16.917,-0.152805,-0.238437,-0.123788
16.918,-0.103215,-0.849624,0.457228
16.919,0.106607,0.125034,0.138215
16.92,-0.0214848,0.320038,0.0911587
16.921,-0.361547,0.623898,0.181778
16.922,-0.221622,-0.548702,-0.129492
16.923,-0.0530034,-0.681317,0.535743
16.924,0.0805634,0.25869,0.130156
16.925,-0.073882,0.396113,0.101468
16.926,-0.439534,0.485493,0.069573
16.927,-0.0617176,-0.464116,0.0046565
16.928,0.0437924,-0.330175,0.348945
16.929,0.0421129,0.39262,0.1549
16.93,-0.109419,0.35418,0.0653876
16.931,-0.424956,0.0707151,-0.163881
16.932,-0.0520741,-0.659185,0.187446
16.933,0.0561891,-0.153233,0.261607
16.934,-0.0107933,0.474849,0.168083
16.935,-0.19746,0.408356,0.0675323
16.936,-0.502544,-0.202131,-0.279733
16.937,0.0452826,-0.373752,0.13725
16.938,0.0760066,0.0532143,0.164794
16.939,-0.0794484,0.603674,0.223676
16.94,-0.170611,0.188382,-0.035014
16.941,-0.405202,-0.68443,-0.230015
16.942,0.0700432,-0.355613,0.261132
16.943,0.0498367,0.116657,0.124678
16.944,-0.148212,0.635944,0.228024
16.945,-0.226855,0.0729093,-0.100569
16.946,-0.335864,-0.988981,0.0308916
16.947,0.106504,-0.115265,0.156243
16.948,0.0328565,0.309395,0.125628
16.949,-0.243354,0.723936,0.276714
16.95,-0.166686,-0.139624,-0.125099
16.951,-0.154418,-0.926896,0.358428
16.952,0.112333,0.0366685,0.147626
16.953,0.000409114,0.28254,0.0915967
16.954,-0.305758,0.637946,0.200364
16.955,-0.18775,-0.357742,-0.142557
16.956,-0.0900095,-0.812158,0.520548
16.957,0.0942147,0.177299,0.121409
16.958,-0.0520626,0.410245,0.118466
16.959,-0.405878,0.605871,0.162307
16.96,-0.112455,-0.473639,-0.0510982
16.961,0.0289626,-0.445127,0.386014
16.962,0.067713,0.31623,0.146551
16.963,-0.0838717,0.365021,0.0810283
16.964,-0.409132,0.257506,-0.0683973
16.965,-0.0766424,-0.615153,0.0822739
16.966,0.0340162,-0.289642,0.345014
16.967,0.0216861,0.427262,0.158768
16.968,-0.148998,0.398654,0.0759694
16.969,-0.509304,0.0689577,-0.185466
16.97,0.0134374,-0.453371,0.125487
16.971,0.0674556,-0.064911,0.213533
16.972,-0.037198,0.541078,0.198184
16.973,-0.145313,0.233058,-0.00630959
16.974,-0.425086,-0.462631,-0.278131
16.975,0.0576067,-0.390924,0.202507
16.976,0.0605277,0.0649529,0.150134
16.977,-0.104348,0.602207,0.21532
16.978,-0.216591,0.178087,-0.055696
16.979,-0.396478,-0.832309,-0.160056
16.98,0.0950208,-0.20367,0.163322
16.981,0.0515992,0.231921,0.123675
16.982,-0.192327,0.705255,0.270699
16.983,-0.186561,-0.0312602,-0.114885
16.984,-0.255774,-1.00436,0.194642
16.985,0.107584,-0.0803609,0.189587
16.986,0.0190196,0.243646,0.0956586
16.987,-0.254257,0.642541,0.212023
16.988,-0.279628,-0.24249,-0.196435
16.989,-0.171653,-0.983183,0.48336
16.99,0.105212,0.100145,0.125139
16.991,-0.0246781,0.388643,0.120957
16.992,-0.360907,0.677476,0.223647
16.993,-0.147348,-0.403766,-0.10437
16.994,-0.00684154,-0.592812,0.428674
16.995,0.0879311,0.241007,0.141383
16.996,-0.0505698,0.322487,0.0755259
16.997,-0.408707,0.466537,0.0610017
16.998,-0.110257,-0.56835,-0.00318839
16.999,0.00865483,-0.43632,0.427603
17,0.0505546,0.361919,0.145607
17.001,-0.141851,0.484618,0.128996
17.002,-0.492735,0.288897,-0.0664235
17.003,-0.0162784,-0.464731,0.0736895
17.004,0.0702315,-0.147777,0.253626
17.005,-0.0006129,0.486871,0.1806
17.006,-0.128414,0.28589,0.0243091
17.007,-0.413118,-0.23951,-0.255421
17.008,0.0198698,-0.507392,0.20949
17.009,0.0595755,-0.0271273,0.191206
17.01,-0.0624634,0.567446,0.204774
17.011,-0.243045,0.343384,0.0182501
17.012,-0.442594,-0.592161,-0.275649
17.013,0.0767884,-0.273232,0.148402
17.014,0.0646622,0.154385,0.133881
17.015,-0.140141,0.660936,0.248064
17.016,-0.193499,0.0811934,-0.0847378
17.017,-0.278435,-0.897581,0.0208174
17.018,0.0979474,-0.192371,0.217798
17.019,0.0363804,0.206515,0.106241
17.02,-0.216345,0.685207,0.250902
17.021,-0.29032,-0.070766,-0.169449
17.022,-0.24763,-1.05858,0.323537
17.023,0.110355,0.0134634,0.13433
17.024,0.00461756,0.315171,0.106887
17.025,-0.3065,0.698962,0.247733
17.026,-0.145349,-0.278193,-0.11813
17.027,-0.07751,-0.790869,0.472176
17.028,0.102281,0.16034,0.135307
17.029,-0.0333863,0.345319,0.0955029
17.03,-0.353948,0.517312,0.104798
17.031,-0.18124,-0.565336,-0.0857257
17.032,-0.034171,-0.611145,0.513607
17.033,0.0725142,0.28827,0.132693
17.034,-0.0839383,0.3937,0.0960729
17.035,-0.45469,0.43148,0.0302163
17.036,-0.0494452,-0.474546,0.0268952
17.037,0.0633805,-0.249883,0.299583
17.038,0.0309828,0.417916,0.162878
17.039,-0.119383,0.348469,0.0587567
17.04,-0.422963,-0.0163188,-0.19782
17.041,-0.022745,-0.596323,0.187311
17.042,0.0550051,-0.120003,0.242861
17.043,-0.0254648,0.517251,0.186923
17.044,-0.223783,0.421934,0.0688133
17.045,-0.49658,-0.316135,-0.300479
17.046,0.0554851,-0.355005,0.150278
17.047,0.0750681,0.0912045,0.153008
17.048,-0.0975177,0.627275,0.234847
17.049,-0.180123,0.162797,-0.0490746
17.05,-0.37571,-0.773646,-0.171993
17.051,0.0833749,-0.292939,0.234898
17.052,0.048746,0.152904,0.118556
17.053,-0.169967,0.666895,0.245937
17.054,-0.290553,0.0801538,-0.120355
17.055,-0.319007,-1.03627,0.114371
17.056,0.107483,-0.0692373,0.139104
17.057,0.0246285,0.307675,0.119022
17.058,-0.262652,0.72501,0.27464
17.059,-0.164289,-0.179979,-0.128051
17.06,-0.112868,-0.859739,0.383981
17.061,0.109795,0.0627533,0.155171
17.062,-0.0074584,0.297077,0.0911363
17.063,-0.329788,0.644776,0.202119
17.064,-0.214653,-0.43999,-0.150921
17.065,-0.0846604,-0.786095,0.54941
17.066,0.0895159,0.204794,0.122609
17.067,-0.0679542,0.443072,0.129551
17.068,-0.425725,0.590256,0.147982
17.069,-0.0849293,-0.446508,-0.0311945
17.07,0.0363777,-0.40364,0.372019
17.071,0.0602236,0.336822,0.148731
17.072,-0.0816818,0.324977,0.0619006
17.073,-0.435713,0.24408,-0.0813388
17.074,-0.052086,-0.573472,0.0916628
17.075,0.04666,-0.235241,0.309179
17.076,0.0113632,0.434643,0.156718
17.077,-0.169874,0.416823,0.0801532
17.078,-0.499875,-0.035241,-0.226494
17.079,0.0207414,-0.458709,0.149413
17.08,0.0833178,0.0128283,0.181468
17.081,-0.052681,0.571714,0.211294
17.082,-0.161822,0.233021,-0.0124155
17.083,-0.434775,-0.528749,-0.279237
17.084,0.0532346,-0.426459,0.269132
17.085,0.0549807,0.0768176,0.14082
17.086,-0.115796,0.59813,0.209424
17.087,-0.234196,0.158333,-0.0700482
17.088,-0.384775,-0.901748,-0.105131
17.089,0.0990286,-0.163518,0.15074
17.09,0.0443536,0.231046,0.117199
17.091,-0.210059,0.714359,0.274602
17.092,-0.187743,-0.0687895,-0.123981
17.093,-0.226673,-1.00073,0.263152
17.094,0.108691,-0.0456871,0.182051
17.095,0.0126932,0.251026,0.0917464
17.096,-0.279846,0.664255,0.224394
17.097,-0.2001,-0.281455,-0.154256
17.098,-0.126776,-0.898758,0.494584
17.099,0.10102,0.130063,0.121654
17.1,-0.0379285,0.414316,0.127192
17.101,-0.38423,0.671293,0.215965
17.102,-0.119348,-0.405839,-0.0791414
17.103,-0.00868751,-0.577477,0.450353
17.104,0.081155,0.270642,0.137202
17.105,-0.0666501,0.358752,0.0852883
17.106,-0.4035,0.376163,0.00266337
17.107,-0.137232,-0.685818,0.0408121
17.108,0.01981,-0.380149,0.396539
17.109,0.0410018,0.387972,0.151195
17.11,-0.155463,0.48444,0.125037
17.111,-0.50288,0.217914,-0.109014
17.112,-0.00848792,-0.483931,0.102822
17.113,0.0626858,-0.132677,0.249088
17.114,-0.0137558,0.504531,0.18599
17.115,-0.13579,0.268188,0.0132161
17.116,-0.40825,-0.333495,-0.266008
17.117,0.0247852,-0.513965,0.25133
17.118,0.0604468,0.00728065,0.174256
17.119,-0.0785848,0.589503,0.214219
17.12,-0.257512,0.319319,0.00117577
17.121,-0.447283,-0.684202,-0.258855
17.122,0.0839987,-0.242654,0.149314
17.123,0.0622019,0.196864,0.130126
17.124,-0.15733,0.673743,0.253892
17.125,-0.193245,0.0426717,-0.097264
17.126,-0.268969,-0.939606,0.0801685
17.127,0.107365,-0.122177,0.171346
17.128,0.031031,0.230028,0.104344
17.129,-0.226496,0.657564,0.228119
17.13,-0.24923,-0.142757,-0.167691
17.131,-0.207922,-1.02129,0.383759
17.132,0.110877,0.0417802,0.136458
17.133,-0.0107123,0.396637,0.132372
17.134,-0.333307,0.71624,0.258138
17.135,-0.152957,-0.328705,-0.120131
17.136,-0.0726019,-0.772154,0.499898
17.137,0.0966328,0.179561,0.144649
17.138,-0.0364334,0.316231,0.0804267
17.139,-0.37612,0.509955,0.096129
17.14,-0.152104,-0.567066,-0.0542824
17.141,-0.0104125,-0.532156,0.470609
17.142,0.0657059,0.316561,0.138071
17.143,-0.116886,0.473699,0.129895
17.144,-0.46199,0.372891,-0.00939525
17.145,-0.037217,-0.472983,0.0442571
17.146,0.064716,-0.216313,0.286526
17.147,0.0202866,0.445595,0.169833
17.148,-0.113127,0.300615,0.0371948
17.149,-0.453124,-0.0440114,-0.216619
17.15,0.0038956,-0.516814,0.165392
17.151,0.0621171,-0.075059,0.218105
17.152,-0.0367158,0.514358,0.180498
17.153,-0.218374,0.369082,0.0392475
17.154,-0.485143,-0.411103,-0.305754
17.155,0.0634702,-0.321795,0.145652
17.156,0.0701771,0.106474,0.146055
17.157,-0.111252,0.635056,0.236479
17.158,-0.189435,0.141343,-0.0610761
17.159,-0.310657,-0.820492,-0.0821502
17.16,0.0871276,-0.265992,0.238959
17.161,0.0428295,0.161136,0.111415
17.162,-0.177637,0.636405,0.221912
17.163,-0.280047,0.0184245,-0.138904
17.164,-0.270146,-1.02455,0.194751
17.165,0.107849,-0.0381936,0.132312
17.166,0.0164724,0.332546,0.121809
17.167,-0.280675,0.727466,0.274065
17.168,-0.157341,-0.213754,-0.12601
17.169,-0.11163,-0.865231,0.432609
17.17,0.108471,0.102965,0.137923
17.171,-0.0173182,0.327358,0.0969744
17.172,-0.326965,0.56513,0.143134
17.173,-0.185503,-0.468751,-0.121665
17.174,-0.0568249,-0.705057,0.52952
17.175,0.0859863,0.242329,0.131514
17.176,-0.0867662,0.474751,0.140672
17.177,-0.445971,0.551396,0.116315
17.178,-0.0809507,-0.495011,-0.00502749
17.179,0.0307027,-0.381299,0.380793
17.18,0.0489569,0.375201,0.154588
17.181,-0.0986784,0.344345,0.0644731
17.182,-0.464303,0.211219,-0.105076
17.183,-0.0714845,-0.69162,0.178344
17.184,0.0432024,-0.201647,0.292758
17.185,-0.00295496,0.473415,0.171057
17.186,-0.161326,0.352994,0.0469678
17.187,-0.483784,-0.166925,-0.264454
17.188,0.0393238,-0.387435,0.132989
17.189,0.0760615,0.0319841,0.172329
17.19,-0.0697859,0.589934,0.21738
17.191,-0.180345,0.224102,-0.022994
17.192,-0.356838,-0.656302,-0.203589
17.193,0.0703538,-0.356758,0.242384
17.194,0.0520377,0.104539,0.129801
17.195,-0.134397,0.612466,0.214628
17.196,-0.252542,0.125923,-0.0896078
17.197,-0.353132,-0.964779,-0.0169809
17.198,0.104382,-0.133195,0.156147
17.199,0.037673,0.290188,0.123767
17.2,-0.225673,0.702401,0.262672
17.201,-0.169102,-0.117009,-0.123236
17.202,-0.163459,-0.931233,0.327268
17.203,0.112188,0.00917946,0.160347
17.204,0.00462236,0.277898,0.0933273
17.205,-0.302028,0.665644,0.222167
17.206,-0.228155,-0.357062,-0.169938
17.207,-0.115467,-0.87101,0.534188
17.208,0.0986551,0.161701,0.125041
17.209,-0.0398366,0.376094,0.106869
17.21,-0.390987,0.616641,0.17242
17.211,-0.101249,-0.415494,-0.0590936
17.212,0.00731383,-0.513755,0.428979
17.213,0.0730233,0.301279,0.140117
17.214,-0.0767819,0.360032,0.0814613
17.215,-0.41464,0.318751,-0.0344306
17.216,-0.11239,-0.682158,0.0788619
17.217,0.0354333,-0.31195,0.353405
17.218,0.0285505,0.399156,0.14811
17.219,-0.152872,0.433431,0.0948453
17.22,-0.499674,0.111181,-0.163542
17.221,0.00268465,-0.480713,0.124574
17.222,0.0753653,-0.0654336,0.21397
17.223,-0.02854,0.533085,0.195663
17.224,-0.156981,0.280048,0.0112151
17.225,-0.413949,-0.410746,-0.272847
17.226,0.0424849,-0.455655,0.235347
17.227,0.059445,0.0369919,0.160043
17.228,-0.0945136,0.605375,0.220271
17.229,-0.267178,0.285856,-0.0193336
17.23,-0.430259,-0.775403,-0.215654
17.231,0.0910729,-0.223506,0.162031
17.232,0.0528861,0.190129,0.121829
17.233,-0.178265,0.692372,0.263566
17.234,-0.188114,-0.00219918,-0.108114
17.235,-0.273838,-0.994169,0.141082
17.236,0.105448,-0.110157,0.198193
17.237,0.0232211,0.22661,0.0958167
17.238,-0.249653,0.669315,0.233068
17.239,-0.208092,-0.200878,-0.154842
17.24,-0.171443,-0.976241,0.440171
17.241,0.106286,0.0797723,0.124786
17.242,-0.0224433,0.412737,0.134044
17.243,-0.353312,0.701105,0.243491
17.244,-0.132332,-0.350294,-0.101442
17.245,-0.0169742,-0.628917,0.43253
17.246,0.0924171,0.222432,0.138847
17.247,-0.0486586,0.339747,0.0846658
17.248,-0.410313,0.52539,0.102029
17.249,-0.168138,-0.659085,-0.021865
17.25,-0.0027256,-0.481188,0.454258
17.251,0.0548879,0.332788,0.135141
17.252,-0.116535,0.430224,0.10442
17.253,-0.480643,0.317405,-0.0471657
17.254,-0.0360264,-0.525781,0.0824656
17.255,0.07528,-0.154148,0.253178
17.256,0.00645161,0.474219,0.177718
17.257,-0.124712,0.294247,0.0296974
17.258,-0.416442,-0.190776,-0.24695
17.259,0.0116779,-0.52681,0.206291
17.26,0.0599728,-0.0434105,0.200169
17.261,-0.0547319,0.560193,0.202729
17.262,-0.242451,0.366235,0.0313267
17.263,-0.469331,-0.531689,-0.297443
17.264,0.0727731,-0.292591,0.150867
17.265,0.0713686,0.164394,0.138162
17.266,-0.132505,0.662019,0.250733
17.267,-0.187167,0.0957379,-0.0771444
17.268,-0.330193,-0.900064,-0.0450881
17.269,0.096847,-0.207577,0.215817
17.27,0.0394328,0.19707,0.108549
17.271,-0.20545,0.678258,0.247561
17.272,-0.273681,-0.0483371,-0.156785
17.273,-0.249515,-1.04065,0.277327
17.274,0.11127,-0.00956034,0.140602
17.275,0.00585132,0.364743,0.127671
17.276,-0.2967,0.710761,0.258469
17.277,-0.17017,-0.269185,-0.135214
17.278,-0.0907829,-0.822719,0.459478
17.279,0.105012,0.137382,0.135396
17.28,-0.0262156,0.333626,0.0942722
17.281,-0.346897,0.549748,0.128917
17.282,-0.216738,-0.566698,-0.118987
17.283,-0.0455879,-0.655398,0.527685
17.284,0.0772037,0.266199,0.128864
17.285,-0.0864881,0.432028,0.116128
17.286,-0.449546,0.479727,0.0641187
17.287,-0.0712946,-0.514203,0.0182169
17.288,0.0543744,-0.295268,0.324602
17.289,0.0392454,0.399348,0.15907
17.29,-0.112679,0.355582,0.0649045
17.291,-0.421322,0.0433547,-0.174338
17.292,-0.0279836,-0.584993,0.157295
17.293,0.0505428,-0.154216,0.263201
17.294,-0.014511,0.487927,0.174021
17.295,-0.183143,0.367157,0.0480499
17.296,-0.494157,-0.23983,-0.285637
17.297,0.0453252,-0.398012,0.160362
17.298,0.0743652,0.0566344,0.162811
17.299,-0.0829241,0.604571,0.223184
17.3,-0.181049,0.193802,-0.0365394
17.301,-0.350831,-0.715857,-0.176892
17.302,0.073139,-0.341621,0.256228
17.303,0.0493716,0.1235,0.122883
17.304,-0.148863,0.624067,0.219373
17.305,-0.282589,0.117029,-0.103085
17.306,-0.330258,-0.998024,0.0491181
17.307,0.107153,-0.107306,0.15498
17.308,0.0310058,0.314935,0.126006
17.309,-0.248385,0.726811,0.278224
17.31,-0.178143,-0.152087,-0.133015
17.311,-0.176333,-0.970855,0.383416
17.312,0.109082,0.0293172,0.165258
17.313,-0.00137518,0.27666,0.0880636
17.314,-0.313498,0.63859,0.199709
17.315,-0.180107,-0.368721,-0.135847
17.316,-0.0848012,-0.796381,0.526822
17.317,0.0933271,0.188803,0.123473
17.318,-0.0631388,0.45015,0.135468
17.319,-0.405502,0.58581,0.147144
17.32,-0.0903048,-0.433149,-0.0420367
17.321,0.0160026,-0.467567,0.415412
17.322,0.0652299,0.329665,0.145027
17.323,-0.0806871,0.341252,0.0703339
17.324,-0.443666,0.313093,-0.0432435
17.325,-0.0796145,-0.636799,0.0966005
17.326,0.0380297,-0.273056,0.333871
17.327,0.0188585,0.43817,0.16311
17.328,-0.180849,0.470202,0.10934
17.329,-0.509324,0.0397555,-0.19845
17.33,0.0179803,-0.440573,0.125162
17.331,0.0739274,-0.0375721,0.201074
17.332,-0.0421659,0.552719,0.20264
17.333,-0.168355,0.268738,0.00186729
17.334,-0.384976,-0.510318,-0.25297
17.335,0.0516019,-0.429867,0.248303
17.336,0.055579,0.056668,0.148595
17.337,-0.107303,0.600108,0.213066
17.338,-0.253989,0.217594,-0.0497538
17.339,-0.408926,-0.850008,-0.161417
17.34,0.0954499,-0.185081,0.15045
17.341,0.0506486,0.239931,0.123919
17.342,-0.195165,0.705151,0.27013
17.343,-0.172281,-0.0423504,-0.110701
17.344,-0.226483,-0.973727,0.213818
17.345,0.111736,-0.0493367,0.156052
17.346,0.0181483,0.265224,0.100752
17.347,-0.256884,0.638734,0.208726
17.348,-0.273077,-0.255871,-0.19435
17.349,-0.161081,-0.964308,0.484454
17.35,0.105723,0.10478,0.12738
17.351,-0.0207419,0.351257,0.105515
17.352,-0.359851,0.663327,0.212602
17.353,-0.122897,-0.373013,-0.0896114
17.354,-0.00476976,-0.585138,0.427414
17.355,0.0869383,0.244825,0.141688
17.356,-0.0524883,0.326699,0.0765075
17.357,-0.388931,0.408004,0.0254731
17.358,-0.145454,-0.656934,0.00664655
17.359,0.0156714,-0.419039,0.412759
17.36,0.0480339,0.352374,0.138706
17.361,-0.133302,0.453637,0.112725
17.362,-0.496887,0.288927,-0.0671235
17.363,-0.0208941,-0.49695,0.0885041
17.364,0.060428,-0.167732,0.267814
17.365,-0.00165126,0.482355,0.179049
17.366,-0.127433,0.27775,0.0208307
17.367,-0.449565,-0.212597,-0.263885
17.368,0.0267423,-0.478925,0.193943
17.369,0.0598971,-0.0209435,0.188111
17.37,-0.0652417,0.572169,0.20695
17.371,-0.25152,0.350552,0.0200868
17.372,-0.464415,-0.600495,-0.286994
17.373,0.0784527,-0.284316,0.164523
17.374,0.0605187,0.140564,0.131815
17.375,-0.142352,0.659308,0.246606
17.376,-0.172334,0.0546577,-0.0846288
17.377,-0.284916,-0.914879,0.0284828
17.378,0.104386,-0.154188,0.181359
17.379,0.0337645,0.195874,0.10226
17.38,-0.213307,0.656982,0.230074
17.381,-0.249581,-0.101553,-0.159714
17.382,-0.227043,-1.03315,0.334961
17.383,0.111173,0.0174964,0.137569
17.384,-0.00211448,0.378178,0.128723
17.385,-0.311183,0.703246,0.250515
17.386,-0.155668,-0.293928,-0.12466
17.387,-0.0876553,-0.81275,0.490291
17.388,0.100672,0.153531,0.146274
17.389,-0.0302627,0.318955,0.0852807
17.39,-0.362598,0.539652,0.119256
17.391,-0.171875,-0.549884,-0.0826915
17.392,-0.026725,-0.59478,0.498602
17.393,0.0735108,0.291899,0.135686
17.394,-0.109388,0.485646,0.139533
17.395,-0.469423,0.463187,0.0498152
17.396,-0.0544719,-0.496144,0.0319061
17.397,0.0436516,-0.295568,0.33823
17.398,0.0305282,0.415817,0.162014
17.399,-0.106965,0.309336,0.0438254
17.4,-0.441824,0.00756905,-0.19425
17.401,-0.0142042,-0.563738,0.169665
17.402,0.0515937,-0.125699,0.246122
17.403,-0.0249076,0.499025,0.176042
17.404,-0.223298,0.419856,0.0676804
17.405,-0.497773,-0.315742,-0.300875
17.406,0.0546893,-0.369214,0.161615
17.407,0.0690003,0.0691392,0.155406
17.408,-0.0976213,0.623837,0.232568
17.409,-0.179676,0.161482,-0.0494357
17.41,-0.378437,-0.774899,-0.173735
17.411,0.0812283,-0.301396,0.244989
17.412,0.0484296,0.153255,0.118181
17.413,-0.171034,0.668543,0.246945
17.414,-0.288374,0.0748511,-0.121663
17.415,-0.318297,-1.03726,0.116978
17.416,0.107668,-0.068513,0.139598
17.417,0.0245312,0.298665,0.116083
17.418,-0.260799,0.715599,0.267406
17.419,-0.185505,-0.190241,-0.141235
17.42,-0.114262,-0.863748,0.390502
17.421,0.108119,0.0591091,0.159573
17.422,-0.00753382,0.285605,0.0866347
17.423,-0.328229,0.627301,0.188986
17.424,-0.172924,-0.40418,-0.125169
17.425,-0.0657562,-0.742348,0.522023
17.426,0.0880375,0.210856,0.122458
17.427,-0.0634149,0.411469,0.114107
17.428,-0.429375,0.576436,0.13708
17.429,-0.0858592,-0.463995,-0.0252307
17.43,0.0307356,-0.409153,0.384175
17.431,0.0577353,0.351013,0.147376
17.432,-0.0958377,0.366144,0.0768032
17.433,-0.418287,0.184176,-0.109203
17.434,-0.0731158,-0.659966,0.134331
17.435,0.0390346,-0.241219,0.316892
17.436,0.00881853,0.439432,0.157949
17.437,-0.171097,0.411137,0.0764938
17.438,-0.497023,-0.0612768,-0.23527
17.439,0.0231193,-0.456332,0.15372
17.44,0.0829012,0.0204068,0.178638
17.441,-0.0561456,0.576266,0.213192
17.442,-0.160183,0.222572,-0.0164696
17.443,-0.415558,-0.559907,-0.264637
17.444,0.0656588,-0.371156,0.220991
17.445,0.0562579,0.088006,0.138672
17.446,-0.125119,0.633687,0.231926
17.447,-0.277618,0.2057,-0.0623449
17.448,-0.385582,-0.914571,-0.0967461
17.449,0.0989342,-0.151365,0.143034
17.45,0.0441174,0.256313,0.121188
17.451,-0.21361,0.71468,0.274231
17.452,-0.173627,-0.0790221,-0.119038
17.453,-0.172591,-0.921448,0.269811
17.454,0.112155,-0.0246069,0.1655
17.455,0.011346,0.27049,0.0964675
17.456,-0.288735,0.685483,0.239546
17.457,-0.269003,-0.316847,-0.195317
17.458,-0.142599,-0.93031,0.52386
17.459,0.102428,0.136831,0.126441
17.46,-0.0307924,0.363242,0.105398
17.461,-0.377086,0.638186,0.190793
17.462,-0.109854,-0.396278,-0.0726808
17.463,-0.00735691,-0.568423,0.451226
17.464,0.0794228,0.278932,0.138795
17.465,-0.0693554,0.361155,0.0852825
17.466,-0.400962,0.3513,-0.012245
17.467,-0.129604,-0.682539,0.0501101
17.468,0.0274313,-0.355903,0.378797
17.469,0.036968,0.379885,0.143952
17.47,-0.143971,0.440381,0.101606
17.471,-0.497997,0.184139,-0.126336
17.472,-0.00512569,-0.477717,0.104752
17.473,0.0635617,-0.123577,0.244157
17.474,-0.0165224,0.508813,0.187284
17.475,-0.135774,0.261246,0.0100088
17.476,-0.43298,-0.328533,-0.276348
17.477,0.0422084,-0.432507,0.191015
17.478,0.063252,0.0241929,0.168421
17.479,-0.0792203,0.565543,0.198059
17.48,-0.234947,0.267443,-0.0197851
17.481,-0.435221,-0.71337,-0.242064
17.482,0.0862094,-0.247224,0.161856
17.483,0.0555382,0.164401,0.124833
17.484,-0.161821,0.673028,0.252419
17.485,-0.172539,0.014992,-0.0963929
17.486,-0.272239,-0.961398,0.100779
17.487,0.1085,-0.109409,0.170994
17.488,0.0280495,0.224897,0.100395
17.489,-0.238444,0.678929,0.242292
17.49,-0.236422,-0.164691,-0.165131
17.491,-0.201967,-1.0189,0.407666
17.492,0.109763,0.0543943,0.132748
17.493,-0.0101571,0.367902,0.119348
17.494,-0.334248,0.697297,0.242754
17.495,-0.161233,-0.352329,-0.12377
17.496,-0.0299294,-0.669661,0.437089
17.497,0.096439,0.19906,0.139977
17.498,-0.0426466,0.338984,0.0874614
17.499,-0.398684,0.54989,0.121405
17.5,-0.184183,-0.643964,-0.050351
17.501,-0.0137159,-0.527256,0.47811
17.502,0.061342,0.319498,0.134887
17.503,-0.11617,0.457495,0.120442
17.504,-0.483334,0.391655,-0.000564337
17.505,-0.039992,-0.502692,0.0587045
17.506,0.0511512,-0.238424,0.307457
17.507,0.0164617,0.447402,0.169552
17.508,-0.116668,0.297697,0.0344195
17.509,-0.440781,-0.0965965,-0.230288
17.51,0.00396155,-0.533214,0.186819
17.511,0.0543265,-0.0813502,0.219862
17.512,-0.0424798,0.532928,0.189783
17.513,-0.184995,0.29201,0.00779271
17.514,-0.459696,-0.466884,-0.295327
17.515,0.0669163,-0.309887,0.146366
17.516,0.0679231,0.113524,0.142815
17.517,-0.119321,0.6468,0.242835
17.518,-0.176702,0.112194,-0.0670913
17.519,-0.331078,-0.852103,-0.0826766
17.52,0.0975867,-0.2036,0.180975
17.521,0.0437751,0.1877,0.112599
17.522,-0.184989,0.641597,0.22418
17.523,-0.291822,0.00667174,-0.14705
17.524,-0.283385,-1.05948,0.223187
17.525,0.109575,-0.0277552,0.13643
17.526,0.0148921,0.302478,0.109911
17.527,-0.285611,0.717971,0.265763
17.528,-0.18221,-0.245358,-0.142602
17.529,-0.0814225,-0.801422,0.417017
17.53,0.107305,0.11364,0.145402
17.531,-0.0191772,0.314195,0.0901191
17.532,-0.357466,0.628407,0.185775
17.533,-0.225621,-0.53836,-0.13617
17.534,-0.0565964,-0.694665,0.538287
17.535,0.0814634,0.249767,0.127682
17.536,-0.0768435,0.418273,0.112232
17.537,-0.447452,0.524783,0.0965762
17.538,-0.0697577,-0.476143,4.13286e-05
17.539,0.0476177,-0.332217,0.343453
17.54,0.0461476,0.384713,0.156212
17.541,-0.0942719,0.319999,0.0541385
17.542,-0.437086,0.127439,-0.141373
17.543,-0.0427641,-0.609115,0.147707
17.544,0.0508846,-0.177308,0.276403
17.545,-0.0060572,0.483666,0.175548
17.546,-0.201111,0.43509,0.0825129
17.547,-0.485242,-0.185569,-0.269833
17.548,0.0412321,-0.384561,0.135573
17.549,0.0793232,0.0500122,0.167321
17.55,-0.0715678,0.590205,0.217539
17.551,-0.173244,0.207145,-0.0279742
17.552,-0.400283,-0.654433,-0.235337
17.553,0.0741407,-0.338692,0.227281
17.554,0.0539381,0.118042,0.128939
17.555,-0.144341,0.651093,0.239882
17.556,-0.283916,0.154208,-0.0877126
17.557,-0.359547,-0.979539,-0.011348
17.558,0.104162,-0.119843,0.146907
17.559,0.0353874,0.250846,0.112553
17.56,-0.231595,0.71063,0.268105
17.561,-0.190244,-0.123476,-0.135393
17.562,-0.15952,-0.927378,0.334462
17.563,0.112059,0.014042,0.15998
17.564,0.00370985,0.27628,0.0920248
17.565,-0.29617,0.636949,0.20106
17.566,-0.210967,-0.352742,-0.158939
17.567,-0.111597,-0.861929,0.534605
17.568,0.0987219,0.166429,0.126676
17.569,-0.0418756,0.380875,0.108218
17.57,-0.396913,0.622715,0.176357
17.571,-0.119226,-0.460945,-0.0627429
17.572,0.0221399,-0.475845,0.397522
17.573,0.0721864,0.30015,0.145119
17.574,-0.0775757,0.360959,0.0815924
17.575,-0.412374,0.308677,-0.0399323
17.576,-0.120202,-0.704832,0.0866336
17.577,0.0248873,-0.328787,0.371153
17.578,0.0278527,0.412925,0.154942
17.579,-0.137472,0.388613,0.0740371
17.58,-0.492513,0.0911216,-0.171411
17.581,0.00548147,-0.469438,0.120991
17.582,0.0666665,-0.0856105,0.224113
17.583,-0.028982,0.528214,0.193597
17.584,-0.142659,0.24588,0.000419835
17.585,-0.410651,-0.426376,-0.271349
17.586,0.0422832,-0.459486,0.244331
17.587,0.0563767,0.0319229,0.159642
17.588,-0.0951679,0.595598,0.213382
17.589,-0.206914,0.19027,-0.0471314
17.59,-0.402856,-0.78793,-0.188182
17.591,0.0910644,-0.20648,0.148391
17.592,0.0562839,0.233107,0.127647
17.593,-0.179261,0.689435,0.261157
17.594,-0.199878,-0.000583396,-0.112861
17.595,-0.2129,-0.926695,0.170988
17.596,0.110168,-0.083757,0.173911
17.597,0.0227008,0.244688,0.0994212
17.598,-0.25851,0.692352,0.249448
17.599,-0.279021,-0.213476,-0.192778
17.6,-0.183035,-0.999531,0.45989
17.601,0.105266,0.0838527,0.122781
17.602,-0.0191599,0.377426,0.118581
17.603,-0.350996,0.681242,0.227857
17.604,-0.14737,-0.381462,-0.108638
17.605,-0.0216704,-0.636894,0.447416
17.606,0.0907717,0.222254,0.142175
17.607,-0.0531698,0.358284,0.0914013
17.608,-0.379458,0.43084,0.0419452
17.609,-0.128934,-0.587363,-0.0161904
17.61,0.00295158,-0.463889,0.441909
17.611,0.0549283,0.349422,0.143259
17.612,-0.134173,0.480062,0.12844
17.613,-0.47832,0.301692,-0.056268
17.614,-0.0284682,-0.499449,0.0763357
17.615,0.0564221,-0.197241,0.284459
17.616,0.00586555,0.468244,0.175027
17.617,-0.122946,0.28577,0.0263212
17.618,-0.452873,-0.155751,-0.251256
17.619,0.0186484,-0.497888,0.189865
17.62,0.0582638,-0.043787,0.199637
17.621,-0.0548275,0.548823,0.195329
17.622,-0.193013,0.273308,-0.00405175
17.623,-0.446757,-0.552448,-0.283409
17.624,0.0737829,-0.286293,0.148975
17.625,0.0683359,0.15452,0.136816
17.626,-0.134074,0.662644,0.250858
17.627,-0.175067,0.080896,-0.0773142
17.628,-0.279091,-0.870852,-0.00486439
17.629,0.0988398,-0.197216,0.20671
17.63,0.0372906,0.183991,0.105303
17.631,-0.199164,0.64661,0.225042
17.632,-0.291116,-0.0411243,-0.161558
17.633,-0.261301,-1.06182,0.286857
17.634,0.110354,-0.00232776,0.135619
17.635,0.00873691,0.306506,0.106679
17.636,-0.298292,0.704728,0.253439
17.637,-0.151006,-0.262255,-0.122521
17.638,-0.0676513,-0.770637,0.435115
17.639,0.103023,0.132413,0.14845
17.64,-0.0245695,0.310816,0.0852139
17.641,-0.345028,0.53496,0.118665
17.642,-0.18267,-0.532599,-0.0997749
17.643,-0.0389868,-0.63766,0.516508
17.644,0.076815,0.270561,0.130222
17.645,-0.0785091,0.396335,0.0996759
17.646,-0.445056,0.460442,0.0513619
17.647,-0.0563243,-0.469381,0.0144989
17.648,0.0542219,-0.290748,0.323607
17.649,0.0375192,0.406825,0.160632
17.65,-0.10271,0.319298,0.0503747
17.651,-0.421448,0.0328503,-0.178613
17.652,-0.0258841,-0.582476,0.159913
17.653,0.0509991,-0.148903,0.260014
17.654,-0.0161785,0.489961,0.174466
17.655,-0.190187,0.377382,0.0517284
17.656,-0.48677,-0.261775,-0.28748
17.657,0.04635,-0.399028,0.164897
17.658,0.0789675,0.0800647,0.158081
17.659,-0.0839634,0.602341,0.221889
17.66,-0.161501,0.160239,-0.0429579
17.661,-0.376862,-0.727448,-0.19334
17.662,0.0848822,-0.280951,0.198104
17.663,0.0509463,0.138217,0.122453
17.664,-0.159433,0.661685,0.2443
17.665,-0.28605,0.109187,-0.107396
17.666,-0.334741,-1.0149,0.0615069
17.667,0.105289,-0.087724,0.137266
17.668,0.0294989,0.304605,0.121698
17.669,-0.249628,0.721566,0.273873
17.67,-0.175933,-0.156641,-0.132344
17.671,-0.167601,-0.957241,0.386354
17.672,0.110205,0.0373297,0.160877
17.673,-0.00363481,0.308852,0.0985156
17.674,-0.302061,0.599252,0.171993
17.675,-0.208205,-0.400721,-0.152229
17.676,-0.086482,-0.798784,0.532821
17.677,0.0950049,0.194531,0.128702
17.678,-0.0639803,0.44941,0.134711
17.679,-0.406356,0.580735,0.143221
17.68,-0.0899859,-0.437621,-0.0401118
17.681,0.02778,-0.437229,0.39015
17.682,0.0647255,0.33073,0.147794
17.683,-0.0770979,0.325601,0.0642242
17.684,-0.436139,0.287381,-0.056957
17.685,-0.0577469,-0.56789,0.0764702
17.686,0.0420081,-0.261699,0.325354
17.687,0.017261,0.425415,0.155062
17.688,-0.182774,0.472244,0.110112
17.689,-0.509785,0.0320049,-0.201906
17.69,0.0182715,-0.444885,0.12966
17.691,0.0684673,-0.0493237,0.20583
17.692,-0.0427211,0.5488,0.20089
17.693,-0.148716,0.226699,-0.0103954
17.694,-0.398311,-0.512411,-0.260438
17.695,0.0530874,-0.424171,0.246002
17.696,0.0551189,0.0580907,0.147598
17.697,-0.111369,0.614737,0.222096
17.698,-0.219459,0.166052,-0.0618014
17.699,-0.392669,-0.859506,-0.140751
17.7,0.0970101,-0.195856,0.166883
17.701,0.0502108,0.258178,0.126437
17.702,-0.199498,0.707364,0.271053
17.703,-0.171925,-0.0510868,-0.112462
17.704,-0.221702,-0.97552,0.229264
17.705,0.112042,-0.0413689,0.155323
17.706,0.0165193,0.271526,0.101207
17.707,-0.259047,0.630376,0.202123
17.708,-0.225017,-0.265156,-0.168768
17.709,-0.153131,-0.950392,0.494829
17.71,0.105072,0.114123,0.127613
17.711,-0.0244515,0.360798,0.107777
17.712,-0.364594,0.656962,0.207008
17.713,-0.11903,-0.379117,-0.0849888
17.714,-0.00588034,-0.582119,0.43558
17.715,0.0847304,0.249445,0.142601
17.716,-0.0611066,0.357198,0.0870662
17.717,-0.396843,0.404992,0.0221442
17.718,-0.149965,-0.681412,0.0182678
17.719,0.00930443,-0.421292,0.423137
17.72,0.0453974,0.358367,0.139535
17.721,-0.126358,0.421445,0.0961364
17.722,-0.493472,0.252329,-0.0879058
17.723,-0.015096,-0.483096,0.0890263
17.724,0.063051,-0.152672,0.2592
17.725,-0.00541433,0.493262,0.183076
17.726,-0.146592,0.31586,0.0324834
17.727,-0.409931,-0.278138,-0.26031
17.728,0.026279,-0.490642,0.210482
17.729,0.0586504,-0.0160486,0.184833
17.73,-0.0668731,0.559933,0.198371
17.731,-0.224189,0.292071,-0.00410308
17.732,-0.445125,-0.628251,-0.27065
17.733,0.079349,-0.289559,0.174244
17.734,0.0668624,0.191495,0.133723
17.735,-0.149872,0.676341,0.257321
17.736,-0.182564,0.0550387,-0.0888829
17.737,-0.30604,-0.94164,0.0247958
17.738,0.101996,-0.166472,0.204301
17.739,0.0335068,0.207111,0.103267
17.74,-0.219625,0.671438,0.239822
17.741,-0.218472,-0.117259,-0.148428
17.742,-0.213684,-1.01625,0.34313
17.743,0.10815,0.027166,0.126662
17.744,-0.0028821,0.368851,0.124116
17.745,-0.320053,0.717483,0.260797
17.746,-0.143394,-0.288379,-0.116235
17.747,-0.0688962,-0.769704,0.470413
17.748,0.100919,0.169031,0.134272
17.749,-0.035074,0.341015,0.0925521
17.75,-0.36369,0.525348,0.108908
17.751,-0.188504,-0.589778,-0.0825002
17.752,-0.0162194,-0.566681,0.478597
17.753,0.0692504,0.287891,0.128876
17.754,-0.0965345,0.429576,0.111028
17.755,-0.463448,0.429242,0.0274054
17.756,-0.0606167,-0.529662,0.0435936
17.757,0.0661323,-0.233939,0.291217
17.758,0.027462,0.429669,0.165862
17.759,-0.10806,0.306292,0.0419187
17.76,-0.455155,0.0134483,-0.195598
17.761,-0.00623713,-0.537546,0.160591
17.762,0.0583532,-0.104107,0.233848
17.763,-0.0286353,0.513489,0.183244
17.764,-0.176085,0.312344,0.0209493
17.765,-0.47333,-0.363489,-0.297017
17.766,0.0579919,-0.343114,0.147272
17.767,0.0780047,0.1144,0.149443
17.768,-0.102497,0.632256,0.236929
17.769,-0.173141,0.143304,-0.0540861
17.77,-0.351367,-0.79121,-0.141153
17.771,0.0916911,-0.240425,0.185979
17.772,0.0483583,0.16552,0.117436
17.773,-0.169013,0.639836,0.226232
17.774,-0.278662,0.0526802,-0.126554
17.775,-0.287591,-1.01539,0.144167
17.776,0.106999,-0.0586133,0.134196
17.777,0.0220955,0.317913,0.120565
17.778,-0.269321,0.730024,0.277711
17.779,-0.177998,-0.198468,-0.137592
17.78,-0.142684,-0.923382,0.42795
17.781,0.108965,0.072734,0.15443
17.782,-0.0112223,0.314634,0.0955781
17.783,-0.324248,0.60324,0.171492
17.784,-0.209824,-0.454348,-0.14454
17.785,-0.0769472,-0.763752,0.546333
17.786,0.0876102,0.213169,0.122629
17.787,-0.0654069,0.41714,0.116315
17.788,-0.426926,0.563533,0.127724
17.789,-0.0987876,-0.504491,-0.0225261
17.79,0.0438932,-0.373006,0.355364
17.791,0.0562573,0.355752,0.15138
17.792,-0.0861554,0.327437,0.0611748
17.793,-0.417955,0.176731,-0.112871
17.794,-0.0670346,-0.645106,0.131312
17.795,0.0398399,-0.235705,0.313454
17.796,0.00751398,0.441643,0.158464
17.797,-0.168597,0.400468,0.071074
17.798,-0.495426,-0.0753854,-0.239776
17.799,0.0252819,-0.448951,0.152232
17.8,0.0826983,0.023673,0.177425
17.801,-0.0575763,0.577621,0.213645
17.802,-0.153689,0.208706,-0.020069
17.803,-0.383218,-0.584413,-0.24052
17.804,0.0586055,-0.405655,0.258347
17.805,0.0593447,0.101366,0.13812
17.806,-0.120885,0.603808,0.212005
17.807,-0.260272,0.17767,-0.070049
17.808,-0.383858,-0.918057,-0.0923185
17.809,0.0990863,-0.149281,0.142458
17.81,0.043251,0.248608,0.119035
17.811,-0.212209,0.70453,0.26654
17.812,-0.193612,-0.0788205,-0.128914
17.813,-0.181557,-0.9399,0.278836
17.814,0.110332,-0.0310629,0.174907
17.815,0.0108963,0.284068,0.100522
17.816,-0.272495,0.625716,0.196399
17.817,-0.237161,-0.311996,-0.176843
17.818,-0.137646,-0.920395,0.519875
17.819,0.100682,0.134786,0.122039
17.82,-0.0426755,0.434212,0.135483
17.821,-0.3809,0.65113,0.200423
17.822,-0.133809,-0.439732,-0.0835812
17.823,0.0112492,-0.52535,0.410742
17.824,0.0799752,0.277933,0.142059
17.825,-0.0663135,0.348839,0.0804969
17.826,-0.433338,0.435526,0.0361816
17.827,-0.137179,-0.698741,0.051877
17.828,0.016852,-0.375974,0.398883
17.829,0.0371953,0.388686,0.148613
17.83,-0.125206,0.38687,0.0771723
17.831,-0.484176,0.156192,-0.137953
17.832,0.000123388,-0.449885,0.0939101
17.833,0.0708612,-0.101681,0.231742
17.834,-0.018412,0.515883,0.189352
17.835,-0.155628,0.30199,0.0224398
17.836,-0.404398,-0.363976,-0.266501
17.837,0.031134,-0.493947,0.246296
17.838,0.0569696,0.00849779,0.171162
17.839,-0.0816401,0.577357,0.20512
17.84,-0.22361,0.248973,-0.0255076
17.841,-0.431065,-0.716781,-0.238029
17.842,0.0863561,-0.256436,0.171956
17.843,0.0616602,0.216732,0.130455
17.844,-0.167301,0.689102,0.263207
17.845,-0.18009,0.017446,-0.0990945
17.846,-0.253875,-0.942491,0.110084
17.847,0.10793,-0.116215,0.179836
17.848,0.0280943,0.228182,0.101069
17.849,-0.242144,0.691271,0.251208
17.85,-0.285971,-0.157374,-0.187141
17.851,-0.208974,-1.03212,0.41581
17.852,0.10914,0.0581955,0.130848
17.853,-0.00779481,0.338312,0.10779
17.854,-0.332256,0.685492,0.233625
17.855,-0.134229,-0.324305,-0.106358
17.856,-0.0511207,-0.717933,0.479457
17.857,0.0957366,0.203371,0.135612
17.858,-0.0442267,0.344491,0.0892364
17.859,-0.38969,0.517848,0.09963
17.86,-0.124422,-0.530928,-0.0401807
17.861,0.000114747,-0.497522,0.449372
17.862,0.0602509,0.317956,0.133152
17.863,-0.118498,0.461192,0.121883
17.864,-0.481901,0.380024,-0.00793871
17.865,-0.031875,-0.469458,0.0505238
17.866,0.0588432,-0.217376,0.292088
17.867,0.0151523,0.455904,0.171351
17.868,-0.121442,0.308947,0.0380636
17.869,-0.445326,-0.0898637,-0.229619
17.87,0.00883567,-0.509073,0.171099
17.871,0.0627522,-0.0614013,0.210838
17.872,-0.0418174,0.52114,0.182689
17.873,-0.218935,0.353822,0.0305172
17.874,-0.485185,-0.447537,-0.307245
17.875,0.0662696,-0.332246,0.164995
17.876,0.066151,0.105034,0.143269
17.877,-0.118637,0.645509,0.242279
17.878,-0.181962,0.119149,-0.0666357
17.879,-0.35848,-0.859505,-0.106805
17.88,0.0899382,-0.248772,0.233987
17.881,0.0415974,0.17163,0.109846
17.882,-0.183992,0.639576,0.222906
17.883,-0.286786,0.00394545,-0.146113
17.884,-0.276098,-1.04791,0.220369
17.885,0.110464,-0.0332734,0.14142
17.886,0.01477,0.319254,0.115737
17.887,-0.283638,0.715164,0.26376
17.888,-0.180234,-0.242235,-0.141291
17.889,-0.0827832,-0.804267,0.41586
17.89,0.107479,0.111456,0.145709
17.891,-0.018545,0.31267,0.0898812
17.892,-0.355384,0.626792,0.184818
17.893,-0.22502,-0.533085,-0.137247
17.894,-0.0587048,-0.701394,0.540428
17.895,0.0825578,0.249234,0.129006
17.896,-0.0692028,0.389384,0.0998952
17.897,-0.437453,0.504955,0.0836348
17.898,-0.0679561,-0.468905,-0.00113106
17.899,0.0547297,-0.31546,0.328402
17.9,0.0456873,0.387026,0.155751
17.901,-0.0980208,0.329883,0.0574765
17.902,-0.438142,0.126817,-0.14192
17.903,-0.0395344,-0.598597,0.143611
17.904,0.0485568,-0.181148,0.279264
17.905,-0.00616677,0.482069,0.174541
17.906,-0.185117,0.397709,0.0647424
17.907,-0.496347,-0.173498,-0.270284
17.908,0.0372654,-0.423181,0.161248
17.909,0.0816202,0.058756,0.165404
17.91,-0.0738869,0.59907,0.22252
17.911,-0.162279,0.188024,-0.0320356
17.912,-0.354792,-0.667088,-0.19848
17.913,0.070936,-0.35418,0.245036
17.914,0.0533433,0.115243,0.12886
17.915,-0.14366,0.648508,0.238157
17.916,-0.283839,0.155667,-0.0870485
17.917,-0.360347,-0.97818,-0.0136947
17.918,0.104121,-0.121012,0.147349
17.919,0.0354781,0.248051,0.112059
17.92,-0.2296,0.705152,0.264155
17.921,-0.168012,-0.123152,-0.123566
17.922,-0.167065,-0.941448,0.339087
17.923,0.112551,0.0232901,0.147194
17.924,0.0024531,0.298638,0.0990674
17.925,-0.289715,0.610434,0.182236
17.926,-0.210445,-0.360039,-0.15805
17.927,-0.107448,-0.852022,0.534792
17.928,0.0986268,0.171353,0.128153
17.929,-0.0526302,0.430674,0.129143
17.93,-0.40463,0.634379,0.18448
17.931,-0.0991191,-0.42036,-0.0554713
17.932,0.0124009,-0.496383,0.419617
17.933,0.0715101,0.307765,0.141546
17.934,-0.0799469,0.365708,0.0830181
17.935,-0.40603,0.2834,-0.0532498
17.936,-0.0827701,-0.612747,0.0692961
17.937,0.0297707,-0.312858,0.359429
17.938,0.0262545,0.411708,0.153229
17.939,-0.143819,0.401349,0.079114
17.94,-0.508627,0.10991,-0.166121
17.941,0.00690426,-0.469013,0.12392
17.942,0.0681106,-0.077234,0.219849
17.943,-0.0311572,0.533717,0.195968
17.944,-0.151448,0.260529,0.00391207
17.945,-0.448346,-0.396713,-0.288568
17.946,0.0350472,-0.489773,0.276112
17.947,0.0562297,0.0363405,0.157562
17.948,-0.0976702,0.598233,0.214465
17.949,-0.207507,0.184727,-0.049737
17.95,-0.400142,-0.800187,-0.18002
17.951,0.0920051,-0.202736,0.149294
17.952,0.0557387,0.241037,0.128155
17.953,-0.185271,0.700685,0.268496
17.954,-0.17982,-0.0194342,-0.108825
17.955,-0.227137,-0.952253,0.177588
17.956,0.109846,-0.0836904,0.177909
17.957,0.0220553,0.244911,0.0988636
17.958,-0.260182,0.69221,0.249079
17.959,-0.278569,-0.219179,-0.193281
17.96,-0.180763,-0.996395,0.464296
17.961,0.105102,0.0866863,0.122767
17.962,-0.0209009,0.384877,0.121172
17.963,-0.354609,0.686248,0.231403
17.964,-0.148913,-0.386765,-0.10896
17.965,-0.0131741,-0.615197,0.432242
17.966,0.0905782,0.229196,0.14082
17.967,-0.0480886,0.325834,0.0783924
17.968,-0.380812,0.427781,0.0397094
17.969,-0.131951,-0.598875,-0.0132497
17.97,0.00696357,-0.452692,0.433266
17.971,0.0539268,0.351641,0.143433
17.972,-0.131947,0.46914,0.122452
17.973,-0.477686,0.293333,-0.0611461
17.974,-0.0244574,-0.485006,0.0731611
17.975,0.06497,-0.174534,0.268733
17.976,0.00474643,0.474154,0.17577
17.977,-0.139895,0.326421,0.0401536
17.978,-0.41495,-0.209687,-0.250421
17.979,0.0158803,-0.514607,0.204106
17.98,0.0582724,-0.0410614,0.19813
17.981,-0.0559316,0.549157,0.195152
17.982,-0.19851,0.279553,-0.00270066
17.983,-0.46047,-0.549918,-0.291176
17.984,0.0729889,-0.31596,0.174999
17.985,0.0706531,0.170042,0.137253
17.986,-0.135804,0.66465,0.251861
17.987,-0.181858,0.0836425,-0.0791913
17.988,-0.329713,-0.910332,-0.0359152
17.989,0.0956989,-0.208506,0.223287
17.99,0.0372842,0.191382,0.105775
17.991,-0.20272,0.654552,0.230247
17.992,-0.254782,-0.0674309,-0.154029
17.993,-0.247507,-1.04495,0.292608
17.994,0.111555,-0.00362552,0.141222
17.995,0.00325694,0.374034,0.130079
17.996,-0.3072,0.726468,0.269705
17.997,-0.165326,-0.278305,-0.131864
17.998,-0.0978681,-0.837431,0.481391
17.999,0.10311,0.137845,0.147076
18,-0.0289893,0.340027,0.0955534
18.001,-0.346066,0.528689,0.114066
18.002,-0.167035,-0.516631,-0.09059
18.003,-0.0348666,-0.624595,0.510296
18.004,0.0765311,0.278359,0.133342
18.005,-0.09673,0.45889,0.127824
18.006,-0.458574,0.481699,0.0642631
18.007,-0.0601999,-0.48736,0.0186801
18.008,0.0464272,-0.307884,0.339063
18.009,0.036748,0.407239,0.158721
18.01,-0.113125,0.348482,0.0610597
18.011,-0.43402,0.0472692,-0.176177
18.012,-0.0437742,-0.64919,0.198176
18.013,0.0578212,-0.134525,0.250968
18.014,-0.016522,0.483704,0.17062
18.015,-0.196215,0.386505,0.0552138
18.016,-0.496061,-0.257828,-0.290046
18.017,0.0493856,-0.370504,0.145998
18.018,0.0783689,0.0787619,0.158146
18.019,-0.0842968,0.602803,0.2221
18.02,-0.161544,0.159711,-0.0431821
18.021,-0.377268,-0.72876,-0.193134
18.022,0.0848358,-0.281971,0.199894
18.023,0.0497854,0.133044,0.121856
18.024,-0.155404,0.642418,0.231077
18.025,-0.220369,0.049846,-0.105959
18.026,-0.311805,-0.993277,0.0725839
18.027,0.105176,-0.0870013,0.136606
18.028,0.029414,0.28936,0.117113
18.029,-0.248828,0.714502,0.268352
18.03,-0.188519,-0.162782,-0.14001
18.031,-0.128662,-0.884919,0.368153
18.032,0.108968,0.0367134,0.163671
18.033,-0.00276367,0.278405,0.0875993
18.034,-0.319282,0.643372,0.202525
18.035,-0.188523,-0.388467,-0.139525
18.036,-0.0903484,-0.805637,0.542667
18.037,0.0936458,0.194859,0.126097
18.038,-0.0497985,0.378432,0.103096
18.039,-0.410387,0.58353,0.144803
18.04,-0.0925939,-0.448003,-0.0391796
18.041,0.0324788,-0.424906,0.379916
18.042,0.0639107,0.325137,0.14741
18.043,-0.0780303,0.325834,0.0639224
18.044,-0.4335,0.273812,-0.0642354
18.045,-0.0576192,-0.572087,0.0801416
18.046,0.044075,-0.254778,0.320486
18.047,0.0160498,0.425731,0.154529
18.048,-0.169301,0.431902,0.0891907
18.049,-0.50971,0.0235978,-0.205469
18.05,0.0195804,-0.440835,0.129274
18.051,0.0701733,-0.0419567,0.202538
18.052,-0.0446234,0.556341,0.204738
18.053,-0.168474,0.263364,-0.000734647
18.054,-0.379932,-0.524049,-0.248359
18.055,0.0592907,-0.393927,0.219939
18.056,0.0568648,0.0676598,0.145803
18.057,-0.111391,0.609598,0.218513
18.058,-0.214286,0.157326,-0.0636587
18.059,-0.376905,-0.861299,-0.124306
18.06,0.0962003,-0.172273,0.145027
18.061,0.0487074,0.246449,0.123279
18.062,-0.200905,0.708555,0.27172
18.063,-0.173465,-0.0534098,-0.113723
18.064,-0.19756,-0.941507,0.233264
18.065,0.10803,-0.0654712,0.186719
18.066,0.0161469,0.243464,0.0928741
18.067,-0.271104,0.669503,0.229781
18.068,-0.207507,-0.258308,-0.158291
18.069,-0.143203,-0.930883,0.483458
18.07,0.103463,0.113737,0.123491
18.071,-0.0345955,0.426633,0.135206
18.072,-0.371163,0.675525,0.220872
18.073,-0.127652,-0.392621,-0.0897276
18.074,-0.0277864,-0.635122,0.478623
18.075,0.0853466,0.25078,0.142116
18.076,-0.0575246,0.342477,0.0815375
18.077,-0.422948,0.479019,0.0674418
18.078,-0.152875,-0.685649,0.0173167
18.079,0.00751486,-0.425144,0.426782
18.08,0.0459718,0.368494,0.145014
18.081,-0.116056,0.39064,0.0824015
18.082,-0.48059,0.226021,-0.10026
18.083,-0.0102985,-0.459298,0.0807704
18.084,0.0680007,-0.137522,0.249878
18.085,-0.00684141,0.496252,0.182897
18.086,-0.148156,0.315462,0.0317462
18.087,-0.410141,-0.287955,-0.261748
18.088,0.0245166,-0.502847,0.223971
18.089,0.0613681,-0.00512674,0.180891
18.09,-0.071092,0.578539,0.209245
18.091,-0.251756,0.33253,0.00994289
18.092,-0.449084,-0.640094,-0.270636
18.093,0.0807466,-0.274337,0.164288
18.094,0.0593582,0.148555,0.12978
18.095,-0.147844,0.663786,0.248636
18.096,-0.173448,0.0446748,-0.0881802
18.097,-0.267136,-0.914597,0.0551699
18.098,0.101025,-0.168664,0.209628
18.099,0.034312,0.225931,0.106867
18.1,-0.213925,0.640124,0.217425
18.101,-0.246046,-0.121079,-0.162146
18.102,-0.217119,-1.02673,0.357678
18.103,0.110838,0.0291701,0.135876
18.104,-0.00468351,0.375284,0.125913
18.105,-0.318443,0.703879,0.250065
18.106,-0.164738,-0.317341,-0.129638
18.107,-0.0501415,-0.725526,0.445129
18.108,0.0990422,0.162404,0.14592
18.109,-0.0320214,0.313082,0.0816182
18.11,-0.367961,0.526683,0.109192
18.111,-0.166831,-0.563511,-0.0717606
18.112,-0.0214469,-0.57224,0.490844
18.113,0.0703606,0.301681,0.136351
18.114,-0.112334,0.480858,0.135679
18.115,-0.466994,0.429633,0.0271514
18.116,-0.0560754,-0.517635,0.0427797
18.117,0.0603876,-0.246294,0.301948
18.118,0.0271809,0.431491,0.166196
18.119,-0.115965,0.326835,0.0489887
18.12,-0.471981,0.043367,-0.187702
18.121,-0.0338757,-0.647172,0.230138
18.122,0.0519414,-0.115729,0.240113
18.123,-0.0297483,0.514646,0.183491
18.124,-0.177607,0.312251,0.0204179
18.125,-0.469994,-0.374084,-0.296564
18.126,0.0590675,-0.335218,0.143683
18.127,0.070357,0.0872255,0.150989
18.128,-0.103793,0.631323,0.23586
18.129,-0.173062,0.140252,-0.0552252
18.13,-0.345439,-0.795836,-0.132977
18.131,0.0920191,-0.240193,0.188721
18.132,0.0487244,0.171161,0.117666
18.133,-0.168482,0.631221,0.220107
18.134,-0.263794,0.0325034,-0.12825
18.135,-0.309685,-1.04593,0.145059
18.136,0.108754,-0.0588538,0.140947
18.137,0.0222111,0.278667,0.108149
18.138,-0.265328,0.709128,0.261652
18.139,-0.159768,-0.196451,-0.126576
18.14,-0.123013,-0.885618,0.419922
18.141,0.109585,0.0880972,0.138834
18.142,-0.0131923,0.319973,0.0964897
18.143,-0.32111,0.579467,0.154466
18.144,-0.214264,-0.47318,-0.144017
18.145,-0.0738841,-0.752862,0.547373
18.146,0.0866237,0.220665,0.123832
18.147,-0.079096,0.467848,0.139409
18.148,-0.435048,0.56993,0.131495
18.149,-0.076885,-0.450889,-0.0201378
18.15,0.0302143,-0.400735,0.384565
18.151,0.0546621,0.360348,0.149211
18.152,-0.0981519,0.36247,0.0739885
18.153,-0.417305,0.157772,-0.122081
18.154,-0.0524829,-0.607062,0.122777
18.155,0.0437445,-0.219057,0.302376
18.156,0.00430072,0.460486,0.167353
18.157,-0.156826,0.363895,0.054275
18.158,-0.4884,-0.105133,-0.247637
18.159,0.0327353,-0.402982,0.129239
18.16,0.0803521,0.0236631,0.176873
18.161,-0.0587658,0.572593,0.210241
18.162,-0.158298,0.210149,-0.0211839
18.163,-0.373491,-0.600231,-0.230745
18.164,0.057535,-0.409677,0.269053
18.165,0.0531347,0.0853017,0.136208
18.166,-0.128485,0.628619,0.227481
18.167,-0.220728,0.122602,-0.0798774
18.168,-0.35842,-0.922899,-0.0600004
18.169,0.100548,-0.144213,0.145225
18.17,0.0429291,0.281199,0.125536
18.171,-0.218446,0.715277,0.273913
18.172,-0.170032,-0.0895143,-0.119149
18.173,-0.195897,-0.968753,0.293234
18.174,0.112681,-0.00596759,0.150189
18.175,0.00903819,0.287221,0.100096
18.176,-0.276115,0.621847,0.192923
18.177,-0.224395,-0.320819,-0.168994
18.178,-0.122202,-0.888344,0.514818
18.179,0.102176,0.146191,0.128562
18.18,-0.0440564,0.42621,0.130579
18.181,-0.385214,0.642675,0.193282
18.182,-0.12872,-0.444541,-0.0773716
18.183,0.0149817,-0.510157,0.406129
18.184,0.0779494,0.285908,0.142626
18.185,-0.0689138,0.349658,0.0797159
18.186,-0.436027,0.41991,0.0253547
18.187,-0.132496,-0.702235,0.0626838
18.188,0.0198638,-0.360321,0.389501
18.189,0.0342643,0.391786,0.148127
18.19,-0.148782,0.444189,0.102425
18.191,-0.503999,0.173936,-0.132915
18.192,0.00145301,-0.453448,0.0992344
18.193,0.0814756,-0.0682037,0.214159
18.194,-0.0210614,0.523765,0.193559
18.195,-0.145631,0.274493,0.0125701
18.196,-0.454327,-0.321705,-0.284503
18.197,0.0254028,-0.518364,0.272139
18.198,0.0572781,0.0142436,0.1686
18.199,-0.0825198,0.571084,0.200687
18.2,-0.259251,0.299427,-0.0100223
18.201,-0.429327,-0.728251,-0.232908
18.202,0.0872627,-0.250515,0.170154
18.203,0.0607362,0.217517,0.129789
18.204,-0.168515,0.688663,0.262686
18.205,-0.172575,0.0104293,-0.0976648
18.206,-0.269128,-0.964348,0.110063
18.207,0.108855,-0.104863,0.170395
18.208,0.0272138,0.225675,0.099694
18.209,-0.238042,0.669102,0.234845
18.21,-0.211094,-0.170001,-0.15298
18.211,-0.188522,-0.997705,0.409008
18.212,0.107665,0.0600375,0.126456
18.213,-0.0143149,0.393786,0.129041
18.214,-0.331542,0.683857,0.232422
18.215,-0.135066,-0.325812,-0.106838
18.216,-0.0402971,-0.692919,0.459877
18.217,0.096099,0.202218,0.138808
18.218,-0.0428701,0.33672,0.0862751
18.219,-0.401067,0.551023,0.121904
18.22,-0.178941,-0.640321,-0.0463552
18.221,-0.0105463,-0.519093,0.471574
18.222,0.0608684,0.31807,0.133781
18.223,-0.126164,0.489496,0.136649
18.224,-0.483687,0.384687,-0.00517787
18.225,-0.0357664,-0.488481,0.0562392
18.226,0.0613108,-0.212521,0.288028
18.227,0.015668,0.452214,0.169332
18.228,-0.130035,0.33163,0.0462725
18.229,-0.432741,-0.111307,-0.232124
18.23,-0.0120971,-0.600053,0.233516
18.231,0.0622619,-0.0632925,0.211739
18.232,-0.0411912,0.519192,0.181727
18.233,-0.201479,0.320928,0.0176275
18.234,-0.477112,-0.45632,-0.303652
18.235,0.0664386,-0.324236,0.157596
18.236,0.066545,0.104979,0.143602
18.237,-0.118392,0.647072,0.243427
18.238,-0.168345,0.105555,-0.0660685
18.239,-0.333594,-0.851455,-0.0858827
18.24,0.0974071,-0.205546,0.182397
18.241,0.0443186,0.190136,0.113276
18.242,-0.183297,0.635214,0.219868
18.243,-0.249984,-0.0246582,-0.140655
18.244,-0.266888,-1.03953,0.228094
18.245,0.110791,-0.0308117,0.142414
18.246,0.0126894,0.343066,0.123246
18.247,-0.285647,0.718473,0.266159
18.248,-0.181556,-0.244672,-0.142178
18.249,-0.0807443,-0.799853,0.415477
18.25,0.107527,0.115581,0.142597
18.251,-0.0189366,0.311929,0.0893109
18.252,-0.354279,0.618713,0.178807
18.253,-0.205582,-0.515115,-0.126061
18.254,-0.0540728,-0.6916,0.531466
18.255,0.0823933,0.246618,0.127696
18.256,-0.0729623,0.407237,0.107808
18.257,-0.448497,0.538857,0.106736
18.258,-0.0705511,-0.472951,-0.00252183
18.259,0.0500551,-0.329837,0.33892
18.26,0.0471586,0.374343,0.154087
18.261,-0.0938721,0.320567,0.0545808
18.262,-0.43488,0.128053,-0.140552
18.263,-0.0502261,-0.632846,0.157296
18.264,0.0457034,-0.190845,0.285688
18.265,-0.00407112,0.462462,0.16419
18.266,-0.17751,0.383883,0.059047
18.267,-0.494053,-0.168981,-0.268324
18.268,0.0358552,-0.429537,0.163702
18.269,0.0815813,0.0565181,0.166082
18.27,-0.0727612,0.596956,0.221496
18.271,-0.157464,0.1832,-0.0321811
18.272,-0.393565,-0.657488,-0.229825
18.273,0.0777919,-0.315104,0.202975
18.274,0.0530792,0.113662,0.128901
18.275,-0.142334,0.642904,0.234401
18.276,-0.249111,0.117113,-0.0919798
18.277,-0.344904,-0.966896,-0.00414199
18.278,0.104913,-0.129871,0.156852
18.279,0.0366736,0.300635,0.125861
18.28,-0.23523,0.723848,0.277906
18.281,-0.185089,-0.123893,-0.132779
18.282,-0.189306,-0.979467,0.345551
18.283,0.110115,0.00653741,0.168342
18.284,0.00305108,0.289155,0.0960535
18.285,-0.304553,0.661918,0.218919
18.286,-0.218243,-0.360927,-0.163198
18.287,-0.104454,-0.846512,0.526832
18.288,0.098939,0.169539,0.12825
18.289,-0.0525831,0.433332,0.130607
18.29,-0.399811,0.626104,0.178624
18.291,-0.120916,-0.467034,-0.062361
18.292,0.0253362,-0.466327,0.390972
18.293,0.0718204,0.308845,0.1442
18.294,-0.0761077,0.350002,0.0766882
18.295,-0.444587,0.376152,-0.00446242
18.296,-0.117659,-0.706688,0.0931928
18.297,0.0266771,-0.319259,0.365196
18.298,0.0259622,0.412817,0.153634
18.299,-0.141405,0.393799,0.0756457
18.3,-0.503948,0.0988698,-0.170366
18.301,0.0106109,-0.442625,0.110078
18.302,0.0828263,-0.0376616,0.201217
18.303,-0.0322097,0.541788,0.199898
18.304,-0.154615,0.266421,0.00554334
18.305,-0.448451,-0.398482,-0.288706
18.306,0.0352482,-0.489179,0.276436
18.307,0.0563152,0.0374125,0.157172
18.308,-0.0973085,0.594409,0.211959
18.309,-0.221138,0.202436,-0.0464919
18.31,-0.424311,-0.798659,-0.200802
18.311,0.0926007,-0.212873,0.159695
18.312,0.0507418,0.189645,0.119756
18.313,-0.18033,0.683679,0.25661
18.314,-0.173436,-0.0229248,-0.106692
18.315,-0.228379,-0.95609,0.180675
18.316,0.110654,-0.076479,0.170986
18.317,0.0215532,0.241264,0.0974924
18.318,-0.255712,0.672463,0.234494
18.319,-0.211618,-0.21601,-0.158141
18.32,-0.162482,-0.962404,0.449986
18.321,0.1049,0.088037,0.122478
18.322,-0.0196683,0.372323,0.11589
18.323,-0.355921,0.685674,0.230785
18.324,-0.147261,-0.387441,-0.107478
18.325,-0.0149094,-0.618494,0.437119
18.326,0.0894394,0.223876,0.142736
18.327,-0.0485636,0.326421,0.0784163
18.328,-0.380947,0.42486,0.0377819
18.329,-0.126735,-0.58954,-0.0121145
18.33,0.00441056,-0.456431,0.438281
18.331,0.0536615,0.352527,0.143636
18.332,-0.133221,0.471887,0.123733
18.333,-0.4748,0.284288,-0.0659745
18.334,-0.0199411,-0.465207,0.0675966
18.335,0.0638283,-0.17377,0.269044
18.336,0.00322607,0.479343,0.178153
18.337,-0.129328,0.297645,0.0296173
18.338,-0.443863,-0.174716,-0.253045
18.339,0.0222875,-0.480136,0.178935
18.34,0.0632113,-0.0288502,0.193825
18.341,-0.0551609,0.53789,0.188247
18.342,-0.219849,0.313948,0.00858978
18.343,-0.457757,-0.560656,-0.288559
18.344,0.0737652,-0.313818,0.176068
18.345,0.0697855,0.170829,0.136582
18.346,-0.136569,0.663136,0.250666
18.347,-0.173173,0.0739248,-0.0788293
18.348,-0.276972,-0.878163,0.00459403
18.349,0.0980361,-0.198357,0.213645
18.35,0.0382823,0.201823,0.10775
18.351,-0.209086,0.677719,0.246488
18.352,-0.262355,-0.0669919,-0.157098
18.353,-0.257613,-1.06044,0.295102
18.354,0.109654,0.00187364,0.132596
18.355,0.00659698,0.330911,0.114369
18.356,-0.304212,0.71763,0.262945
18.357,-0.16613,-0.27681,-0.132434
18.358,-0.0971521,-0.836034,0.478362
18.359,0.103858,0.138909,0.145595
18.36,-0.0252765,0.315489,0.0867996
18.361,-0.357748,0.570116,0.142045
18.362,-0.151815,-0.48194,-0.0878064
18.363,-0.0290278,-0.616811,0.496064
18.364,0.0751808,0.266375,0.126513
18.365,-0.0862457,0.423119,0.111235
18.366,-0.456917,0.48165,0.0644523
18.367,-0.0652167,-0.502789,0.0202374
18.368,0.0392675,-0.325368,0.353777
18.369,0.0371411,0.400759,0.158984
18.37,-0.101556,0.31361,0.0480589
18.371,-0.446438,0.0690187,-0.170189
18.372,-0.0163968,-0.54416,0.141012
18.373,0.0580642,-0.131871,0.249464
18.374,-0.0173561,0.485098,0.171065
18.375,-0.197861,0.38749,0.055322
18.376,-0.498108,-0.260784,-0.291365
18.377,0.0506115,-0.359273,0.139657
18.378,0.0724787,0.0608019,0.160362
18.379,-0.0883565,0.613262,0.227576
18.38,-0.181051,0.183549,-0.0408822
18.381,-0.357804,-0.735729,-0.174191
18.382,0.0845432,-0.285973,0.206852
18.383,0.0483396,0.12913,0.120781
18.384,-0.154554,0.631328,0.223264
18.385,-0.284145,0.104269,-0.108767
18.386,-0.326338,-1.01022,0.0692726
18.387,0.107327,-0.09468,0.148757
18.388,0.0294467,0.28208,0.115089
18.389,-0.250277,0.719619,0.272188
18.39,-0.186776,-0.161597,-0.138915
18.391,-0.138904,-0.904788,0.37433
18.392,0.111556,0.0467423,0.153314
18.393,-0.00359546,0.296609,0.0937834
18.394,-0.324307,0.665304,0.218776
18.395,-0.249411,-0.434815,-0.17661
18.396,-0.0965646,-0.818912,0.552331
18.397,0.0938036,0.196278,0.126911
18.398,-0.0516463,0.386251,0.106187
18.399,-0.410027,0.581701,0.143474
18.4,-0.0902073,-0.442399,-0.0386241
18.401,0.0357085,-0.416207,0.372838
18.402,0.0638115,0.334288,0.148089
18.403,-0.0801174,0.33278,0.0663945
18.404,-0.414217,0.232975,-0.0828456
18.405,-0.0853142,-0.662839,0.111293
18.406,0.0336375,-0.276845,0.339052
18.407,0.0169361,0.426349,0.155377
18.408,-0.183318,0.472531,0.110151
18.409,-0.509182,0.0279494,-0.203493
18.41,0.0198043,-0.434738,0.124509
18.411,0.0786122,-0.0201373,0.193931
18.412,-0.0440526,0.559434,0.206604
18.413,-0.158659,0.246811,-0.00501785
18.414,-0.44263,-0.47352,-0.286733
18.415,0.0467775,-0.450024,0.270515
18.416,0.0565513,0.0632822,0.147063
18.417,-0.107739,0.596897,0.210746
18.418,-0.275348,0.244792,-0.042652
18.419,-0.406329,-0.860722,-0.152854
18.42,0.0964561,-0.183114,0.153267
18.421,0.0473032,0.213358,0.117858
18.422,-0.19738,0.702716,0.267863
18.423,-0.190166,-0.042759,-0.119325
18.424,-0.236484,-0.992693,0.221444
18.425,0.110347,-0.0599361,0.177444
18.426,0.0171942,0.242082,0.0935103
18.427,-0.263674,0.655219,0.220034
18.428,-0.222606,-0.254196,-0.166881
18.429,-0.163182,-0.968879,0.4928
18.43,0.103396,0.107121,0.122089
18.431,-0.0286771,0.398851,0.123903
18.432,-0.36998,0.684346,0.228048
18.433,-0.120287,-0.371896,-0.0875609
18.434,-0.0169298,-0.612351,0.454501
18.435,0.0863768,0.249828,0.136681
18.436,-0.0602094,0.359775,0.0887716
18.437,-0.388555,0.396259,0.0180371
18.438,-0.12408,-0.617859,0.00930291
18.439,0.0140525,-0.415144,0.414463
18.44,0.0476521,0.370431,0.14747
18.441,-0.14755,0.488936,0.130052
18.442,-0.497877,0.268109,-0.0795793
18.443,-0.0141636,-0.475638,0.085246
18.444,0.0727112,-0.130333,0.244544
18.445,-0.00499544,0.496305,0.18429
18.446,-0.13978,0.3008,0.0273658
18.447,-0.46388,-0.205216,-0.267329
18.448,0.00764882,-0.566388,0.268815
18.449,0.0566064,-0.0228703,0.187241
18.45,-0.0675632,0.566143,0.2022
18.451,-0.19607,0.245499,-0.0184389
18.452,-0.438227,-0.632226,-0.265564
18.453,0.0799312,-0.26681,0.154148
18.454,0.0657602,0.182055,0.13305
18.455,-0.144704,0.660655,0.247054
18.456,-0.171723,0.0488655,-0.0861507
18.457,-0.296418,-0.933028,0.030016
18.458,0.105244,-0.145246,0.177149
18.459,0.0337655,0.20972,0.103883
18.46,-0.223372,0.686176,0.250419
18.461,-0.28812,-0.0955632,-0.174832
18.462,-0.236718,-1.05338,0.350632
18.463,0.109871,0.02595,0.132133
18.464,0.00154613,0.319731,0.106467
18.465,-0.313944,0.697268,0.245385
18.466,-0.142961,-0.291199,-0.115758
18.467,-0.0653523,-0.761126,0.467686
18.468,0.100661,0.171337,0.134607
18.469,-0.0364823,0.34684,0.0945044
18.47,-0.357321,0.501713,0.0933922
18.471,-0.155574,-0.543149,-0.0687879
18.472,-0.021696,-0.572711,0.491371
18.473,0.0702564,0.301257,0.136012
18.474,-0.108819,0.468754,0.129545
18.475,-0.458508,0.412527,0.0169721
18.476,-0.0453986,-0.475924,0.033578
18.477,0.0661845,-0.232417,0.290663
18.478,0.0270493,0.429781,0.165863
18.479,-0.112012,0.316443,0.0453289
18.48,-0.433485,-0.0224251,-0.203137
18.481,-0.0317046,-0.637122,0.220498
18.482,0.0593437,-0.103673,0.233655
18.483,-0.0272375,0.50185,0.176756
18.484,-0.222217,0.409151,0.0615394
18.485,-0.484473,-0.345552,-0.299678
18.486,0.0547409,-0.377895,0.171333
18.487,0.0781809,0.112699,0.149883
18.488,-0.101541,0.63121,0.236451
18.489,-0.172491,0.144485,-0.053379
18.49,-0.348065,-0.78664,-0.14055
18.491,0.0910665,-0.245962,0.189984
18.492,0.0492984,0.167487,0.118368
18.493,-0.165674,0.628859,0.219017
18.494,-0.249248,0.028132,-0.124258
18.495,-0.29581,-1.02645,0.143944
18.496,0.109467,-0.0663933,0.147037
18.497,0.0218795,0.325874,0.123168
18.498,-0.263484,0.712569,0.264651
18.499,-0.17143,-0.194471,-0.133429
18.5,-0.143569,-0.924625,0.425906
18.501,0.109167,0.0715121,0.154296
18.502,-0.0103155,0.308512,0.0936854
18.503,-0.335853,0.64367,0.200429
18.504,-0.226646,-0.467901,-0.154691
18.505,-0.0647492,-0.738812,0.522463
18.506,0.08769,0.21288,0.122645
18.507,-0.0658698,0.419787,0.117556
18.508,-0.425516,0.560856,0.125912
18.509,-0.0965524,-0.49824,-0.0227685
18.51,0.0435774,-0.374633,0.35609
18.511,0.0565381,0.354854,0.15125
18.512,-0.0861932,0.328604,0.0617308
18.513,-0.416194,0.176068,-0.112793
18.514,-0.0568571,-0.610044,0.116377
18.515,0.0424955,-0.230374,0.309151
18.516,0.00738638,0.456462,0.166732
18.517,-0.165757,0.394716,0.0686376
18.518,-0.500343,-0.0643927,-0.237304
18.519,0.0251468,-0.447088,0.149919
18.52,0.0808313,0.0155596,0.180003
18.521,-0.0544828,0.565625,0.207266
18.522,-0.152168,0.207762,-0.0198944
18.523,-0.4098,-0.569612,-0.259739
18.524,0.0688877,-0.351578,0.204389
18.525,0.0566271,0.091255,0.138118
18.526,-0.126641,0.637499,0.234274
18.527,-0.277113,0.200753,-0.0645324
18.528,-0.380336,-0.918092,-0.0884703
18.529,0.0995486,-0.151624,0.145515
18.53,0.0447421,0.277862,0.126151
18.531,-0.215265,0.716653,0.275506
18.532,-0.187525,-0.0801015,-0.126197
18.533,-0.218254,-0.997254,0.281631
18.534,0.109233,-0.0343908,0.178716
18.535,0.0109752,0.256564,0.0918264
18.536,-0.275282,0.633717,0.201921
18.537,-0.270517,-0.319657,-0.196218
18.538,-0.140329,-0.925687,0.524409
18.539,0.101221,0.137168,0.123746
18.54,-0.0393505,0.413614,0.126148
18.541,-0.387861,0.668436,0.21327
18.542,-0.124312,-0.424806,-0.078814
18.543,-0.0163867,-0.590533,0.469185
18.544,0.0792901,0.272015,0.143397
18.545,-0.066265,0.34939,0.0807919
18.546,-0.432453,0.434757,0.0358036
18.547,-0.137943,-0.699198,0.051043
18.548,0.0170103,-0.376333,0.398818
18.549,0.0372772,0.384651,0.146588
18.55,-0.145539,0.446493,0.10476
18.551,-0.502958,0.19937,-0.119167
18.552,-0.00284419,-0.462207,0.0972127
18.553,0.0797867,-0.0830925,0.220973
18.554,-0.0157976,0.509793,0.188044
18.555,-0.150305,0.296348,0.0214751
18.556,-0.421647,-0.330538,-0.271655
18.557,0.0298866,-0.494382,0.23816
18.558,0.0576794,0.00359588,0.174123
18.559,-0.0761887,0.56167,0.196479
18.56,-0.223268,0.257062,-0.0214555
18.561,-0.432943,-0.699569,-0.244788
18.562,0.0849745,-0.264467,0.173808
18.563,0.0623927,0.209392,0.130639
18.564,-0.162575,0.683344,0.259915
18.565,-0.176745,0.0244022,-0.0956223
18.566,-0.238958,-0.914026,0.101918
18.567,0.107252,-0.124137,0.181915
18.568,0.0293458,0.226245,0.10196
18.569,-0.238961,0.69225,0.252487
18.57,-0.283155,-0.147202,-0.183962
18.571,-0.209435,-1.02877,0.401004
18.572,0.107828,0.0507371,0.126288
18.573,-0.0125952,0.400365,0.133129
18.574,-0.336588,0.714155,0.256046
18.575,-0.149284,-0.332408,-0.117003
18.576,-0.0705319,-0.765561,0.502539
18.577,0.0959689,0.186326,0.144015
18.578,-0.0382446,0.320488,0.0813151
18.579,-0.366674,0.475557,0.0739238
18.58,-0.146199,-0.565212,-0.0485764
18.581,-0.0100944,-0.526041,0.470378
18.582,0.0645869,0.322264,0.139647
18.583,-0.123005,0.486562,0.135807
18.584,-0.481745,0.398099,0.00391558
18.585,-0.0392527,-0.49283,0.0533849
18.586,0.0548836,-0.234139,0.302544
18.587,0.0179191,0.45129,0.171307
18.588,-0.119349,0.310368,0.0395475
18.589,-0.441139,-0.0781093,-0.224558
18.59,0.000767346,-0.539395,0.184507
18.591,0.0540072,-0.0886776,0.224156
18.592,-0.0391314,0.525358,0.18634
18.593,-0.198805,0.326756,0.0215071
18.594,-0.481155,-0.427222,-0.30478
18.595,0.0642633,-0.327629,0.153327
18.596,0.0725119,0.120513,0.144814
18.597,-0.113736,0.644073,0.242412
18.598,-0.180157,0.128124,-0.0625873
18.599,-0.365109,-0.840016,-0.125997
18.6,0.0877114,-0.262543,0.237907
18.601,0.0426328,0.163372,0.111122
18.602,-0.177933,0.633436,0.219693
18.603,-0.248699,-0.00928572,-0.135689
18.604,-0.275971,-1.03769,0.203151
18.605,0.110582,-0.0418038,0.14431
18.606,0.0150885,0.344949,0.125569
18.607,-0.276247,0.707699,0.258913
18.608,-0.156019,-0.218682,-0.125375
18.609,-0.115657,-0.874375,0.444599
18.61,0.108271,0.107582,0.139709
18.611,-0.0165803,0.311018,0.0904775
18.612,-0.352079,0.634701,0.191327
18.613,-0.230193,-0.523216,-0.144348
18.614,-0.0621934,-0.714085,0.542171
18.615,0.0832616,0.240207,0.126368
18.616,-0.0804177,0.446184,0.126437
18.617,-0.446277,0.550489,0.115604
18.618,-0.0806919,-0.495294,-0.0045551
18.619,0.0309678,-0.380035,0.380112
18.62,0.0487522,0.375885,0.154707
18.621,-0.0980623,0.341619,0.0633374
18.622,-0.465479,0.212356,-0.104705
18.623,-0.0690848,-0.685488,0.176345
18.624,0.0451664,-0.197741,0.289835
18.625,-0.00198059,0.460109,0.163887
18.626,-0.193018,0.428011,0.0803713
18.627,-0.491933,-0.148314,-0.261858
18.628,0.0346017,-0.424092,0.153945
18.629,0.0759372,0.0267337,0.174255
18.63,-0.0675836,0.586648,0.215886
18.631,-0.178893,0.226445,-0.0214317
18.632,-0.356608,-0.646352,-0.206543
18.633,0.073229,-0.341421,0.222106
18.634,0.0548976,0.114108,0.130746
18.635,-0.140166,0.645578,0.236842
18.636,-0.281567,0.163692,-0.0828093
18.637,-0.362116,-0.965326,-0.0279581
18.638,0.102019,-0.122759,0.139861
18.639,0.0374563,0.260992,0.116531
18.64,-0.22881,0.713543,0.270781
18.641,-0.195376,-0.113413,-0.136334
18.642,-0.148583,-0.902597,0.316852
18.643,0.112709,0.0133944,0.154684
18.644,0.00473239,0.274183,0.0921415
18.645,-0.292936,0.635769,0.200666
18.646,-0.224398,-0.353454,-0.16772
18.647,-0.111214,-0.862333,0.527418
18.648,0.100363,0.163633,0.129747
18.649,-0.0536599,0.447441,0.137886
18.65,-0.40094,0.639728,0.189094
18.651,-0.102058,-0.41752,-0.0593017
18.652,0.0157659,-0.493969,0.410626
18.653,0.0734029,0.298626,0.144814
18.654,-0.0743371,0.35327,0.0791036
18.655,-0.435633,0.376717,-0.00260028
18.656,-0.101937,-0.651226,0.0691017
18.657,0.0242779,-0.336116,0.374925
18.658,0.0296371,0.398999,0.148736
18.659,-0.168305,0.480903,0.119334
18.66,-0.507527,0.135951,-0.153092
18.661,0.00363083,-0.47121,0.118313
18.662,0.0659376,-0.0927169,0.227801
18.663,-0.0268692,0.525247,0.192657
18.664,-0.140661,0.24713,0.00173411
18.665,-0.433288,-0.39387,-0.281517
18.666,0.0498334,-0.415419,0.200845
18.667,0.0617454,0.044596,0.15878
18.668,-0.0923672,0.588263,0.209217
18.669,-0.229338,0.227172,-0.0377051
18.67,-0.414884,-0.776867,-0.202967
18.671,0.0908964,-0.233342,0.17099
18.672,0.0572015,0.232388,0.128292
18.673,-0.179491,0.696026,0.26609
18.674,-0.172748,-0.0111091,-0.103425
18.675,-0.250502,-0.970656,0.154576
18.676,0.110338,-0.0802434,0.16227
18.677,0.024071,0.255271,0.103333
18.678,-0.242,0.639709,0.212014
18.679,-0.259814,-0.208102,-0.18267
18.68,-0.186473,-1.00373,0.451092
18.681,0.105632,0.0785723,0.123006
18.682,-0.0172624,0.373819,0.117954
18.683,-0.347936,0.684188,0.23058
18.684,-0.149592,-0.376186,-0.111335
18.685,-0.0225512,-0.641697,0.444791
18.686,0.0912028,0.213762,0.142986
18.687,-0.0451858,0.321093,0.0777432
18.688,-0.392554,0.4754,0.0695994
18.689,-0.120707,-0.557591,-0.0224899
18.69,-0.000220365,-0.477524,0.44926
18.691,0.0566997,0.342476,0.141449
18.692,-0.119462,0.442206,0.110382
18.693,-0.48057,0.323757,-0.0432658
18.694,-0.0372283,-0.526851,0.0810848
18.695,0.0746229,-0.158239,0.255301
18.696,0.00759415,0.470677,0.176609
18.697,-0.124031,0.295935,0.0307662
18.698,-0.417514,-0.180684,-0.245062
18.699,0.00823224,-0.538539,0.211224
18.7,0.0607566,-0.0450212,0.201358
18.701,-0.0528116,0.554407,0.199653
18.702,-0.232009,0.352277,0.0261334
18.703,-0.456782,-0.525298,-0.291348
18.704,0.0714759,-0.307538,0.159804
18.705,0.0635154,0.11603,0.138639
18.706,-0.126355,0.645238,0.240237
18.707,-0.169881,0.0839266,-0.0741297
18.708,-0.321484,-0.888513,-0.0439824
18.709,0.100684,-0.184211,0.183361
18.71,0.0397279,0.193284,0.10858
18.711,-0.205031,0.683549,0.251665
18.712,-0.291056,-0.0323344,-0.158961
18.713,-0.265728,-1.0624,0.275094
18.714,0.11051,-0.0075152,0.136875
18.715,0.00969192,0.308653,0.108171
18.716,-0.294596,0.703642,0.253086
18.717,-0.149799,-0.25493,-0.121804
18.718,-0.0936117,-0.828759,0.466561
18.719,0.105055,0.139644,0.137821
18.72,-0.0242816,0.315629,0.0874821
18.721,-0.359555,0.585355,0.153017
18.722,-0.152109,-0.475441,-0.0901391
18.723,-0.0303939,-0.623049,0.497033
18.724,0.076126,0.263971,0.126646
18.725,-0.0935538,0.456378,0.127479
18.726,-0.457396,0.497677,0.0757487
18.727,-0.0577454,-0.466604,0.0111597
18.728,0.0474123,-0.311376,0.338764
18.729,0.0387052,0.400893,0.156619
18.73,-0.111654,0.349682,0.0622258
18.731,-0.433387,0.059635,-0.170826
18.732,-0.0476675,-0.656013,0.196212
18.733,0.057189,-0.14115,0.254737
18.734,-0.0144668,0.480209,0.169504
18.735,-0.191651,0.382879,0.0544231
18.736,-0.489932,-0.251963,-0.286677
18.737,0.0448897,-0.407335,0.169171
18.738,0.0799585,0.0823848,0.157926
18.739,-0.0855696,0.611499,0.227481
18.74,-0.165036,0.167688,-0.0413791
18.741,-0.338187,-0.718297,-0.16518
18.742,0.0819359,-0.301041,0.216496
18.743,0.0514382,0.137984,0.123019
18.744,-0.157863,0.658656,0.242405
18.745,-0.287976,0.115694,-0.105352
18.746,-0.339002,-1.01481,0.0548036
18.747,0.106955,-0.0953144,0.147234
18.748,0.0297388,0.26437,0.11067
18.749,-0.245543,0.70852,0.264211
18.75,-0.165557,-0.15588,-0.126415
18.751,-0.138184,-0.902923,0.37212
18.752,0.111211,0.0433951,0.156086
18.753,-0.00210775,0.279199,0.0884044
18.754,-0.307442,0.614639,0.182554
18.755,-0.242305,-0.424135,-0.17313
18.756,-0.0831382,-0.792658,0.524514
18.757,0.0925199,0.188054,0.12189
18.758,-0.0594048,0.429755,0.12572
18.759,-0.418517,0.614572,0.167467
18.76,-0.0933602,-0.443231,-0.0417659
18.761,0.0339933,-0.424899,0.376124
18.762,0.0652695,0.329982,0.147411
18.763,-0.0806574,0.34025,0.0698489
18.764,-0.440688,0.304091,-0.048043
18.765,-0.0673434,-0.598307,0.0845878
18.766,0.0318505,-0.285263,0.344613
18.767,0.0183652,0.43206,0.159356
18.768,-0.142452,0.371468,0.0630119
18.769,-0.488702,0.00475328,-0.207955
18.77,0.020278,-0.42304,0.115969
18.771,0.0735109,-0.0367156,0.200622
18.772,-0.0432239,0.555286,0.203918
18.773,-0.163531,0.257721,-0.00168501
18.774,-0.40909,-0.497041,-0.267841
18.775,0.0600509,-0.3836,0.204347
18.776,0.0589891,0.0684685,0.147529
18.777,-0.111159,0.622355,0.22749
18.778,-0.275354,0.246516,-0.0417893
18.779,-0.406488,-0.858421,-0.154352
18.78,0.0960404,-0.181803,0.150586
18.781,0.0496058,0.237954,0.122772
18.782,-0.197944,0.707567,0.271452
18.783,-0.177326,-0.0462777,-0.114031
18.784,-0.196447,-0.93352,0.222063
18.785,0.109026,-0.0670472,0.183542
18.786,0.0177097,0.270204,0.101832
18.787,-0.257427,0.634797,0.205692
18.788,-0.254063,-0.261534,-0.184747
18.789,-0.162693,-0.967819,0.490814
18.79,0.103373,0.106038,0.121847
18.791,-0.0260043,0.382273,0.117149
18.792,-0.365341,0.670907,0.217894
18.793,-0.144206,-0.412726,-0.0997512
18.794,-0.00226867,-0.576606,0.424792
18.795,0.0861864,0.250177,0.141294
18.796,-0.0540255,0.328002,0.0763387
18.797,-0.388722,0.396026,0.0178588
18.798,-0.12479,-0.619978,0.00974499
18.799,0.0135403,-0.415995,0.41545
18.8,0.0476894,0.371066,0.147845
18.801,-0.146335,0.484669,0.127741
18.802,-0.496444,0.266425,-0.0803058
18.803,-0.011976,-0.461394,0.0791503
18.804,0.070248,-0.136247,0.248349
18.805,-0.00501287,0.492691,0.181659
18.806,-0.147441,0.318465,0.033511
18.807,-0.413148,-0.274317,-0.261093
18.808,0.0167468,-0.532834,0.243225
18.809,0.0578309,-0.0202998,0.186593
18.81,-0.0646051,0.549053,0.192096
18.811,-0.222563,0.29026,-0.00456123
18.812,-0.443989,-0.627073,-0.27019
18.813,0.0793624,-0.286964,0.171351
18.814,0.0661919,0.184469,0.133323
18.815,-0.144706,0.660772,0.247139
18.816,-0.171803,0.0490613,-0.0861258
18.817,-0.294801,-0.931482,0.0308081
18.818,0.105314,-0.143388,0.174412
18.819,0.034726,0.222149,0.10667
18.82,-0.212416,0.641399,0.218652
18.821,-0.259673,-0.110361,-0.166084
18.822,-0.235181,-1.05124,0.350966
18.823,0.108604,0.0266515,0.128003
18.824,-0.00455383,0.387897,0.131724
18.825,-0.321833,0.720859,0.263298
18.826,-0.15313,-0.301574,-0.122427
18.827,-0.0799982,-0.794329,0.488307
18.828,0.100608,0.164858,0.143694
18.829,-0.0324241,0.324344,0.0864172
18.83,-0.377761,0.568888,0.138262
18.831,-0.16325,-0.547513,-0.0749088
18.832,-0.0206408,-0.575353,0.487991
18.833,0.071397,0.297132,0.135448
18.834,-0.106001,0.464843,0.128156
18.835,-0.461638,0.432402,0.0298075
18.836,-0.060964,-0.526465,0.0409507
18.837,0.0665099,-0.236097,0.291445
18.838,0.0282103,0.429259,0.165114
18.839,-0.111765,0.318141,0.046261
18.84,-0.438626,-0.00769096,-0.199181
18.841,-0.0196753,-0.590901,0.189441
18.842,0.0560162,-0.112292,0.23841
18.843,-0.0279028,0.521877,0.188755
18.844,-0.223139,0.412213,0.0631327
18.845,-0.4911,-0.336811,-0.301242
18.846,0.056979,-0.344748,0.145635
18.847,0.0776349,0.107931,0.150573
18.848,-0.0989425,0.624679,0.232798
18.849,-0.185026,0.165328,-0.0498712
18.85,-0.336098,-0.777854,-0.134052
18.851,0.0835485,-0.291312,0.23663
18.852,0.0495055,0.161871,0.118819
18.853,-0.163894,0.631579,0.221365
18.854,-0.283825,0.0683389,-0.12259
18.855,-0.302106,-1.02186,0.125602
18.856,0.109104,-0.0742611,0.148425
18.857,0.0236315,0.32601,0.124445
18.858,-0.25796,0.707615,0.261571
18.859,-0.161498,-0.182977,-0.126646
18.86,-0.131995,-0.900343,0.408531
18.861,0.110333,0.0765174,0.139726
18.862,-0.010102,0.314398,0.0962415
18.863,-0.318503,0.595767,0.166833
18.864,-0.242478,-0.473546,-0.165405
18.865,-0.081383,-0.775084,0.551004
18.866,0.0894159,0.214776,0.125967
18.867,-0.0596135,0.395442,0.107281
18.868,-0.425979,0.571695,0.133946
18.869,-0.0993448,-0.498733,-0.0258685
18.87,0.0436469,-0.378065,0.356019
18.871,0.0575338,0.354397,0.149939
18.872,-0.0878895,0.336639,0.0649854
18.873,-0.440141,0.231328,-0.0892314
18.874,-0.0459218,-0.563904,0.0952382
18.875,0.0467808,-0.225072,0.30397
18.876,0.0082886,0.444487,0.160458
18.877,-0.189299,0.456381,0.0985796
18.878,-0.49959,-0.0548767,-0.233678
18.879,0.0231606,-0.454269,0.151668
18.88,0.0832591,0.0200084,0.178846
18.881,-0.0557773,0.5759,0.212933
18.882,-0.161378,0.225391,-0.0156605
18.883,-0.426053,-0.551562,-0.271854
18.884,0.0554937,-0.41783,0.267158
18.885,0.0554083,0.0840389,0.138985
18.886,-0.121108,0.614419,0.219329
18.887,-0.235289,0.154442,-0.0720528
18.888,-0.380701,-0.908757,-0.0957825
18.889,0.0999051,-0.163056,0.154374
18.89,0.0426372,0.220404,0.114188
18.891,-0.207688,0.697732,0.26218
18.892,-0.170581,-0.0782826,-0.117346
18.893,-0.205203,-0.974815,0.275564
18.894,0.112665,-0.0168795,0.153078
18.895,0.0113521,0.281332,0.0999847
18.896,-0.2708,0.624628,0.195871
18.897,-0.222809,-0.302716,-0.168217
18.898,-0.132049,-0.909242,0.511014
18.899,0.103862,0.136643,0.130355
18.9,-0.0433189,0.436791,0.13658
18.901,-0.385287,0.661016,0.207686
18.902,-0.114154,-0.402564,-0.0751322
18.903,0.0108501,-0.527165,0.411072
18.904,0.080255,0.277071,0.141785
18.905,-0.0665977,0.351371,0.081623
18.906,-0.42893,0.426402,0.0307834
18.907,-0.126793,-0.672352,0.0460398
18.908,0.0265873,-0.360367,0.38134
18.909,0.0377905,0.378167,0.143671
18.91,-0.14579,0.448921,0.106133
18.911,-0.503739,0.205534,-0.115972
18.912,-0.00656119,-0.482088,0.105321
18.913,0.063227,-0.12638,0.245685
18.914,-0.0157826,0.507912,0.187064
18.915,-0.136582,0.265058,0.0114664
18.916,-0.409881,-0.344675,-0.267692
18.917,0.0213093,-0.5296,0.269983
18.918,0.0580471,0.00633459,0.173031
18.919,-0.0770505,0.56331,0.197277
18.92,-0.234868,0.273936,-0.0164845
18.921,-0.440255,-0.69901,-0.249963
18.922,0.0850243,-0.243721,0.153948
18.923,0.0615499,0.198257,0.129622
18.924,-0.159866,0.678016,0.25652
18.925,-0.199602,0.0442475,-0.0994126
18.926,-0.240415,-0.914447,0.0998092
18.927,0.106626,-0.128977,0.186614
18.928,0.0296735,0.227604,0.102542
18.929,-0.23761,0.689163,0.250318
18.93,-0.287376,-0.142674,-0.184925
18.931,-0.214753,-1.03733,0.40207
18.932,0.108941,0.0510692,0.129647
18.933,-0.00550985,0.333737,0.107347
18.934,-0.32737,0.686868,0.235352
18.935,-0.136922,-0.318126,-0.109095
18.936,-0.0459222,-0.708853,0.462714
18.937,0.0972556,0.195639,0.137424
18.938,-0.037506,0.315985,0.0796973
18.939,-0.385171,0.522883,0.103881
18.94,-0.125573,-0.520901,-0.0460331
18.941,-0.00493828,-0.515196,0.459628
18.942,0.0625641,0.312807,0.133021
18.943,-0.123521,0.489131,0.137228
18.944,-0.481617,0.397796,0.00373463
18.945,-0.0385955,-0.489838,0.052517
18.946,0.058825,-0.225055,0.295355
18.947,0.0180159,0.448156,0.168507
18.948,-0.131214,0.342006,0.0511902
18.949,-0.422304,-0.111711,-0.22879
18.95,-0.00992969,-0.587675,0.219913
18.951,0.0542706,-0.0861141,0.222691
18.952,-0.0397118,0.524121,0.185345
18.953,-0.21769,0.361599,0.035207
18.954,-0.487545,-0.422601,-0.30742
18.955,0.0643614,-0.334884,0.160619
18.956,0.0649826,0.0901874,0.14607
18.957,-0.113209,0.634613,0.235995
18.958,-0.172978,0.115736,-0.0643165
18.959,-0.306728,-0.826928,-0.0733631
18.96,0.0887109,-0.257689,0.234937
18.961,0.0437767,0.173739,0.112298
18.962,-0.189275,0.678039,0.250438
18.963,-0.288876,0.017158,-0.142509
18.964,-0.28839,-1.05471,0.203242
18.965,0.107963,-0.0339585,0.131867
18.966,0.0153545,0.333761,0.121492
18.967,-0.283885,0.729115,0.274949
18.968,-0.164845,-0.224856,-0.131151
18.969,-0.112212,-0.867044,0.43927
18.97,0.108083,0.106938,0.137254
18.971,-0.018015,0.325047,0.0955301
18.972,-0.331649,0.571461,0.146982
18.973,-0.22769,-0.520002,-0.143186
18.974,-0.0627161,-0.716113,0.542244
18.975,0.0833063,0.238296,0.125692
18.976,-0.0855387,0.468811,0.137615
18.977,-0.437258,0.530308,0.101929
18.978,-0.0879116,-0.51342,-0.00455977
18.979,0.0519618,-0.331283,0.33576
18.98,0.0487932,0.378943,0.154483
18.981,-0.0991404,0.343517,0.0638711
18.982,-0.465169,0.207228,-0.107394
18.983,-0.0694909,-0.688528,0.179483
18.984,0.0436288,-0.198774,0.290945
18.985,-0.00359568,0.472796,0.170372
18.986,-0.159216,0.346354,0.0440939
18.987,-0.487193,-0.168473,-0.265977
18.988,0.0391191,-0.393722,0.137862
18.989,0.0819046,0.0522513,0.167535
18.99,-0.0707548,0.59512,0.220858
18.991,-0.1609,0.192498,-0.0296496
18.992,-0.356154,-0.652684,-0.20423
18.993,0.0723835,-0.346846,0.230595
18.994,0.0536621,0.111299,0.130033
18.995,-0.140861,0.645026,0.236279
18.996,-0.275477,0.153466,-0.0854401
18.997,-0.339294,-0.953084,-0.00987457
18.998,0.102249,-0.120315,0.139574
18.999,0.0368771,0.260887,0.116013
19,-0.230965,0.71655,0.272799
19.001,-0.183744,-0.117062,-0.130987
19.002,-0.198944,-0.991434,0.33712
19.003,0.109526,-0.00107631,0.171392
19.004,0.00475108,0.266319,0.089505
19.005,-0.299765,0.652425,0.212308
19.006,-0.189471,-0.33356,-0.145736
19.007,-0.100851,-0.839858,0.51674
19.008,0.09636,0.163333,0.121113
19.009,-0.0455496,0.398788,0.115517
19.01,-0.401892,0.631453,0.18252
19.011,-0.109817,-0.442516,-0.0593255
19.012,-0.00500033,-0.539358,0.455867
19.013,0.0715699,0.29963,0.145111
19.014,-0.0699498,0.326881,0.0680897
19.015,-0.425413,0.331592,-0.0287686
19.016,-0.0726266,-0.575133,0.0565452
19.017,0.0371277,-0.301552,0.34744
19.018,0.0264091,0.404056,0.149287
19.019,-0.157679,0.438691,0.0965489
19.02,-0.5068,0.107527,-0.166868
19.021,0.0105855,-0.441694,0.109287
19.022,0.0821835,-0.039925,0.202217
19.023,-0.0314058,0.538822,0.19871
19.024,-0.143395,0.246655,0.000494763
19.025,-0.400915,-0.434842,-0.266339
19.026,0.0339243,-0.493322,0.2761
19.027,0.0563068,0.0338695,0.158715
19.028,-0.096326,0.59704,0.214033
19.029,-0.206978,0.187517,-0.0483491
19.03,-0.402305,-0.79356,-0.18506
19.031,0.0915984,-0.206312,0.150296
19.032,0.0561863,0.237094,0.128022
19.033,-0.183094,0.699305,0.267889
19.034,-0.179218,-0.015254,-0.10749
19.035,-0.224683,-0.944203,0.170895
19.036,0.106917,-0.100379,0.192643
19.037,0.0233439,0.254099,0.102371
19.038,-0.242934,0.638181,0.210713
19.039,-0.249416,-0.213258,-0.178022
19.04,-0.182541,-0.99799,0.455835
19.041,0.105766,0.0819942,0.123755
19.042,-0.023046,0.41136,0.133045
19.043,-0.351001,0.689487,0.234443
19.044,-0.150768,-0.379634,-0.11171
19.045,-0.0168365,-0.627213,0.43464
19.046,0.0916867,0.222021,0.141259
19.047,-0.0453845,0.32057,0.0773943
19.048,-0.397778,0.485896,0.0760091
19.049,-0.1125,-0.540053,-0.0216174
19.05,0.0072558,-0.459421,0.433555
19.051,0.0544599,0.336326,0.136419
19.052,-0.134633,0.486432,0.132226
19.053,-0.489817,0.335224,-0.0376978
19.054,-0.0243974,-0.474069,0.0658001
19.055,0.0757239,-0.15356,0.252616
19.056,0.00639589,0.474974,0.177701
19.057,-0.131795,0.311148,0.0353385
19.058,-0.470502,-0.115373,-0.245394
19.059,-0.00507979,-0.594546,0.258048
19.06,0.0558935,-0.0521567,0.203302
19.061,-0.0537794,0.545369,0.193491
19.062,-0.204348,0.295462,0.00352965
19.063,-0.474273,-0.527935,-0.30026
19.064,0.072947,-0.298917,0.15709
19.065,0.0658795,0.13492,0.137312
19.066,-0.131313,0.656012,0.246547
19.067,-0.193875,0.103507,-0.0770093
19.068,-0.281416,-0.86909,-0.00951919
19.069,0.0976247,-0.204087,0.212006
19.07,0.0378839,0.183735,0.105961
19.071,-0.195308,0.637907,0.2194
19.072,-0.246949,-0.0632108,-0.14965
19.073,-0.247918,-1.04079,0.282382
19.074,0.111353,-0.00747861,0.140709
19.075,0.00485602,0.369569,0.129116
19.076,-0.30313,0.724489,0.268637
19.077,-0.150288,-0.25694,-0.122113
19.078,-0.0830197,-0.805475,0.453391
19.079,0.104975,0.140157,0.137529
19.08,-0.0250182,0.320564,0.0891829
19.081,-0.368997,0.61198,0.171701
19.082,-0.215138,-0.569984,-0.11633
19.083,-0.0445748,-0.651076,0.526867
19.084,0.077032,0.270314,0.130395
19.085,-0.0775324,0.393177,0.0983922
19.086,-0.446162,0.463821,0.0535321
19.087,-0.0560462,-0.466927,0.0136221
19.088,0.046959,-0.308247,0.338472
19.089,0.037285,0.404944,0.15777
19.09,-0.115261,0.356222,0.0642905
19.091,-0.42309,0.0289245,-0.180636
19.092,-0.0326986,-0.611802,0.178297
19.093,0.0516812,-0.14545,0.257912
19.094,-0.017262,0.495769,0.177442
19.095,-0.168833,0.328756,0.0317538
19.096,-0.48061,-0.276486,-0.287938
19.097,0.0499772,-0.365937,0.143628
19.098,0.0803111,0.0882706,0.156562
19.099,-0.0883946,0.616586,0.229951
19.1,-0.168361,0.166426,-0.0431625
19.101,-0.354971,-0.731744,-0.173555
19.102,0.0818609,-0.302222,0.222316
19.103,0.0507204,0.139185,0.122084
19.104,-0.160346,0.662392,0.244626
19.105,-0.28559,0.105826,-0.108608
19.106,-0.331586,-1.01507,0.0666706
19.107,0.105234,-0.0861678,0.136519
19.108,0.0292145,0.289739,0.117064
19.109,-0.249307,0.714512,0.268286
19.11,-0.188207,-0.163904,-0.139975
19.111,-0.128937,-0.885863,0.369823
19.112,0.108832,0.0371047,0.163819
19.113,-0.00310607,0.280289,0.0880222
19.114,-0.311795,0.618513,0.184786
19.115,-0.215672,-0.41369,-0.155828
19.116,-0.0892422,-0.803147,0.541217
19.117,0.094151,0.196296,0.127602
19.118,-0.0556307,0.406423,0.114839
19.119,-0.417912,0.602349,0.158144
19.12,-0.0956708,-0.454958,-0.0399564
19.121,0.01672,-0.462851,0.414115
19.122,0.0643358,0.333042,0.145916
19.123,-0.0779787,0.327261,0.0646382
19.124,-0.423428,0.256288,-0.0720577
19.125,-0.0898169,-0.672014,0.111714
19.126,0.0377901,-0.271521,0.333314
19.127,0.0182291,0.439542,0.163492
19.128,-0.181238,0.468884,0.108419
19.129,-0.508363,0.0331577,-0.201067
19.13,0.0199146,-0.427996,0.119135
19.131,0.0828891,-0.00948103,0.189915
19.132,-0.0434384,0.557816,0.205904
19.133,-0.148432,0.229677,-0.00897733
19.134,-0.393613,-0.506032,-0.258393
19.135,0.0449332,-0.456647,0.273032
19.136,0.0554346,0.0567248,0.148432
19.137,-0.108451,0.604849,0.216018
19.138,-0.223932,0.175944,-0.0590935
19.139,-0.408374,-0.854027,-0.158626
19.14,0.0960227,-0.18612,0.153593
19.141,0.0477748,0.211061,0.118097
19.142,-0.195482,0.701009,0.266899
19.143,-0.194965,-0.03724,-0.120229
19.144,-0.207198,-0.948742,0.220147
19.145,0.109536,-0.0667134,0.181443
19.146,0.0181085,0.258229,0.0987247
19.147,-0.269493,0.684045,0.241285
19.148,-0.267726,-0.255769,-0.191568
19.149,-0.148613,-0.940079,0.470975
19.15,0.103497,0.104482,0.121849
19.151,-0.0250517,0.378564,0.115873
19.152,-0.366179,0.676966,0.222605
19.153,-0.138934,-0.401261,-0.0977055
19.154,-0.0174764,-0.615025,0.454178
19.155,0.0869147,0.247905,0.136983
19.156,-0.0574482,0.34971,0.0851045
19.157,-0.414112,0.469231,0.0620129
19.158,-0.126605,-0.617187,0.0053702
19.159,0.0123408,-0.42288,0.418887
19.16,0.0489232,0.367584,0.147106
19.161,-0.145382,0.487216,0.129596
19.162,-0.497808,0.28012,-0.0725125
19.163,-0.0194904,-0.49664,0.0909635
19.164,0.0614691,-0.16132,0.264158
19.165,-0.00324043,0.486342,0.180437
19.166,-0.131988,0.285468,0.0227748
19.167,-0.418259,-0.255564,-0.260233
19.168,0.00635225,-0.568704,0.265646
19.169,0.0566602,-0.0273548,0.189725
19.17,-0.0646649,0.55903,0.198521
19.171,-0.20866,0.272647,-0.00928769
19.172,-0.464216,-0.602142,-0.286626
19.173,0.0785715,-0.284436,0.165145
19.174,0.060886,0.143478,0.13178
19.175,-0.143895,0.664862,0.250292
19.176,-0.198104,0.0780568,-0.0876523
19.177,-0.261212,-0.893383,0.0421275
19.178,0.103399,-0.162214,0.192883
19.179,0.034836,0.212988,0.105442
19.18,-0.220818,0.682879,0.248333
19.181,-0.276187,-0.0951621,-0.169777
19.182,-0.218037,-1.01984,0.335284
19.183,0.108037,0.0230275,0.126399
19.184,0.000474584,0.342523,0.114942
19.185,-0.316496,0.711348,0.256289
19.186,-0.167017,-0.309122,-0.13177
19.187,-0.0526982,-0.732979,0.441284
19.188,0.100259,0.157151,0.145921
19.189,-0.0314512,0.321807,0.0858475
19.19,-0.371009,0.555645,0.129538
19.191,-0.138498,-0.496035,-0.0698647
19.192,-0.019273,-0.575103,0.484402
19.193,0.0704782,0.28819,0.130318
19.194,-0.108616,0.478437,0.135419
19.195,-0.460811,0.43733,0.0332663
19.196,-0.0622922,-0.526866,0.0391688
19.197,0.0659594,-0.24001,0.293333
19.198,0.0291321,0.427245,0.164689
19.199,-0.112423,0.32256,0.0481967
19.2,-0.456593,0.0304103,-0.189133
19.201,-0.0105568,-0.550078,0.163301
19.202,0.0526266,-0.122037,0.243973
19.203,-0.0250523,0.496702,0.174591
19.204,-0.19961,0.366604,0.0430097
19.205,-0.483229,-0.337037,-0.29814
19.206,0.0534914,-0.383264,0.172823
19.207,0.0779502,0.107923,0.150751
19.208,-0.099197,0.627303,0.234503
19.209,-0.165055,0.140045,-0.0521475
19.21,-0.349679,-0.779559,-0.145839
19.211,0.0902886,-0.25085,0.191531
19.212,0.0495172,0.163367,0.11876
19.213,-0.16376,0.628722,0.219339
19.214,-0.257869,0.0417128,-0.122945
19.215,-0.308309,-1.03187,0.127846
19.216,0.108429,-0.0690092,0.142973
19.217,0.0243084,0.273018,0.108293
19.218,-0.260475,0.710633,0.263571
19.219,-0.164619,-0.186729,-0.1288
19.22,-0.106673,-0.848377,0.386053
19.221,0.110563,0.0758881,0.146185
19.222,-0.00891177,0.295765,0.0895691
19.223,-0.323831,0.610859,0.17724
19.224,-0.192423,-0.428929,-0.135967
19.225,-0.0773592,-0.766701,0.543688
19.226,0.0891991,0.212434,0.124766
19.227,-0.0688055,0.439352,0.127128
19.228,-0.431283,0.5907,0.147649
19.229,-0.0935174,-0.481779,-0.0265859
19.23,0.0202574,-0.435111,0.406636
19.231,0.0582561,0.3488,0.15042
19.232,-0.0894459,0.346614,0.0693392
19.233,-0.458824,0.283556,-0.0634774
19.234,-0.0875806,-0.697397,0.145347
19.235,0.038734,-0.244268,0.318708
19.236,0.00968087,0.437407,0.157306
19.237,-0.164626,0.397829,0.0707429
19.238,-0.499387,-0.0514732,-0.232385
19.239,0.0225512,-0.456129,0.151865
19.24,0.0833307,0.0189801,0.179228
19.241,-0.0552576,0.57501,0.212507
19.242,-0.157756,0.220387,-0.0165358
19.243,-0.393525,-0.566665,-0.250288
19.244,0.0647642,-0.374737,0.221583
19.245,0.0565846,0.0863667,0.139482
19.246,-0.123996,0.633889,0.232351
19.247,-0.280075,0.212988,-0.0595762
19.248,-0.388322,-0.912274,-0.10133
19.249,0.099474,-0.156389,0.148056
19.25,0.0446693,0.257306,0.121833
19.251,-0.21262,0.715578,0.275118
19.252,-0.188789,-0.0740849,-0.125594
19.253,-0.217665,-0.992123,0.272689
19.254,0.110812,-0.0333598,0.17347
19.255,0.0121481,0.266136,0.09579
19.256,-0.286428,0.685262,0.239708
19.257,-0.271431,-0.309811,-0.196509
19.258,-0.14488,-0.934968,0.520748
19.259,0.102443,0.133237,0.12553
19.26,-0.0300965,0.364699,0.106475
19.261,-0.374204,0.638967,0.191762
19.262,-0.111937,-0.395704,-0.0747723
19.263,0.00163122,-0.549969,0.430636
19.264,0.0806467,0.273909,0.142429
19.265,-0.0608216,0.329211,0.073538
19.266,-0.398127,0.358273,-0.00744515
19.267,-0.124663,-0.661976,0.0409181
19.268,0.0192311,-0.378837,0.396875
19.269,0.0400829,0.386619,0.149721
19.27,-0.139142,0.435786,0.100377
19.271,-0.491727,0.192638,-0.120567
19.272,-0.0133076,-0.509222,0.114137
19.273,0.0806176,-0.0850429,0.221523
19.274,-0.0152118,0.513979,0.190214
19.275,-0.142624,0.282052,0.0172545
19.276,-0.458457,-0.27911,-0.279967
19.277,0.0189206,-0.536968,0.272388
19.278,0.0567246,9.04546e-05,0.175199
19.279,-0.0792821,0.582296,0.209149
19.28,-0.207978,0.234322,-0.027571
19.281,-0.431805,-0.696049,-0.245066
19.282,0.0847473,-0.263984,0.172066
19.283,0.0629951,0.210455,0.131149
19.284,-0.162975,0.686282,0.261972
19.285,-0.183443,0.0285225,-0.0973678
19.286,-0.288096,-0.965627,0.0787693
19.287,0.104682,-0.138198,0.198312
19.288,0.0297522,0.225779,0.102284
19.289,-0.237761,0.691784,0.252323
19.29,-0.284671,-0.142825,-0.183772
19.291,-0.214208,-1.03561,0.399054
19.292,0.107548,0.0496493,0.125456
19.293,-0.0113688,0.391779,0.129708
19.294,-0.326763,0.69022,0.238091
19.295,-0.137555,-0.314683,-0.109917
19.296,-0.04983,-0.719008,0.466472
19.297,0.0975211,0.192849,0.13552
19.298,-0.041373,0.343865,0.0904515
19.299,-0.380635,0.518434,0.101408
19.3,-0.130601,-0.526047,-0.0493425
19.301,-0.00519307,-0.519796,0.459832
19.302,0.0631365,0.307921,0.131397
19.303,-0.104232,0.4266,0.106588
19.304,-0.474793,0.389602,-0.000611704
19.305,-0.0455483,-0.512745,0.0563495
19.306,0.057933,-0.230287,0.298297
19.307,0.0191268,0.44621,0.168123
19.308,-0.129981,0.342166,0.0517057
19.309,-0.420897,-0.105127,-0.226403
19.31,-0.00486953,-0.564264,0.200962
19.311,0.0592234,-0.0764071,0.218275
19.312,-0.0403031,0.538039,0.193859
19.313,-0.230259,0.38797,0.0470086
19.314,-0.470757,-0.437417,-0.300379
19.315,0.0633145,-0.347664,0.170207
19.316,0.0735186,0.127995,0.144162
19.317,-0.112064,0.633554,0.235546
19.318,-0.173126,0.118333,-0.0634322
19.319,-0.311068,-0.824777,-0.0796793
19.32,0.0869477,-0.265604,0.240689
19.321,0.0422539,0.161505,0.110734
19.322,-0.182623,0.650534,0.231225
19.323,-0.243921,-0.0119063,-0.134541
19.324,-0.281596,-1.04402,0.200836
19.325,0.110613,-0.0428204,0.144781
19.326,0.01506,0.348264,0.126835
19.327,-0.280162,0.720169,0.268284
19.328,-0.180861,-0.230179,-0.141217
19.329,-0.0916355,-0.822723,0.413709
19.33,0.10685,0.0942457,0.152692
19.331,-0.0170137,0.32045,0.0941936
19.332,-0.340126,0.602115,0.168299
19.333,-0.163923,-0.438203,-0.110831
19.334,-0.0487186,-0.688,0.513483
19.335,0.0829568,0.235309,0.124098
19.336,-0.0773291,0.4352,0.121425
19.337,-0.439664,0.534627,0.104761
19.338,-0.0863041,-0.509426,-0.00456547
19.339,0.0511326,-0.333352,0.33756
19.34,0.0489759,0.377034,0.15482
19.341,-0.0915207,0.320302,0.0554285
19.342,-0.445457,0.167218,-0.123921
19.343,-0.0325454,-0.555812,0.115308
19.344,0.051529,-0.18473,0.280286
19.345,-0.00253532,0.465051,0.166428
19.346,-0.194971,0.432444,0.0825157
19.347,-0.485168,-0.158607,-0.262624
19.348,0.0385924,-0.388244,0.131774
19.349,0.073573,0.0213526,0.175376
19.35,-0.0691791,0.591069,0.218378
19.351,-0.167121,0.205389,-0.026502
19.352,-0.416156,-0.628347,-0.25242
19.353,0.0636119,-0.384342,0.266527
19.354,0.0517905,0.101682,0.130222
19.355,-0.136457,0.624685,0.222743
19.356,-0.248049,0.124459,-0.0886821
19.357,-0.348969,-0.958343,-0.0175951
19.358,0.104258,-0.135407,0.157036
19.359,0.0380651,0.293947,0.12506
19.36,-0.229016,0.714984,0.271937
19.361,-0.189699,-0.113201,-0.133414
19.362,-0.173872,-0.947494,0.325547
19.363,0.112671,0.0142989,0.148222
19.364,0.00448221,0.295731,0.0995406
19.365,-0.285952,0.615222,0.186394
19.366,-0.223202,-0.353588,-0.166937
19.367,-0.109963,-0.859603,0.526391
19.368,0.100174,0.164142,0.129423
19.369,-0.0545387,0.45138,0.139704
19.37,-0.403589,0.643831,0.191998
19.371,-0.108126,-0.435201,-0.0599671
19.372,0.00151719,-0.52637,0.441593
19.373,0.0730678,0.304428,0.143782
19.374,-0.0748809,0.350751,0.0776003
19.375,-0.442051,0.382576,6.32578e-05
19.376,-0.120529,-0.705848,0.0870419
19.377,0.0252166,-0.327776,0.370388
19.378,0.0277103,0.410124,0.153335
19.379,-0.135144,0.382551,0.0714657
19.38,-0.48622,0.079237,-0.175409
19.381,0.0103684,-0.439603,0.107185
19.382,0.0782562,-0.0523792,0.207878
19.383,-0.0305406,0.538094,0.198545
19.384,-0.141578,0.244928,0.00039639
19.385,-0.429768,-0.407886,-0.280396
19.386,0.0519536,-0.405885,0.196494
19.387,0.062937,0.0528974,0.15652
19.388,-0.09327,0.580045,0.203427
19.389,-0.247505,0.244811,-0.0347055
19.39,-0.426946,-0.788924,-0.207283
19.391,0.0919993,-0.218065,0.161468
19.392,0.0520088,0.193177,0.121072
19.393,-0.180778,0.692632,0.263279
19.394,-0.196687,-0.00382944,-0.112361
19.395,-0.219267,-0.936067,0.170752
19.396,0.105832,-0.104556,0.196755
19.397,0.0223602,0.22872,0.0953954
19.398,-0.252721,0.670862,0.23375
19.399,-0.208903,-0.208293,-0.155974
19.4,-0.165053,-0.965908,0.444028
19.401,0.105179,0.0844117,0.122647
19.402,-0.0185566,0.371365,0.11607
19.403,-0.353383,0.686608,0.231839
19.404,-0.150502,-0.386282,-0.110346
19.405,-0.0127624,-0.614956,0.430227
19.406,0.090929,0.230133,0.138578
19.407,-0.0494204,0.333423,0.0812656
19.408,-0.398496,0.47493,0.068341
19.409,-0.110041,-0.542665,-0.0172239
19.41,0.00907056,-0.450154,0.429173
19.411,0.0530594,0.341013,0.137425
19.412,-0.137822,0.490017,0.133513
19.413,-0.491962,0.323453,-0.0453495
19.414,-0.0236197,-0.481258,0.0720279
19.415,0.0702916,-0.161299,0.259565
19.416,0.00476237,0.478005,0.178791
19.417,-0.132722,0.309173,0.0340255
19.418,-0.470348,-0.127124,-0.248884
19.419,-0.00274503,-0.589102,0.258736
19.42,0.0565017,-0.0468568,0.20055
19.421,-0.0543255,0.538824,0.189135
19.422,-0.241896,0.359652,0.0277116
19.423,-0.458954,-0.54857,-0.29049
19.424,0.0727261,-0.317884,0.176075
19.425,0.0703687,0.167548,0.137218
19.426,-0.134505,0.661686,0.250083
19.427,-0.171225,0.0763918,-0.0771964
19.428,-0.300102,-0.889966,-0.0158531
19.429,0.101461,-0.17952,0.186751
19.43,0.0369157,0.183025,0.104823
19.431,-0.20566,0.668539,0.24017
19.432,-0.220464,-0.0792525,-0.141683
19.433,-0.234982,-1.02601,0.290639
19.434,0.108461,0.00259653,0.128634
19.435,0.00466372,0.35591,0.123215
19.436,-0.305029,0.722457,0.266748
19.437,-0.149199,-0.260798,-0.121317
19.438,-0.0843039,-0.808051,0.460472
19.439,0.10421,0.144253,0.135125
19.44,-0.0281971,0.336054,0.0942003
19.441,-0.348909,0.540158,0.121743
19.442,-0.211402,-0.574193,-0.111302
19.443,-0.042357,-0.642916,0.524219
19.444,0.076049,0.273343,0.130451
19.445,-0.0798318,0.39753,0.0997776
19.446,-0.44654,0.455726,0.0479045
19.447,-0.0547512,-0.468513,0.0162068
19.448,0.0510337,-0.294937,0.329113
19.449,0.0360978,0.408239,0.158702
19.45,-0.116206,0.355384,0.0635078
19.451,-0.422951,0.02024,-0.18402
19.452,-0.029982,-0.605966,0.178426
19.453,0.0533765,-0.138198,0.253523
19.454,-0.0193384,0.507213,0.18345
19.455,-0.218441,0.430405,0.0752762
19.456,-0.500728,-0.267074,-0.293539
19.457,0.0506877,-0.373808,0.153058
19.458,0.0689252,0.0513078,0.161423
19.459,-0.0883713,0.608424,0.224693
19.46,-0.16573,0.15811,-0.0454468
19.461,-0.331516,-0.738943,-0.149815
19.462,0.0850647,-0.284309,0.210159
19.463,0.0491054,0.13909,0.120302
19.464,-0.160623,0.650378,0.235729
19.465,-0.224098,0.0418922,-0.110038
19.466,-0.307727,-1.00206,0.0899534
19.467,0.105693,-0.0802947,0.136131
19.468,0.0277519,0.299025,0.118674
19.469,-0.254686,0.722096,0.273492
19.47,-0.176178,-0.167975,-0.133754
19.471,-0.16569,-0.958095,0.401879
19.472,0.108655,0.0429443,0.162695
19.473,-0.00432826,0.282221,0.0877905
19.474,-0.313937,0.614174,0.181211
19.475,-0.220404,-0.427051,-0.157282
19.476,-0.0928183,-0.808502,0.552314
19.477,0.0926688,0.200374,0.126283
19.478,-0.0516918,0.379707,0.102833
19.479,-0.413343,0.576887,0.139437
19.48,-0.0905387,-0.451769,-0.0354785
19.481,0.0336508,-0.416856,0.377749
19.482,0.0623242,0.330385,0.14799
19.483,-0.0794137,0.324847,0.0628319
19.484,-0.440076,0.273285,-0.0658284
19.485,-0.0550541,-0.572702,0.0853874
19.486,0.0454029,-0.245527,0.315077
19.487,0.0138793,0.430323,0.155774
19.488,-0.17478,0.438366,0.0915168
19.489,-0.506543,0.00174441,-0.213742
19.49,0.023596,-0.418032,0.119575
19.491,0.0754288,-0.0211066,0.19389
19.492,-0.0472276,0.558812,0.204639
19.493,-0.167003,0.253083,-0.00506487
19.494,-0.391599,-0.533223,-0.25412
19.495,0.0510957,-0.4341,0.263603
19.496,0.0603474,0.0834711,0.143956
19.497,-0.110716,0.594633,0.208389
19.498,-0.241649,0.183086,-0.061768
19.499,-0.382698,-0.877153,-0.119806
19.5,0.0983165,-0.183162,0.162344
19.501,0.048177,0.257821,0.124771
19.502,-0.198876,0.692851,0.260036
19.503,-0.172649,-0.0612536,-0.114985
19.504,-0.198002,-0.94916,0.246218
19.505,0.110854,-0.0475844,0.174526
19.506,0.0151159,0.246118,0.0926158
19.507,-0.272067,0.66246,0.224222
19.508,-0.200091,-0.262344,-0.153975
19.509,-0.139062,-0.923167,0.488849
19.51,0.102985,0.118928,0.123465
19.511,-0.0361087,0.426392,0.134364
19.512,-0.369975,0.661073,0.209572
19.513,-0.13568,-0.415203,-0.0916819
19.514,-0.00616399,-0.580103,0.438586
19.515,0.0843761,0.257788,0.141737
19.516,-0.0555352,0.325239,0.0742686
19.517,-0.406717,0.419041,0.0295604
19.518,-0.103184,-0.578056,0.0123331
19.519,0.0126174,-0.410066,0.415312
19.52,0.0447676,0.367804,0.143693
19.521,-0.125692,0.416588,0.0935869
19.522,-0.498017,0.255597,-0.0868562
19.523,-0.0106093,-0.463367,0.0830541
19.524,0.077492,-0.113006,0.234719
19.525,-0.00609578,0.491021,0.181757
19.526,-0.131024,0.27582,0.0185691
19.527,-0.420397,-0.274417,-0.264088
19.528,0.0100469,-0.559703,0.267634
19.529,0.0568021,-0.0193657,0.185464
19.53,-0.0683924,0.563672,0.200307
19.531,-0.20882,0.262727,-0.0142295
19.532,-0.459502,-0.626814,-0.279629
19.533,0.0803826,-0.270536,0.159167
19.534,0.0599115,0.148571,0.130293
19.535,-0.147504,0.666499,0.25069
19.536,-0.193005,0.0642471,-0.0902451
19.537,-0.278279,-0.919937,0.0435752
19.538,0.104873,-0.149928,0.184149
19.539,0.0329396,0.203058,0.10215
19.54,-0.21195,0.640056,0.217748
19.541,-0.246476,-0.114754,-0.16108
19.542,-0.220288,-1.02882,0.350175
19.543,0.110919,0.0253609,0.136236
19.544,-0.00349709,0.37312,0.125645
19.545,-0.316569,0.705818,0.251862
19.546,-0.167879,-0.314658,-0.132033
19.547,-0.0467577,-0.718286,0.435374
19.548,0.101085,0.170331,0.13967
19.549,-0.0341542,0.331556,0.0886988
19.55,-0.385612,0.584548,0.148801
19.551,-0.197197,-0.608766,-0.082721
19.552,-0.0276889,-0.586429,0.503454
19.553,0.0690454,0.294425,0.131472
19.554,-0.105635,0.459453,0.125093
19.555,-0.470509,0.444558,0.0367993
19.556,-0.044974,-0.469861,0.0307847
19.557,0.0523672,-0.266978,0.318129
19.558,0.0274786,0.429225,0.164174
19.559,-0.116071,0.328825,0.0499481
19.56,-0.472629,0.0489932,-0.185464
19.561,-0.0334633,-0.644459,0.226787
19.562,0.0537407,-0.113795,0.239131
19.563,-0.0277421,0.504458,0.178118
19.564,-0.225284,0.415268,0.0644253
19.565,-0.496057,-0.336445,-0.303147
19.566,0.0566139,-0.363139,0.161976
19.567,0.0682824,0.0735315,0.153511
19.568,-0.100219,0.624267,0.23219
19.569,-0.189514,0.167036,-0.0508191
19.57,-0.317906,-0.781597,-0.114222
19.571,0.0895323,-0.260541,0.209784
19.572,0.0473793,0.160623,0.116577
19.573,-0.175854,0.669565,0.246722
19.574,-0.290992,0.061457,-0.127579
19.575,-0.310175,-1.0449,0.142641
19.576,0.108385,-0.0590728,0.139481
19.577,0.0223486,0.290418,0.111805
19.578,-0.270336,0.728911,0.276678
19.579,-0.166534,-0.196142,-0.13064
19.58,-0.113176,-0.864118,0.403317
19.581,0.108684,0.0717257,0.15532
19.582,-0.0119357,0.321567,0.0979921
19.583,-0.318623,0.583239,0.157612
19.584,-0.217405,-0.466222,-0.147966
19.585,-0.0759804,-0.760702,0.546165
19.586,0.0873076,0.214577,0.122678
19.587,-0.0655306,0.415437,0.115342
19.588,-0.429032,0.564979,0.128536
19.589,-0.0961736,-0.499852,-0.0215619
19.59,0.0446927,-0.370364,0.353576
19.591,0.0559862,0.358261,0.151468
19.592,-0.0895036,0.336834,0.0644106
19.593,-0.444013,0.226409,-0.092704
19.594,-0.0445344,-0.566951,0.100686
19.595,0.0492905,-0.214667,0.297198
19.596,0.00621106,0.444411,0.159299
19.597,-0.174618,0.411015,0.0754141
19.598,-0.498942,-0.078784,-0.241948
19.599,0.0259319,-0.449409,0.154612
19.6,0.0831557,0.0286442,0.175764
19.601,-0.0595397,0.580789,0.214834
19.602,-0.159178,0.213528,-0.0200521
19.603,-0.387064,-0.59119,-0.241635
19.604,0.0656439,-0.374358,0.231041
19.605,0.0565124,0.0956947,0.136789
19.606,-0.128931,0.63897,0.234765
19.607,-0.280017,0.197535,-0.0668892
19.608,-0.382762,-0.929827,-0.0821846
19.609,0.10124,-0.151703,0.152781
19.61,0.0406519,0.226426,0.113099
19.611,-0.214225,0.701429,0.263879
19.612,-0.172885,-0.0902175,-0.12075
19.613,-0.165884,-0.917862,0.285213
19.614,0.112128,-0.0151916,0.16485
19.615,0.00947619,0.268643,0.0942835
19.616,-0.289586,0.669911,0.227292
19.617,-0.224783,-0.316872,-0.169305
19.618,-0.12397,-0.892229,0.513358
19.619,0.102473,0.143956,0.128656
19.62,-0.0434704,0.426678,0.131096
19.621,-0.38238,0.640138,0.191652
19.622,-0.119677,-0.42371,-0.0747292
19.623,-0.0176014,-0.589452,0.473761
19.624,0.0778451,0.276529,0.143663
19.625,-0.0641764,0.332618,0.0735632
19.626,-0.399395,0.338782,-0.0195343
19.627,-0.106495,-0.632453,0.0459744
19.628,0.0247862,-0.355203,0.381828
19.629,0.0365117,0.398989,0.153616
19.63,-0.160597,0.48127,0.121648
19.631,-0.504032,0.180514,-0.129458
19.632,2.7309e-05,-0.458467,0.100165
19.633,0.0808936,-0.0724062,0.21609
19.634,-0.0195623,0.519578,0.191928
19.635,-0.139361,0.26531,0.0105495
19.636,-0.402167,-0.364823,-0.265503
19.637,0.0370881,-0.466505,0.222824
19.638,0.0609868,0.0213133,0.168101
19.639,-0.0846788,0.595236,0.216231
19.64,-0.26311,0.309995,-0.00536252
19.641,-0.441245,-0.721851,-0.243543
19.642,0.0870458,-0.236349,0.155774
19.643,0.0575508,0.18671,0.126097
19.644,-0.166255,0.682129,0.258124
19.645,-0.200496,0.0301262,-0.10417
19.646,-0.23318,-0.922645,0.123471
19.647,0.106441,-0.122238,0.192035
19.648,0.0269775,0.218055,0.0980317
19.649,-0.232678,0.649756,0.221162
19.65,-0.283704,-0.160826,-0.186761
19.651,-0.206627,-1.02862,0.416562
19.652,0.107396,0.0587625,0.125612
19.653,-0.0154372,0.404943,0.133825
19.654,-0.341314,0.710276,0.252332
19.655,-0.141031,-0.333557,-0.110571
19.656,-0.0403664,-0.69363,0.458646
19.657,0.0963113,0.200279,0.139617
19.658,-0.0433131,0.341336,0.0882187
19.659,-0.39596,0.539271,0.114067
19.66,-0.168378,-0.61814,-0.0465193
19.661,-0.00556889,-0.51208,0.461169
19.662,0.0628308,0.323925,0.138504
19.663,-0.110164,0.438744,0.111478
19.664,-0.472291,0.365803,-0.0155837
19.665,-0.0448262,-0.521801,0.0638832
19.666,0.0704974,-0.192021,0.271899
19.667,0.016718,0.448578,0.170123
19.668,-0.1269,0.326465,0.0447746
19.669,-0.459273,-0.0607189,-0.22425
19.67,0.00016773,-0.54849,0.19543
19.671,0.0584838,-0.0730217,0.216177
19.672,-0.0426871,0.543644,0.196511
19.673,-0.234674,0.388971,0.0464745
19.674,-0.482116,-0.445184,-0.305786
19.675,0.066298,-0.312037,0.146224
19.676,0.068238,0.111827,0.143419
19.677,-0.117919,0.645006,0.241895
19.678,-0.180854,0.119477,-0.0660795
19.679,-0.35903,-0.85657,-0.109322
19.68,0.0893708,-0.251757,0.235519
19.681,0.0412897,0.167389,0.109503
19.682,-0.184415,0.642416,0.224897
19.683,-0.291903,0.00980988,-0.146044
19.684,-0.284677,-1.05886,0.218992
19.685,0.109383,-0.0291978,0.135973
19.686,0.0150005,0.310187,0.112673
19.687,-0.288133,0.728782,0.274092
19.688,-0.163445,-0.233421,-0.130546
19.689,-0.106766,-0.856441,0.444372
19.69,0.10743,0.114056,0.136692
19.691,-0.0198114,0.326318,0.0949474
19.692,-0.337035,0.57218,0.146671
19.693,-0.224227,-0.529407,-0.137665
19.694,-0.0580003,-0.701321,0.537821
19.695,0.0815064,0.241452,0.124499
19.696,-0.0790606,0.432773,0.119391
19.697,-0.440659,0.518209,0.0927054
19.698,-0.0840531,-0.515441,0.00154155
19.699,0.0543419,-0.317797,0.329468
19.7,0.0461575,0.385804,0.155515
19.701,-0.0977032,0.330389,0.0578555
19.702,-0.439216,0.132727,-0.139371
19.703,-0.0371248,-0.587235,0.136837
19.704,0.0445439,-0.191273,0.28628
19.705,-0.00565803,0.475658,0.171016
19.706,-0.161935,0.346535,0.0433222
19.707,-0.482894,-0.188926,-0.269904
19.708,0.0416091,-0.381988,0.134388
19.709,0.0750543,0.0366261,0.170175
19.71,-0.0731157,0.592839,0.218251
19.711,-0.177468,0.210685,-0.0279438
19.712,-0.364411,-0.670714,-0.204569
19.713,0.0689488,-0.362327,0.254722
19.714,0.0555196,0.126778,0.129005
19.715,-0.138043,0.615172,0.215639
19.716,-0.257974,0.121235,-0.0933227
19.717,-0.356794,-0.979652,-0.00761187
19.718,0.103064,-0.11452,0.139942
19.719,0.0360387,0.287981,0.121927
19.72,-0.233396,0.716878,0.272714
19.721,-0.185426,-0.122661,-0.132761
19.722,-0.189056,-0.978393,0.343655
19.723,0.110517,0.00691236,0.167216
19.724,0.00288089,0.298922,0.0994951
19.725,-0.289761,0.61399,0.184862
19.726,-0.232662,-0.370502,-0.171987
19.727,-0.117534,-0.873831,0.544853
19.728,0.0983235,0.168704,0.126545
19.729,-0.0421723,0.378855,0.10706
19.73,-0.395234,0.612189,0.168474
19.731,-0.100983,-0.424736,-0.0560108
19.732,0.024847,-0.467217,0.392157
19.733,0.0717656,0.307952,0.14498
19.734,-0.0727948,0.337278,0.071846
19.735,-0.420119,0.319823,-0.0348384
19.736,-0.0890711,-0.626053,0.0696022
19.737,0.0329802,-0.310015,0.355105
19.738,0.0274573,0.417686,0.157288
19.739,-0.166582,0.464929,0.109896
19.74,-0.486685,0.07688,-0.176589
19.741,0.0109132,-0.437687,0.106865
19.742,0.0751003,-0.0597563,0.211368
19.743,-0.0311235,0.535972,0.196364
19.744,-0.162757,0.284716,0.0114978
19.745,-0.394538,-0.444892,-0.262789
19.746,0.0427921,-0.459023,0.248042
19.747,0.0563649,0.0351822,0.158189
19.748,-0.0962697,0.59412,0.21206
19.749,-0.216302,0.198946,-0.0464654
19.75,-0.415853,-0.793102,-0.196484
19.751,0.0920019,-0.219049,0.162375
19.752,0.0526372,0.198573,0.121856
19.753,-0.182784,0.699846,0.268339
19.754,-0.189679,-0.00948061,-0.110766
19.755,-0.263565,-0.992301,0.159066
19.756,0.106286,-0.101424,0.195075
19.757,0.022348,0.234763,0.096735
19.758,-0.244015,0.640658,0.21237
19.759,-0.268473,-0.212524,-0.187508
19.76,-0.16609,-0.96732,0.441825
19.761,0.105306,0.083048,0.122772
19.762,-0.0185679,0.374462,0.117517
19.763,-0.350902,0.682592,0.228943
19.764,-0.149771,-0.383565,-0.110228
19.765,-0.0147932,-0.620566,0.433295
19.766,0.091096,0.226048,0.140977
19.767,-0.0466062,0.322055,0.0774223
19.768,-0.392708,0.463804,0.0616748
19.769,-0.127205,-0.581481,-0.0173901
19.77,-0.00019333,-0.471673,0.448538
19.771,0.0540877,0.338356,0.137052
19.772,-0.136263,0.4898,0.133833
19.773,-0.491255,0.332325,-0.0397379
19.774,-0.0262843,-0.48807,0.0720795
19.775,0.0613274,-0.18662,0.276505
19.776,0.0057823,0.476161,0.178052
19.777,-0.132191,0.31051,0.0348793
19.778,-0.470363,-0.119978,-0.24675
19.779,-0.00429919,-0.592858,0.25859
19.78,0.055975,-0.0504579,0.202362
19.781,-0.0544269,0.545873,0.193581
19.782,-0.207241,0.298702,0.00431991
19.783,-0.468633,-0.537154,-0.296661
19.784,0.0731936,-0.290733,0.150712
19.785,0.0710242,0.165337,0.137846
19.786,-0.133209,0.662233,0.25075
19.787,-0.179683,0.086977,-0.0771635
19.788,-0.320929,-0.896461,-0.0367416
19.789,0.100952,-0.183727,0.188291
19.79,0.03733,0.181248,0.105208
19.791,-0.204556,0.669889,0.241393
19.792,-0.225358,-0.0737444,-0.142678
19.793,-0.245448,-1.03801,0.283983
19.794,0.110787,-0.00524467,0.137756
19.795,0.00808392,0.324928,0.113085
19.796,-0.303357,0.724613,0.268696
19.797,-0.150565,-0.257626,-0.122291
19.798,-0.0789186,-0.796328,0.447867
19.799,0.105058,0.138,0.142278
19.8,-0.0260517,0.327127,0.0914573
19.801,-0.366304,0.601083,0.163826
19.802,-0.19745,-0.548773,-0.107783
19.803,-0.0372672,-0.637047,0.511405
19.804,0.0788396,0.272535,0.133952
19.805,-0.0993453,0.478121,0.13831
19.806,-0.457251,0.494447,0.0734668
19.807,-0.0585295,-0.471184,0.0124232
19.808,0.0581582,-0.285538,0.316622
19.809,0.0388476,0.398744,0.158822
19.81,-0.111243,0.349422,0.0622451
19.811,-0.435032,0.0650695,-0.168945
19.812,-0.0432735,-0.6403,0.186548
19.813,0.0511704,-0.155169,0.263671
19.814,-0.0141047,0.494773,0.178297
19.815,-0.183856,0.370475,0.0496841
19.816,-0.491694,-0.23901,-0.284598
19.817,0.0437347,-0.409787,0.167928
19.818,0.0805649,0.0799651,0.15885
19.819,-0.0844468,0.612324,0.228266
19.82,-0.173935,0.182598,-0.0386619
19.821,-0.401346,-0.709701,-0.218881
19.822,0.0737596,-0.338742,0.255268
19.823,0.0494363,0.125834,0.122563
19.824,-0.148591,0.620046,0.216579
19.825,-0.241239,0.0713815,-0.106459
19.826,-0.331555,-1.00486,0.0548603
19.827,0.106659,-0.0991509,0.147689
19.828,0.0305343,0.262132,0.110811
19.829,-0.243342,0.708018,0.264165
19.83,-0.165627,-0.151431,-0.125949
19.831,-0.145478,-0.915326,0.370922
19.832,0.11204,0.0459205,0.148404
19.833,-0.00135222,0.276501,0.0880246
19.834,-0.314221,0.640944,0.201399
19.835,-0.1813,-0.370065,-0.136562
19.836,-0.0828047,-0.79218,0.523298
19.837,0.0924326,0.187488,0.121574
19.838,-0.0546241,0.406406,0.115282
19.839,-0.415528,0.604316,0.159938
19.84,-0.101183,-0.463762,-0.0426585
19.841,0.00657771,-0.488996,0.435488
19.842,0.0645489,0.323741,0.14729
19.843,-0.0772979,0.32602,0.0643384
19.844,-0.432601,0.278865,-0.0611723
19.845,-0.05925,-0.573493,0.0783429
19.846,0.0435467,-0.258916,0.322845
19.847,0.0170272,0.424044,0.154186
19.848,-0.17154,0.441327,0.0941905
19.849,-0.50642,0.028085,-0.202761
19.85,0.0204911,-0.423229,0.116604
19.851,0.0753019,-0.0309272,0.198235
19.852,-0.0431278,0.552994,0.202424
19.853,-0.165257,0.259617,-0.00139563
19.854,-0.394101,-0.509987,-0.258277
19.855,0.0465034,-0.450898,0.269466
19.856,0.0575565,0.0648427,0.147461
19.857,-0.110414,0.616014,0.223243
19.858,-0.234151,0.188303,-0.0570392
19.859,-0.394135,-0.855366,-0.144638
19.86,0.0967025,-0.197848,0.167058
19.861,0.050633,0.257062,0.126572
19.862,-0.198642,0.707556,0.271352
19.863,-0.174482,-0.0485628,-0.113161
19.864,-0.194144,-0.931747,0.225152
19.865,0.10984,-0.0618956,0.179935
19.866,0.0173156,0.256277,0.0974617
19.867,-0.273324,0.690585,0.245809
19.868,-0.273419,-0.263882,-0.195172
19.869,-0.160921,-0.964729,0.492693
19.87,0.103282,0.107774,0.121954
19.871,-0.0279826,0.392727,0.12122
19.872,-0.366638,0.671624,0.218305
19.873,-0.14384,-0.414077,-0.0991286
19.874,-0.00179254,-0.5747,0.424558
19.875,0.0859002,0.251016,0.141479
19.876,-0.053611,0.324731,0.0750061
19.877,-0.403547,0.428623,0.0363817
19.878,-0.109095,-0.581631,0.00642949
19.879,0.00683991,-0.42956,0.428915
19.88,0.046633,0.363216,0.142888
19.881,-0.122293,0.413414,0.0929187
19.882,-0.498399,0.27445,-0.0759582
19.883,-0.0186653,-0.496805,0.0926958
19.884,0.0624758,-0.156362,0.261269
19.885,-0.00441112,0.490512,0.182071
19.886,-0.146408,0.317566,0.033409
19.887,-0.410735,-0.272614,-0.259845
19.888,0.024375,-0.498093,0.214383
19.889,0.060472,-0.0130196,0.184335
19.89,-0.0686243,0.577793,0.20956
19.891,-0.251345,0.33939,0.0138616
19.892,-0.456415,-0.623097,-0.27848
19.893,0.079537,-0.261766,0.148611
19.894,0.0633985,0.166696,0.131832
19.895,-0.147178,0.667702,0.251454
19.896,-0.198801,0.0714095,-0.0901963
19.897,-0.257771,-0.899566,0.0538859
19.898,0.10335,-0.159816,0.196915
19.899,0.0329912,0.204255,0.102353
19.9,-0.213234,0.644605,0.220869
19.901,-0.282719,-0.0992674,-0.17348
19.902,-0.221957,-1.02995,0.346454
19.903,0.110987,0.0234171,0.136564
19.904,-0.0031843,0.374659,0.126518
19.905,-0.313124,0.699096,0.246948
19.906,-0.145561,-0.290875,-0.11765
19.907,-0.0500744,-0.726504,0.438789
19.908,0.100718,0.162766,0.144098
19.909,-0.0333286,0.332969,0.0898186
19.91,-0.381223,0.581587,0.147187
19.911,-0.197842,-0.600587,-0.0871451
19.912,-0.0271456,-0.590275,0.501088
19.913,0.0705109,0.289157,0.130773
19.914,-0.104368,0.462797,0.127495
19.915,-0.463247,0.443983,0.0374425
19.916,-0.0613725,-0.522575,0.0378119
19.917,0.0645443,-0.244568,0.296495
19.918,0.0299271,0.423088,0.164283
19.919,-0.111046,0.322001,0.048447
19.92,-0.450098,0.0276206,-0.188545
19.921,-0.00742817,-0.529751,0.148459
19.922,0.0583414,-0.112283,0.238476
19.923,-0.02485,0.501588,0.177607
19.924,-0.214445,0.402054,0.0593345
19.925,-0.473443,-0.334894,-0.293932
19.926,0.0555902,-0.345481,0.142161
19.927,0.071275,0.0761282,0.15479
19.928,-0.0973017,0.624072,0.232546
19.929,-0.174938,0.156146,-0.04977
19.93,-0.381213,-0.771984,-0.177484
19.931,0.079914,-0.306776,0.249584
19.932,0.0461026,0.140101,0.116737
19.933,-0.167925,0.652623,0.235809
19.934,-0.220011,0.0189955,-0.11563
19.935,-0.295006,-1.0135,0.127389
19.936,0.106529,-0.0652828,0.134412
19.937,0.0241231,0.300417,0.116319
19.938,-0.261649,0.71537,0.267097
19.939,-0.184329,-0.192154,-0.140734
19.94,-0.117552,-0.8711,0.396191
19.941,0.108866,0.0635233,0.157122
19.942,-0.00993462,0.316248,0.0971178
19.943,-0.314268,0.585353,0.159848
19.944,-0.203394,-0.44002,-0.142373
19.945,-0.0712004,-0.753682,0.532511
19.946,0.0909925,0.217111,0.129714
19.947,-0.0753894,0.465727,0.139563
19.948,-0.430968,0.583398,0.142145
19.949,-0.0807673,-0.447863,-0.0259039
19.95,0.0310464,-0.407926,0.383482
19.951,0.0575889,0.351552,0.147521
19.952,-0.0959786,0.366093,0.0767219
19.953,-0.418332,0.183085,-0.109764
19.954,-0.072694,-0.659355,0.13459
19.955,0.038951,-0.240851,0.316738
19.956,0.00858315,0.440695,0.158517
19.957,-0.181572,0.4368,0.0887176
19.958,-0.500266,-0.0520016,-0.232818
19.959,0.0233619,-0.451683,0.149565
19.96,0.0820448,0.0149212,0.180488
19.961,-0.0533732,0.566745,0.208295
19.962,-0.167859,0.240031,-0.0113924
19.963,-0.404134,-0.558923,-0.257986
19.964,0.0683533,-0.348473,0.195417
19.965,0.0589063,0.094575,0.139451
19.966,-0.118803,0.604971,0.213351
19.967,-0.2792,0.213027,-0.0593074
19.968,-0.390383,-0.91048,-0.104788
19.969,0.100088,-0.162926,0.155154
19.97,0.0426971,0.22409,0.114716
19.971,-0.207844,0.697423,0.261915
19.972,-0.170431,-0.0790401,-0.117414
19.973,-0.206573,-0.977567,0.276994
19.974,0.112732,-0.0173629,0.15521
19.975,0.0115691,0.264326,0.0947261
19.976,-0.283939,0.67089,0.228891
19.977,-0.221326,-0.298673,-0.167317
19.978,-0.135856,-0.916989,0.512205
19.979,0.103683,0.13429,0.129059
19.98,-0.0406209,0.42686,0.132504
19.981,-0.374095,0.63946,0.192159
19.982,-0.111815,-0.394841,-0.0748694
19.983,-0.00101966,-0.556503,0.436129
19.984,0.0807384,0.275486,0.140475
19.985,-0.061415,0.331415,0.0743067
19.986,-0.395911,0.352877,-0.0103303
19.987,-0.103323,-0.608825,0.0330392
19.988,0.0199659,-0.374783,0.394588
19.989,0.0393266,0.388469,0.150112
19.99,-0.139995,0.43541,0.0998936
19.991,-0.492104,0.186655,-0.12382
19.992,-0.0123171,-0.508238,0.115425
19.993,0.080775,-0.0821148,0.220232
19.994,-0.0162126,0.515666,0.190784
19.995,-0.142971,0.280402,0.0163403
19.996,-0.456756,-0.287703,-0.280686
19.997,0.0208761,-0.530723,0.2696
19.998,0.0582275,0.00567342,0.173488
19.999,-0.0767372,0.564483,0.198145
